Referencia interna;Nombre
020048;(WP-HT-LANTEST) Wireplus - Lan Tester RJ45 RJ11
080099;Conector 12V Hembra 2.1mm [1 Unidad]
080097;Conector 12V Macho 2.1mm [1 Unidad]
020760;[AB355NXT21] Nexxt - Cable UTP CAT5e (Categoria 5e) 100% Cobre 24AWG CM Interior (Gris) [100m/328ft]
020279;[AC12G] Mercusys - Router Inalambrico WiFi Doble Banda Gigabit AC1300 4 Antenas 5dBi
020169;[AC12] Mercusys - Router Inalambrico WiFi Doble Banda AC1200 4 Antenas 5dBi
020415;[AC8] Tenda - Router Inalambrico WiFi Doble Banda Gigabit AC1200 MU-MIMO 4 Antenas 6dBi
020080;[ACC-CON-RJ45CAT5-100] Wireplus - Conector RJ45 CAT5e (Categoria 5e) [100 Unidades]
020005;[ACC-CON-RJ45CAT6-100] Wireplus - Conector RJ45 CAT6 (Categoria 6) [100 Unidades]
020104;[ACC-CON-RJ45CAT6-B-100] Wireplus - Conector RJ45 CAT6 (Categoria 6) Blindado [100 Unidades]
080012;[ACC-TDY-1AMP] Wireplus - Transformador 12V 1Amp
080051;[ACC-TDY-2AMP] Wireplus - Transformador 12V 2Amp
080009;[ACC-TDY-5AMP] Wireplus - Transformador 12V 5Amp
010002;[ACC-VB-02T] Wireplus - Video Balun Pasivo Bornera 400 Metros
021373;[AX12-ARCHER] TP-Link - Router Inalambrico WiFi Doble Banda AX1500 WiFi6 4 Antenas
020530;[C64-ARCHER] TP-Link - Router Inalambrico WiFi Doble Banda AC1200 MU-MIMO 4 Antenas
020304;[C80-ARCHER] TP-Link - Router Inalambrico WiFi Doble Banda AC1900 MU-MIMO 4 Antenas 5dBi
040003;[CAB-ALA-100] Wireplus - Cable Alarma [Caja 100 Metros]
020132;[CAB-UTP5-100-CO] Wireplus - Cable UTP CAT5e (Categoria 5e) 100% Cobre Interior (Gris) [Caja 100 Metros]
020018;[CAB-UTP5-100] Wireplus - Cable UTP CAT5e (Categoria 5e) CCA Interior (Gris) [Caja 100 Metros]
020174;[CAB-UTP5-305] Wireplus - Cable UTP CAT5e (Categoria 5e) CCA Interior (Gris) [Caja 305 Metros]
020007;[CAB-UTP5-50] Wireplus - Cable UTP CAT5e (Categoria 5e) CCA Interior (Gris) [Rollo 50 Metros]
021065;[CAB-UTP6-100-CO-OUT] Wireplus - Cable UTP CAT6 (Categoria 6) 100% Cobre Exterior (Negro) [Caja 100 Metros]
020136;[CAB-UTP6-100-CO] Wireplus - Cable UTP CAT6 (Categoria 6) 100% Cobre Interior (Azul) [Caja 100 Metros]
020082;[CAB-UTP6-100] Wireplus - Cable UTP CAT6 (Categoria 6) CCA Interior (Azul) [Caja 100 Metros]
021066;[CAB-UTP6-305-CO-OUT] Wireplus - Cable UTP CAT6 (Categoria 6) 100% Cobre Exterior (Negro) [Bobina 305 Metros]
020026;[CAB-UTP6-305-CO] Wireplus - Cable UTP CAT6 (Categoria 6) 100% Cobre Interior (Azul) [Caja 305 Metros]
020025;[CAB-UTP6-305] Wireplus - Cable UTP CAT6 (Categoria 6) CCA Interior (Azul) [Caja 305 Metros]
020081;[CAB-UTP6-50] Wireplus - Cable UTP CAT6 (Categoria 6) CCA Interior (Azul) [Rollo 50 Metros]
010338;[CS-C3TN-A0-1H3WKFL-B(2.8mm)] Ezviz - Cámara Bullet Ip Inalambrica HD [3MP] WiFi Lente 2.8mm Exterio/Interior
021457;[CS-RT1-R100-3G0G] Ezviz - Router Wi-Fi 6 Mesh AX3000
020614;[DECO-X50-3PACK] TP-Link - Router Inalambrico WiFi Mesh Doble Banda AX3000 WiFi6 [3 Unidades]
020931;[DECO-X60-3PACK] TP-Link - Router Inalambrico WiFi Mesh Doble Banda AX5400 WiFi6 [3 Unidades]
080207;[DH-PFM320-010US] Dahua - Fuente de Poder Transformador de 12V 1 Amp FCC EN6236B Entrada de 100-240 VAC Protección de Sobre Corriente y Voltaje Cable de 1.5 Mts Especial para Camaras de CCTV
080206;[DH-PFM320D-007-US-EUHA] Dahua - Fuente de Poder Regulada de 12 Vcc 2.8 Amp 4 Canales 0.7 Amper por Canal Protección de Temperatura Color Negro
021792;[DH-PFM915] Dahua - Crimpeador de Conectores RJ45 y RJ11 Multifuncional Cortar y Pelar Cable Cuchilla SK5 Fabricada en Acero A3
021802;[DH-PFM920-5EU] Dahua - Cable UTP CAT5e (Categoria 5e) 100% Cobre 0.50MM 24 AWG Exterior (Negro) [Caja 305 Metros]
022004;[DH-PFM920-6UN] Dahua - Cable UTP CAT6 (Categoria 6) 100% Cobre 0.45MM 24 AWG Exterior (Negro) [Caja 305 Metros]
021675;[DH-PFM920C-A1] Dahua - Cable UTP CAT5e (Categoria 5e) 100% Cobre Interior (Blanco) [Caja 100 Metros]
021676;[DH-PFM920I-5EUN-white] Dahua - Cable UTP CAT5e (Categoria 5e) 100% Cobre 0.45MM Interior (Blanco) [Caja 305 Metros]
021674;[DH-PFM920I-6UN-C-100-white] Dahua - Cable UTP CAT6 (Categoria 6) 100% Cobre 24AWG 0.53MM Interior (Blanco) [Caja 100 Metros]
021981;[DH-PFM920I-6UN-C-white] Dahua - Cable UTP CAT6 (Categoria 6) 100% Cobre Interior 0.53MM Blanco [Caja 305 Metros]
021672;[DH-PFM920I-6UN-CN] Dahua - Cable UTP CAT6 (Categoria 6) 100% Cobre 24AWG 0.53MM Interior (Blanco) [Caja 305 Metros]
021677;[DH-PFM922I-5EUN-C-100] Dahua - Cable UTP CAT5e (Categoria 5e) CCA 24 AWG 0.50MM Interior (Blanco) [Rollo 100 Metros]
021673;[DH-PFM922I-5EUN-C] Dahua - Cable UTP CAT5e (Categoria 5e) CCA 24 AWG 0.50MM Interior (Blanco) [Caja 305 Metros]
021845;[DH-PFM922I-6UN-C-100-orange] Dahua - Cable UTP CAT6 (Categoria 6) CCA 23AWG 0.57MM Interior (Naranja) [Rollo 100 Metros]
021671;[DH-PFM922I-6UN-C] Dahua - Cable UTP CAT6 (Categoria 6) CCA 23AWG 0.57MM Interior (Blanco) [Caja 305 Metros]
021794;[DH-PFM976-530-PT] Dahua - Conector RJ45 Pasante CAT5e (Categoria 5e) 3U 23 AWG a 24 AWG [100 Unidades]
021793;[DH-PFM976-531-PT] Dahua - Conector RJ45 Pasante CAT5e (Categoria 5e) 15U 23 AWG a 24 AWG [100 Unidades]
021790;[DH-PFM976-531] Dahua - Conector RJ45 CAT5e (Categoria 5e) 15U 24 AWG a 26 AWG [100 Unidades]
021694;[DH-PFM976-631] Dahua - Conector RJ45 CAT6 CAT6 (Categoria 6) 15U 24 AWG a 26 AWG [100 Unidades]
010188;[DS-1H18S/E-E] Hikvision - Video Balun HD HDTVI/HDCVI/AHD 200 Metros
020221;[DS-1LN5E-E/E] Hikvision - Cable UTP CAT5e (Categoria 5e) 100% Cobre 0.45mm CMX Interior (Gris) [Caja 305 Metros]
020636;[DS-1LN5E-S] Hikvision - Cable UTP CAT5e (Categoria 5e) 100% Cobre 0.5mm CM Interior (Gris) [Caja 305 Metros]
020604;[DS-1LN5EO-UU/E] Hikvision - Cable UTP CAT5e (Categoria 5e) 100% Cobre Exterior (Negro) [Caja 305 Metros]
020222;[DS-1LN6-UE-W] Hikvision - Cable UTP CAT6 (Categoria 6) 100% Cobre Interior (Blanco) [Caja 305 Metros]
020609;[DS-1LN6-UU] Hikvision - Cable UTP CAT6 (Categoria 6) 100% Cobre (Naranja) [Caja 305 Metros]
021248;[DS-1LN6OUSPE] Hikvision - Cable U/UTP CAT6 (Categoria 6) 100% Cobre 0.55mm Exterior (Negro) [Caja 305 Metros]
020875;[DS-1LN6U-G] Hikvision - Cable UTP CAT6 (Categoria 6) 100% Cobre Interior (Gris) [Caja 305 Metros]
010012;[DS-2CE16C0T-IRF(2.8mm)] Hikvision - Cámara HD Bullet 720P [1MP] Lente 2.8mm [Metalico]
010883;[DS-2CV1023G2-LIDWF(2.8mm)] Hikvision - Cámara WiFi Bullet IP [2Mp] Dual Light (30 mts IR + 30 mts Luz Blanca) Acusense Audio Bidireccional (Micrófono y Bocina)
010881;[DS-2CV1043G2-LIDWF(2.8mm)] Hikvision - Cámara WiFi Bullet IP [4Mp] Dual Light (30 mts IR + 30 mts Luz Blanca) Acusense Audio Bidireccional (Micrófono y Bocina)
010884;[DS-2CV1F23G2-LIDWF(2.8mm)] Hikvision - Cámara WiFi Domo IP [2Mp] Dual Light (30 mts IR + 30 mts Luz Blanca) Acusense Audio Bidireccional (Micrófono y Bocina)
021174;[DS-3WR12C] Hikvision - Router Inalambrico Wisp Doble Banda Hasta 1200Mbps / 4 Puertos 10/100 4 Antenas Omnidireccional 5 dBi
021175;[DS-3WR12GC] Hikvision - Router Inalambrico Wisp Gigabit Doble Banda hasta 1200Mbps 3 Puertos Lan 10/100/1000 + 1 Puerto Wan 10/100/1000 4 Antenas Externas Omnidireccional 5dBi
021370;[DS-3WR15X] Hikvision - Router Inalambrico WIFI6 Doble Banda hasta 1500Mbps 4 Puertos 1000 Mbps  4 Antenas Externas Omnidireccional 5dBi
021616;[DS-3WR18X] Hikvision - Router Inalámbrico Wifi 6 Hasta 1800 Mbps Doble Banda AC (2.4 GHz y 5 GHz) 4 Puertos 1000 Mbps 4 Antenas Omnidireccional Beamforming Optimizado
021617;[DS-3WR30X] Hikvision - Router Inalámbrico Wifi 6 Hasta 3000 Mbps Doble Banda AC (2.4 GHz y 5 GHz) 4 Puertos 1000 Mbps 5 Antenas Omnidireccional Beamforming Optimizado
010924;[DS-J142I/NKS422W02H] Hikvision - Kit IP Inalámbrico [2Mp] NVS 4 Canales Wi-Fi 1 Cámara Bullet Exterior + 1 Cámara Turret Interior con Lente 2.8 mm y Dual Light Audio Bidireccional Soporta Micro SD de 512 GB
010925;[DS-J142I/NKS422W0H] Hikvision - Kit IP Inalámbrico [2Mp] NVS 4 Canales Wi-Fi 2 Cámaras Bullet Exterior con Lente 2.8 mm y Dual Light Audio Bidireccional Soporta Micro SD de 512 GB
010926;[DS-J142I/NKS424W02H] Hikvision - Kit IP Inalámbrico [4Mp] NVS 4 Canales Wi-Fi 1 Cámara Bullet Exterior + 1 Cámara Turret Interior 2.8 mm y Dual Light Audio Bidireccional Soporta Micro SD de 512 GB
061012;[DS-UPS1000-X] Hikvision - UPS 1000VA / 600W [6] Tomas NEMA 5-15R [4 con Respaldo] y [2 sin Respaldo]
061122;[DS-UPS2000-x] Hikvision - UPS 2000VA / 1200W [6] Tomas NEMA 5-15R [4 con Respaldo] y [2 sin Respaldo]
061043;[DS-UPS3000-x] Hikvision - UPS 3000VA / 1800W [6] Tomas NEMA 5-15R [4 con Respaldo] y [2 sin Respaldo]
061013;[DS-UPS600-X] Hikvision - UPS 600VA / 360W [6] Tomas NEMA 5-15R [4 con Respaldo] y [2 sin Respaldo]
020877;[EAP610-Outdoor] TP-Link - Punto de Acceso Inalambrico Doble Banda WiFi6 de Exterior/Interior [Omada]
020337;[EC220-G5] TP-Link - Router Inalambrico WiFi Doble Banda Gigabit AC1200 4 Antenas 5dBi
021059;[EX141] TP-Link - Router Inalambrico Gigabit Doble Banda AX1500 WiFi6
061550;[FT20-BK] Fantech - Audifonos Groove ANC Earbuds Inalámbricos [Negro]
060930;[KP2-EC] Marsriva - Mini UPS 8.000Mha 18W 4 Puertos 2 DC 9V-12V 1,5A 1 PoE 24V 0,75Pasivo 1USB 5V 2,1A
061123;[KP3S] Marsriva - Mini UPS 10000Mah 18W 1 Puertos 
060495;[KP3] Marsriva - Mini UPS 10.000Mah 18W 4 Puertos DC 5V/ 9V/ 12V y USB 5V
060688;[L1250] Epson - Impresora Inyección de Tinta EcoTank USB 2.0/Wi-Fi
060749;[L3250] Epson - Impresora Inyección Tinta Continua 3 en 1 (Impresión, Escaneo, Copiado) EcoTank Multifuncional USB 2.0/Wi-Fi
061497;[L4260] Epson - Impresora Inyección Tinta Continua 3 en 1 (Impresión, Escaneo, Copiado) EcoTank Multifuncional USB 2.0/Wi-Fi
061498;[L5590] Epson - Impresora Inyección Tinta Continua 4 en 1 (Impresión, Escaneo, Copiado, Fax) EcoTank Multifuncional USB 2.0/Wi-Fi/Ethernet
061499;[L6270] Epson - Impresora Inyección Tinta Continua 3 en 1 (Impresión, Escaneo, Copiado) EcoTank Multifuncional USB 2.0/Wi-Fi/Ethernet
021353;[LOG-AC1200] Logan - Router Inalambrico AC1200 Doble Banda 4 Antenas 5dBi
070820;[MR-AVR600] Marsriva - Regulador automático de Voltaje 600VA / 300W
020514;[MR30G] Mercusys - Router Inalambrico WiFi Doble Banda Gigabit AC1200 4 Antenas 5dBi
020317;[MR50G] Mercusys - Router Inalambrico WiFi Doble Banda Gigabit AC1900 6 Antenas 5dBi
020961;[MR60X] Mercusys - Router Inalambrico WiFi Doble Banda Gigabit AX1500 WiFi6 4 Antenas
021441;[MR62X] Mercusys - Router Inalambrico WiFi Doble Banda Gigabit AX1500 WiFi6 4 Antenas
020488;[MR70X] Mercusys - Router Inalambrico WiFi Doble Banda AX1800 4 Antenas 5dBi
020653;[MR80X] Mercusys - Router Inalambrico WiFi Doble Banda Gigabit AX3000 WiFi6 4 Antenas
061527;[PBH-360W] Primus - Audifonos ARCUS360T Gaming Inalambricos con Microfono Dongle USB [Blanco]
061526;[PHS-151] Primus - Audifonos ARCUS151T Gaming Alambricos con Microfono USB [Negro]
061529;[PKS-060WS] Primus - Teclado Ballista61T Alambrico Mecanico Con Iluminación SW Rojo [Español] [Blanco]
061523;[PKS-093S] Primus - Teclado Mecánico Ballista91T Alambrico Gaming [Español]
061531;[PMC-01BT] Primus - Gamedpad Inalambrico Gaming Bluetooth
061528;[PMIL-10BT] Primus - Set de Micrófonos Inalambricos con Estuche de Carga [Negro]
061524;[PMO-103] Primus - Mouse Alambrico Gladius Gaming RGB 8 Botones
061525;[PMOW-203] Primus - Mouse Inalambrico Gladius DM10 Gaming RGB 6 Botones Conexión Dual
021238;[POWER-DROP-G57A1-1KM-1] Power Fiber - Cable Drop Outdoor de Fibra Optica FTTH 1 Hilo G57A1 [Bobina 1000 Metros]
021239;[POWER-DROP-G57A1-1KM-2] Power Fiber - Cable Drop Outdoor de Fibra Optica FTTH 2 Hilos G57A1 [Bobina 1000 Metros]
021240;[POWER-DROP-G57A1-1KM-4] Power Fiber - Cable Drop Outdoor de Fibra Optica FTTH 4 Hilos G57A1 [Bobina 1000 Metros]
021241;[POWER-DROP-G57A1-1KM-6] Power Fiber - Cable Drop Outdoor de Fibra Optica FTTH 6 Hilos G57A1 [Bobina 1000 Metros]
061530;[PWC-300] Primus - Cámara Web Visus 2K 2560x1440P 60FPS Usb
020657;[STC-CAT5E-305G] STC- Cable UTP CAT5e (Categoria 5e) CCA Interior (Gris) [Caja 305 Metros]
021696;[TL-EC5E-100B] TP-Link - Cable UTP CAT5e (Categoria 5e) 100% Cobre Interior (Gris) [Caja 100 Metros]
021697;[TL-EC5E-305B] TP-Link - Cable UTP CAT5e (Categoria 5e) 100% Cobre Interior (Gris) [Caja 305 Metros]
021698;[TL-EC6-100] TP-Link - Cable UTP CAT6 (Categoria 6) 100% Cobre Interior (Azul) [Caja 100 Metros]
020894;[TX2PRO] Tenda - Router Inalambrico WiFi Doble Banda Gigabit AX1500 WiFi6 5 Antenas 6dBi
020275;[UB-AM] Ubiquiti - Montaje de Brazo Universal
061147;[WGP13S-BLACK] Fantech - Gamepad Shooter III Inalámbrico [Negro]
061103;[WGP14V2-EPSILON] Fantech - Gamepad Fantech Nova Pro Inalámbrico 
061307;[WGP14V2-POLARIS] Fantech - Gamepad Nova PRO Inalambrico
021387;[WP-AX1500] Wireplus - Router Inalambrico WiFi Doble Banda AX1500 WiFi6 4 Antenas
021386;[WP-AX3000] Wireplus - Router Inalambrico WiFi Doble Banda AX3000 WiFi6 4 Antenas
070218;[WP-CANA1010-2M-1UND] Wireplus - Canaleta PVC Multiuso con Pegamento 10x10x2000 [Unidad]
070219;[WP-CANA2010-2M-1UND] Wireplus - Canaleta PVC Multiuso con Pegamento 20x10x2000 [Unidad]
070223;[WP-CANA4025-2M-1UND] Wireplus - Canaleta PVC Multiuso con Pegamento 40x25x2000 [Unidad]
070150;[WP-CANA7020-2M-1UND] Wireplus - Canaleta Piso Multiuso con Pegamento 70x20x2000 [Unidad]
060976;[WP-MINI-21W] Wireplus - Mini UPS 21w 2200Mahx4 120v/ac  input output USB 5v Dc 9V o 12v poe 15V/24V
021160;[WP-RJ45CAT6-EZ] Wireplus - Conector RJ45 EZ CAT6 (Categoria 6) Pass-Through Pasante [100 Unidades]
020084;[WP-UTPC5-100OUT] Wireplus - Cable UTP CAT5e (Categoria 5e) CCA Exterior (Negro) [Caja 100 Metros]
020065;[WP-UTPC5-305OUT] Wireplus - Cable UTP CAT5e (Categoria 5e) CCA Exterior (Negro) [Bobina 305 Metros]
020086;[WP-UTPC6-100OUT] Wireplus - Cable UTP CAT6 (Categoria 6) CCA Exterior (Negro) [Caja 100 Metros]
020059;[WP-UTPC6-305OUT] Wireplus - Cable UTP CAT6 (Categoria 6) CCA Exterior (Negro) [Bobina 305 Metros]
020685;[WPF-KIT-FIB] Wireplus - Kit FTTH Herramientas de Instalacion Fibra
010910;[iDS-7204HQHI-M1/XT(STD)] Hikvision - DVR 3K Lite [5MP] Pentahibrido Audio Bidireccional AcuSense 4 Canales TurboHD + 2 Canales IP
011085;[iDS-7204HUHI-M1/XT(STD)/4A+4/1ALM] DVR Hikvision 4CH TurboHD iDS-7204HUHI-M1/XT 4MP
010795;[iDS-7216HQHI-M2/S(STD)(C)] Hikvision - DVR 3K [5MP] Pentahibrido AcuSense 16 Canales TurboHD + 8 Canales IP
021928;(BS-466) Wireplus - Lan Tester RJ45 RJ11 [Negro]
010084;Adaptador BNC Hembra a RCA Hembra [Unidad]
010037;Adaptador BNC Hembra a RCA Macho [10 Unidades]
010086;Adaptador BNC Hembra a RCA Macho [Unidad]
010032;Adaptador BNC Macho a RCA Hembra [10 Unidades]
010082;Adaptador BNC Macho a RCA Hembra [Unidad]
060449;Adaptador DVI 24+5 Macho a HDMI Hembra
060082;Adaptador DVI-I 24+1 Macho a HDMI Hembra
060049;Adaptador DVI-I 24+5 Hembra a HDMI Macho
060032;Adaptador DVI-I 24+5 Macho a VGA-H
060089;Adaptador HDMI Macho a HDMI Hembra 270°
010083;Adaptador Union BNC Macho Doble [Unidad]
050115;Bombillo LED Foco 3D Tipo Mazorca AKSI
050103;Bombillo LED Vintage Zepellin 8W AKSI
060103;Cable Adaptador Paralelo DB25 a USB
060086;Cable Adaptador Paralelo DB36 a USB
080023;Cable Audio Auxiliar 3.5mm M/M [1.5 Metros]
080058;Cable Audio Plug 3.5mm a RCA [1.5 Metros]
080025;Cable Audio Plug 3.5mm a RCA [3 Metros]
080026;Cable Audio Plug 3.5mm a RCA [5 Metros]
080021;Cable Audio y Video [3] RCA [1.5 Metros]
080077;Cable Audio y Video [3] RCA [3Metros]
060056;Cable Coaxial Antena WiFi [9 Metros]
060389;Cable HDMI Macho Doble HD Goma Negro [10 Metros]
060469;Cable HDMI Macho Doble HD Goma Negro [20 Metros]
060009;Cable HDMI Macho Doble HD Nylon [10 Metros]
060008;Cable HDMI Macho Doble HD Nylon [5 Metros]
060050;Cable HDMI Macho a Mini HDMI Macho [1.5 Metros]
060090;Cable SATA Data Con Seguro
060054;Cable SATA Data Sin Seguro
060053;Cable SATA de Poder
060025;Cable VGA Macho a Macho [3 Metros] 
060873;Combo Teclado (ingles) Ratón Wifi usb y cable de poder QR-70
080098;Conector 12V Hembra 2.1mm [100 Unidades]
080203;Conector 12V Hembra 2.1mm [20 Unidad]
080096;Conector 12V Macho 2.1mm [100 Unidades]
080204;Conector 12V Macho 2.1mm [20 Unidad]
020374;Conector Jack Coupler RJ45 CAT5e (Categoria 5e) (Blanco) QNET [Unidad]
020258;Conector RG6 Coaxial [Unidad]
020125;Conector RJ11 [Unidad]
080085;Convertidor Mini DisplayPort-M a HDMI Hembra
080084;Convertidor Mini DisplayPort-M a VGA-H
080029;Convertidor Video RCA Hembra a HDMI Hembra
080027;Convertidor Video VGA-H a HDMI Hembra C/Audio
080028;Convertidor Video VGA/RCA y S-VIDEO/RCA
060283;Disipador Liquido AIGO V240
060500;Extensor HDMI Hembra a RJ45 Activo [120 Metros]
060029;Extensor HDMI Hembra a RJ45 Activo [50 Metros]
060113;Extensor HDMI Hembra a RJ45 Activo [60 Metros]
060022;Extensor HDMI Macho a RJ45 Pasivo 2C [30 Metros]
060030;Extensor USB a RJ45 Pasivo [45 Metros]
060091;Extensor VGA a RJ45 Activo [100 Metros]
060031;Extensor VGA a RJ45 Pasivo [60 Metros]
060024;Extensor VGA a RJ45 [Par] Pasivo [30 Metros]
080094;Fuente Centralizada 9 Canales 12V 20Amp
070074;Interruptor Triple Spark Ledplus+
050190;Lampara LED 12W 3000K Luz Calida Redonda Empotrar XTD-12-AMA Littman
050189;Lampara LED 5W Redonda Empotrar Luz Calida 3000K XTD-5-AMA Littman
050183;Lampara LED Lisa 60 Cm 16W 6500K Luz Fria Con 2 Tubos T8 Cristal 8W C/U L1-2X8W-0.6-BL Littman
050141;Lampara Luminaria LED Urbana Alumbrado Publico 100W 6500K Luz Fria GEL
050023;Lampara Panel LED 12W 3000k Luz Calida Cuadrada Empotrar Ledplus+
050156;Lampara Panel LED 24W 4000K Luz Fria Tipo Colmena Redonda Empotrar Ledplus+
050157;Lampara Panel LED 36W 6500K Luz Fria Tipo Colmena Redonda Empotrar Ledplus+
050026;Lampara Panel LED 9W 3000k Luz Calida Cuadrada Empotrar Ledplus+
050140;Lampara Sub-Urbana Con FotoCelda AKSI
020227;Modem ADSL2+ Explore HG-A1101
070236;Pila Litio Maxell CR1220 [Unidad]
080005;Pulpo Spltter 1 Hembra a 4 Macho
080006;Pulpo Spltter 1 Hembra a 8 Macho
050130;Reflector LED 30W 3000K Luz Calida AKSI
050574;Reflector LED Luces de Colores con Control 150W RGB IP66 Multivoltaje 85/277 Volts FHRG-00150 Hammer
050575;Reflector LED Luces de Colores con Control 200W RGB IP66 Multivoltaje 85/277 Volts FHRG-00200 Hammer
060261;Repetidor Señal HDMI Hembra Doble [30 Metros]
070493;T Para Canaleta 100x40 QNET
070492;T Para Canaleta 60x40 QNET
020181;Tapa Rack Ciega 2U Metalnet
020182;Tapa Rack Ciega 3U Metalnet
080011;Transformador 12V 1Amp 1210
070503;Union Empalme Para Canaleta 100x40 QNET
070502;Union Empalme Para Canaleta 60x40 QNET
060046;Union VGA-H Doble 15PIN [10 Unidades]
060154;Union VGA-H Doble 15PIN [Unidad]
010407;Video Balun Pasivo HD 4K [8MP] RJ45 Audio/Video/12V Generico
010406;Video Balun Pasivo HD 4K [8MP] RJ45 Video/12V Generico
010259;Video Balun Pasivo HD Bornera 4K 2K 8MP 4MP 2MP 1080P 720P 400 Metros Generico
010011;Video Balun Pasivo RJ45 Audio/Video/12V Generico
070717;[ Z1200-A] Igoto - Tapa Ciega 4x2 Serie Z [Acrilico]
050238;[100W-B-E40-6.5K] Lucerna - BombilloLED Bulbo Alto Vatiaje 100W 6500K Luz Fria 9000lm Rosca E40
100039;[101S-105S-111S-116L-1610] Maxiprint - Polvo Toner Compatible Samsung Negro [Recarga] 101S 105S 111S 116L 1610
050766;"[1034SCCL -6.5K] Lucerna - Lampara Panel Driver/Integrado LED Compact Lumen 34W 10"" 6500K Luz Fria Cuadrada Superficial"
050762;"[1034SCL -6.5K] Lucerna - Lampara Panel Driver/Integrado LED Compact Lumen 34W 10"" 6500K Luz Fria Redonda Superficial"
060307;[107W] HP - Impresora Laser
020934;[10GMX-FPS02-02B] Siemon - Face Plate Placa Frontal de Pared Modular 10G MAX de 2 Puertos Blanco Versión Bulk Blanco [Sin Empaque Individual]
020928;[10GMX-FPS04-02B] Siemon - Face Plate Placa Frontal de Pared Modular 10G MAX de 4 Puertos Versión Bulk Blanco [Sin Empaque Individual]
050812;"[1224SCCL-6.5K] Lucerna - Lampara Panel Driver/Integrado LED Compact Lumen 24W 10"" 6500K Luz Fria Cuadrada Superficial 2280lm"
050811;"[1224SCL-6.5K] Lucerna - Lampara Panel Driver/Integrado LED Compact Lumen 24W 10"" 6500K Luz Fria Redonda Superficial 2280lm"
100053;[122XL-COLOR] Maxiprint - Cartucho Tinta Color 122XL
100052;[122XL-NEGRO] Maxiprint - Cartucho Tinta Negro 122XL
100038;[12A-15A] Maxiprint - Polvo Toner Compatible HP Negro [Recarga] 12A 15A
070844;[12V18AH] Astra - Bateria Sellada Acido-Plomo 12V 18Ah
070845;[12V5AH] Astra - Bateria Sellada Acido-Plomo 12V 4.5Ah
070846;[12V7AH] Astra - Bateria Sellada Acido-Plomo 12V 7Ah
070847;[12V9AH] Astra - Bateria Sellada Acido-Plomo 12V 9Ah
050229;[12W-B-E27-3K] Lucerna - Bombillo LED Bulbo 12W 3000K Luz Calida 1080lm Rosca E27 A60
050228;[12W-B-E27-6.5K] Lucerna - Bombillo LED Bulbo 12W 6500K Luz Fria 1080lm Rosca E27 A60
050620;[12W-G-E27-3K] Lucerna - Bombillo LED Globo 12W 3000K Luz Calida 1000lm Rosca E27 G95
050619;[12W-G-E27-6.5K] Lucerna - Bombillo LED Globo 12W 6500K Luz Fria 1000lm Rosca E27 G95
060308;[135W] HP - Impresora Laser Multifuncional
050230;[15W-B-E27-6.5K] Lucerna - Bombillo LED Bulbo 15W 6500K Luz Fria 1350lm Rosca E27 A60
050240;[18W-T8-4K] Lucerna - Bombillo LED Tubo T8 18W 4000K Luz Fresca 1620lm 120 cm T8
050239;[18W-T8-6.5K] Lucerna - Bombillo LED Tubo T8 18W 6500K Luz Fria 1620lm 120 cm T8
061339;[200W-PANEL] Pecron - Panel Solar Portátil Aurora200 200W 36V
050646;"[203-3K] Lucerna - Lampara Spot DirigibleLED 3W 2-1/2"" 3000K Luz Calida Redonda Empotrar Borde Blanco 270lm"
050645;"[203-6.5K] Lucerna - Lampara Spot DirigibleLED 3W 2-1/2"" 6500K Luz Blanca Redonda Empotrar Borde Blanco 270lm"
050697;"[209ML-6.5K] Lucerna - Lampara Panel MaxiLumen Alta Potencia LED 9W 2.5"" 6500K Luz Fria Redonda Empotrable 900lm"
061411;"[2152RBB] Astra - Monitor 21.5"" 100Hz HDMI / VGA"
100054;[21XL-NEGRO] Maxiprint - Cartucho Tinta Negro 21XL
060649;[222-00034] Microsoft - Mouse Inalambrico Bluetooth Ergonomico [Melocoton]
100055;[22XL-COLOR] Maxiprint - Cartucho Tinta Color 22XL
061412;"[2382RBB] Astra - Monitor 23.8"" 100Hz HDMI / VGA"
061341;[240V-BOX] Pecron - Caja de Conexión Conector Paralelo 240V Compatible con E3600LFP
050592;[24W-T8-6.5K] Lucerna - Bombillo LED Tubo T8 24W 6500K Luz Fria 2160lm 120 cm
061409;"[2702BXF] Astra - Monitor 27"" 100Hz HDMI / DP con Audio"
061410;"[2708JXH] Astra - Monitor Gaming 27"" 180Hz 2 HDMI / DP con Audio"
050486;[28W-VH-E14-3K] Lucerna - Bombillo Halogeno Vela 28W Luz Calida Rosca E14
050605;"[304CL-3K] Lucerna - Lampara Panel Driver/Integrado LED Compact Lumen 4W 3"" 3000K Luz Calida Redonda Empotrar 280lm"
050297;"[304CL-6.5K] Lucerna - Lampara Panel Driver/Integrado LED Compact Lumen 4W 3"" 6500K Luz Fria Redonda Empotrar 280lm"
021121;[305CAT6EXT] WireTech - Cable UTP CAT6 (Categoria 6) Exterior (Negro) [Bobina 305 Metros]
050292;[307-3k] Lucerna - Lampara Spot DirigibleLED 7W 3000K Luz Calida Redonda Empotrar Borde Blanco 630lm
050291;[307-6.5k] Lucerna - Lampara Spot DirigibleLED 7W 6500K Luz Fria Redonda Empotrar Borde Blanco 630lm
050339;[307C-3K] Lucerna - Lampara Spot DirigibleLED 7W 3000K Luz Calida Cuadrada Empotrar Borde Blanco 630lm
050338;[307C-6.5K] Lucerna - Lampara Spot DirigibleLED 7W 6500K Luz Fria Cuadrada Empotrar Borde Blanco 630lm
050343;"[308CHL-4K] Lucerna - Lampara Panel HighLumen LED 8W 3"" 4000K Luz Fresca Cuadrada Empotrar 640lm"
050342;"[308CHL-6.5K] Lucerna - Lampara Panel HighLumen LED 8W 3"" 6500K Luz Fria Cuadrada Empotrar 640lm"
050296;"[308HL-4K] Lucerna - Lampara Panel HighLumen LED 8W 3"" 4000K Luz Fresca Redonda Empotrar 640lm"
050295;"[308HL-6.5K] Lucerna - Lampara Panel HighLumen LED 8W 3"" 6500K Luz Fria Redonda Empotrar 640lm"
050234;[30W-B-E27-6.5K] Lucerna - BombilloLED Bulbo Alto Vatiaje 30W 6500K Luz Fria 2400lm Rosca E27
050294;"[3102L-3K] Lucerna - Lampara Panel Clasica LED 3W 2-1/2"" 3000K Luz Calida Redonda Empotrar 165lm"
050293;"[3102L-6.5K] Lucerna - Lampara Panel Clasica LED 3W 2-1/2"" 6500K Luz Fria Redonda Empotrar 165lm"
050301;"[3103L-6.5K] Lucerna - Lampara Panel Clasica LED 6W 4"" 6500K Luz Fria Redonda Empotrar 450lm"
050312;"[3104L-6.5K] Lucerna - Lampara Panel Clasica LED 9W 5"" 6500K Luz Fria Redonda Empotrar 790lm"
050315;"[3105L-6.5K] Lucerna - Lampara Panel Clasica LED 12W 6"" 6500K Luz Fria Redonda Empotrar 1080lm"
050327;"[3108L-325V-6.5K] Lucerna - Lampara Panel Clasica LED 18W 8"" 6500K Luz Fria Redonda Empotrar 1790lm"
050328;"[3108L-3K] Lucerna - Lampara Panel Clasica LED 18W 8"" 3000K Luz Calida Redonda Empotrar 1790lm"
050698;"[312ML-6.5K] Lucerna - Lampara Panel MaxiLumen Alta Potencia LED 12W 3.5"" 6500K Luz Fria Redonda Empotrable 1200lm"
100105;[3140] Maxiprint - Toner Compatible Xerox Negro 3140
061615;"[3150CZB10] Astra - Monitor Gaming 31.5"" Plano 180Hz  HDMI / DP con Audio DC 1MS"
100155;[3200] Maxiprint - Toner Compatible Xerox Negro 3200
100035;[3210-3220] Maxiprint - Toner Compatible Xerox Negro 3210 3220
100036;[3315-3325] Maxiprint - Toner Compatible Xerox Negro 3315 3325
061616;"[3400JXE10] Astra - Monitor Gaming 34"" Curvo 180Hz  HDMI / DP con Audio DC RGB 1MS"
100034;[3550] Maxiprint - Toner Compatible Xerox Negro 3550
050298;"[3703B-3K] Lucerna - Lampara Panel LED 6W 3"" 3000K Luz Calida Redonda Empotrar Ajustable Borde Blanco 410lm"
050299;"[3703B-4K] Lucerna - Lampara Panel LED 6W 3"" 4000K Luz Fresca Redonda Empotrar Ajustable Borde Blanco 410lm"
050300;"[3703B-6.5K] Lucerna - Lampara Panel LED 6W 3"" 6500K Luz Fria Redonda Empotrar Ajustable Borde Blanco 410lm"
050306;"[3704B-3K] Lucerna - Lampara Panel LED 8W 4"" 3000K Luz Calida Redonda Empotrar Ajustable Borde Blanco 680lm"
050307;"[3704B-4K] Lucerna - Lampara Panel LED 8W 4"" 4000K Luz Fresca Redonda Empotrar Ajustable Borde Blanco 680lm"
050308;"[3704B-6.5K] Lucerna - Lampara Panel LED 8W 4"" 6500K Luz Fria Redonda Empotrar Ajustable Borde Blanco 680lm"
050320;"[3706B-3K] Lucerna - Lampara Panel LED 15W 6"" 3000K Luz Calida Redonda Empotrar Ajustable Borde Blanco 1450lm"
050321;"[3706B-4K] Lucerna - Lampara Panel LED 15W 6"" 4000K Luz Fresca Redonda Empotrar Ajustable Borde Blanco 1450lm"
050322;"[3706B-6.5K] Lucerna - Lampara Panel LED 15W 6"" 6500K Luz Fria Redonda Empotrar Ajustable Borde Blanco 1450lm"
050332;"[3708B-3K] Lucerna - Lampara Panel LED 20W 8"" 3000K Luz Calida Redonda Empotrar Ajustable Borde Blanco 1920lm"
050333;"[3708B-4K] Lucerna - Lampara Panel LED 20W 8"" 4000K Luz Fresca Redonda Empotrar Ajustable Borde Blanco 1920lm"
050334;"[3708B-6.5K] Lucerna - Lampara Panel LED 20W 8"" 6500K Luz Fria Redonda Empotrar Ajustable Borde Blanco 1920lm"
050817;"[406CCL-3CCT] Lucerna - Lampara Panel Driver/Integrado LED Compact Lumen 6W 4"" 3K 4K 6.5K Tres tonos Cuadrada Empotrar 450lm"
050611;"[406CCL-3K] Lucerna - Lampara Panel Driver/Integrado LED Compact Lumen 6W 4"" 3000K Luz Calida Cuadrada Empotrar 450lm"
050610;"[406CCL-6.5K] Lucerna - Lampara Panel Driver/Integrado LED Compact Lumen 6W 4"" 6500K Luz Fria Cuadrada Empotrar 450lm"
050813;"[406CL-3CCT] Lucerna - Lampara Panel Driver/Integrado LED Compact Lumen 6W 4"" 3K 4K 65K Tres tonos Redonda Empotrar 450lm"
050606;"[406CL-3K] Lucerna - Lampara Panel Driver/Integrado LED Compact Lumen 6W 4"" 3000K Luz Calida Redonda Empotrar 450lm"
050303;"[406CL-6.5K] Lucerna - Lampara Panel Driver/Integrado LED Compact Lumen 6W 4"" 6500K Luz Fria Redonda Empotrar 450lm"
050376;"[406SCCL-6.5K] Lucerna - Lampara Panel Driver/Integrado LED Compact Lumen 6W 4"" 6500K Luz Fria Cuadrada Superficial 480lm"
050355;"[406SCL-6.5K] Lucerna - Lampara Panel Driver/Integrado LED Compact Lumen 6W 4"" 6500K Luz Fria Redonda Superficial 480lm"
050235;[40W-B-E27-6.5K] Lucerna - Bombillo LED Bulbo Alto Vatiaje 40W6500K Luz Fria 3500lm Rosca E27
050340;"[4102L-6.5K] Lucerna - Lampara Panel Clasica LED 3W 2-1/2"" 6500K Luz Fria Cuadrada Empotrar 165lm"
050347;"[412CHL-4K] Lucerna - Lampara Panel HighLumen LED 12W 4"" 4000K Luz Fresca Cuadrada Empotrar 1080lm"
050346;"[412CHL-6.5K] Lucerna - Lampara Panel HighLumen LED 12W 4"" 6500K Luz Fria Cuadrada Empotrar 1080lm"
050305;"[412HL-4K] Lucerna - Lampara Panel HighLumen LED 12W 4"" 4000K Luz Fresca Redonda Empotrar 1080lm"
050304;"[412HL-6.5K] Lucerna - Lampara Panel HighLumen LED 12W 4"" 6500K Luz Fria Redonda Empotrar 1080lm"
050378;"[412SCHL-4K] Lucerna - Lampara Panel HighLumen LED 12W 4"" 4000K Luz Fresca Cuadrada Superficial 1080lm"
050377;"[412SCHL-6.5K] Lucerna - Lampara Panel HighLumen LED 12W 4"" 6500K Luz Fria Cuadrada Superficial 1080lm"
050360;"[412SHL-4K] Lucerna - Lampara Panel HighLumen LED 12W 4"" 4000K Luz Fresca Redonda Superficial 1080lm"
050359;"[412SHL-6.5K] Lucerna - Lampara Panel HighLumen LED 12W 4"" 6500K Luz Fria Redonda Superficial 1080lm"
060743;[415] HP - Impresora Ink Tank Multifuncional
050699;"[418ML-6.5K] Lucerna - Lampara Panel MaxiLumen Alta Potencia LED 18W 4"" 6500K Luz Fria Redonda Empotrable 1800lm"
050703;"[418SML-6.5K] Lucerna - Lampara Panel MaxiLumen Alta Potencia LED 18W 4"" 6500K Luz Fria Redonda Superficial 1800lm"
060602;[4800] Barkan - Soporte Base Inlinada 4 Movimientos para Pantallas 40 a 90 Pulgadas 60Kg
021597;[48POW] Mikrotik - Adaptador de Energia de CA/CD 48v 1.46amp
050756;[48W] Lucerna - Driver 48W Panel 60X60
100135;[504C-70ML] Maxiprint - Tinta Compatible Epson 70ml Cyan 504C
100134;[504K-127ML] Maxiprint - Tinta Compatible Epson 127ml Negro 504K
100137;[504M-70ML] Maxiprint - Tinta Compatible Epson 70ml Magenta 504M
100136;[504Y-70ML] Maxiprint - Tinta Compatible Epson 70ml Amarillo 504Y
050818;"[509CCL-3CCT] Lucerna - Lampara Panel Driver/Integrado LED Compact Lumen 9W 5"" 3K 4K 65K Tres tonos Cuadrada Empotrar 720lm"
050613;"[509CCL-3K] Lucerna - Lampara Panel Driver/Integrado LED Compact Lumen 9W 5"" 3000K Luz Calida Cuadrada Empotrar 720lm"
050612;"[509CCL-6.5] Lucerna - Lampara Panel Driver/Integrado LED Compact Lumen 9W 5"" 6500K Luz Fria Cuadrada Empotrar 720lm"
050814;"[509CL-3CCT] Lucerna - Lampara Panel Driver/Integrado LED Compact Lumen 9W 5"" 3K 4K 65K Tres tonos Redonda Empotrar 720lm"
050607;"[509CL-3K] Lucerna - Lampara Panel Driver/Integrado LED Compact Lumen 9W 5"" 3000K Luz Calida Redonda Empotrar 720lm"
050314;"[509CL-6.5K] Lucerna - Lampara Panel Driver/Integrado LED Compact Lumen 9W 5"" 6500K Luz Fria Redonda Empotrar 720lm"
050236;[50W-B-E27-6.5K] Lucerna - BombilloLED Bulbo Alto Vatiaje 50W6500K Luz Fria 4500lm Rosca E27
050237;[50W-B-E40-6.5K] Lucerna - BombilloLED Bulbo Alto Vatiaje 50W 6500K Luz Fria 4500lm Rosca E40
060744;[515] HP - Impresora Smart Tank Multifuncional
100037;[53A-35A-36A-78A-85A-05A-83A] Maxiprint - Polvo Toner Compatible HP Negro [Recarga] 53A 35A 36A 78A 85A 05A 83A CRG128
100131;[544-C-65ML] Maxiprint - Tinta Compatible Epson 65ml Cyan 544
100130;[544-K-65ML] Maxiprint - Tinta Compatible Epson 65ml Negro 544
100133;[544-M-65ML] Maxiprint - Tinta Compatible Epson 65ml Magenta 544
100132;[544-Y-65ML] Maxiprint - Tinta Compatible Epson 65ml Amarillo 544
050224;[5W-B-E14-6.5K] Lucerna - Bombillo LED Bulbo 5W 6500K Luz Fria 450lm Rosca E14 P45
050221;[5W-B-E27-3K] Lucerna - Bombillo LED Bulbo 5W 3000K Luz Calida 450lm Rosca E27 G45
050220;[5W-B-E27-6.5K] Lucerna - BombilloLED Bulbo 5W 6500K Luz Fria 450lm Rosca E27 G45
050245;[5W-GU10-3K] Lucerna - Bombillo LED GU10 Dicroico 5W 3000K Luz Calida Socate GU10
050905;[5W-GU10-4K] Lucerna - Bombillo LED GU10 Dicroico 5W 4000K Luz Fresca Socate GU10
050244;[5W-GU10-6.5K] Lucerna - Bombillo LED GU10 Dicroico 5W 6500K Luz Fria Socate GU10
050908;[5W-GU10-Smart-RGB] Lucerna - Bombillo LED GU10 Dicroico 5W Smart RGB
050243;[5W-GU5.3-3K] Lucerna - Bombillo LED GU5.3 Dicroico 5W 3000K Luz Calida Socate MR16
050904;[5W-GU5.3-4K] Lucerna - Bombillo LED GU5.3 Dicroico 5W 4000K Luz Fresca Socate MR16
050242;[5W-GU5.3-6.5K] Lucerna - Bombillo LED GU5.3 Dicroico 5W 6500K Luz Fria Socate MR16
050603;[5W-V-E14-3K] Lucerna - Bombillo LED Vela 5W 3000K Luz Calida 640lm Rosca E14
050594;[5W-V-E14-6.5K] Lucerna - Bombillo LED Vela 5W 6500K Luz Fria 640lm Rosca E14
100057;[60XL-COLOR] Maxiprint - Cartucho Tinta Color 60XL
100056;[60XL-NEGRO] Maxiprint - Cartucho Tinta Negro 60XL
050823;"[612SCCL-3CCT] Lucerna - Lampara Panel Driver/Integrado Compact Lumen LED 12W 6"" 3K 4K 65K Tres tonos Cuadrada Superficial 1080lm"
050829;"[612SCCL-6.5K] Lucerna - Lampara Panel Driver/Integrado Compact Lumen LED 12W 6"" 6500K Luz Fria Cuadrada Superficial 1080lm"
050821;"[612SCL-3CCT] Lucerna - Lampara Panel Driver/Integrado Compact Lumen LED 12W 6"" 3K 4K 65K Tres tonos Redonda Superficial 1080lm"
050828;"[612SCL-6.5K] Lucerna - Lampara Panel Driver/Integrado LED Compact Lumen 12W 6"" 6500K Luz Fria Redonda Superficial 1080lm"
050819;"[615CCL-3CCT] Lucerna - Lampara Panel Driver/Integrado LED Compact Lumen 15W 6"" 3K 4K 65K Tres tonos Cuadrada Empotrar 1275lm"
050637;"[615CCL-3K] Lucerna - Lampara Panel Driver/Integrado LED Compact Lumen 15W 6"" 3000K Luz Calida Cuadrada Empotrar 1275lm"
050636;"[615CCL-6.5K] Lucerna - Lampara Panel Driver/Integrado LED Compact Lumen 15W 6"" 6500K Luz Fria Cuadrada Empotrar 1275lm"
050815;"[615CL-3CCT] Lucerna - Lampara Panel Driver/Integrado LED Compact Lumen 15W 6"" 3K 4K 65K Tres tonos Redonda Empotrar 1275lm"
050608;"[615CL-3K] Lucerna - Lampara Panel Driver/Integrado LED Compact Lumen 15W 6"" 3000K Luz Calida Redonda Empotrar 1275lm"
050317;"[615CL-6.5K] Lucerna - Lampara Panel Driver/Integrado LED Compact Lumen 15W 6"" 6500K Luz Fria Redonda Empotrar 1275lm"
050760;"[615SCCL-3K] Lucerna - Lampara Panel Driver/Integrado Compact Lumen LED 12W 6"" 3000K Luz Calida Cuadrada Superficial 1080lm"
050380;"[615SCCL-6.5K] Lucerna - Lampara Panel Driver/Integrado Compact Lumen LED 12W 6"" 6500K Luz Fria Cuadrada Superficial 1080lm"
050639;"[615SCL-3K] Lucerna - Lampara Panel Driver/Integrado Compact Lumen LED 12W 6"" 3000K Luz Calida Redonda Superficial 1080lm"
050362;"[615SCL-6.5K] Lucerna - Lampara Panel Driver/Integrado LED Compact Lumen 12W 6"" 6500K Luz Fria Redonda Superficial 1080lm"
050350;"[618CHL-4K] Lucerna - Lampara Panel HighLumen LED 18W 6"" 4000K Luz Fresca Cuadrada Empotrar 1620lm"
050349;"[618CHL-6.5K] Lucerna - Lampara Panel HighLumen LED 18W 6"" 6500K Luz Fria Cuadrada Empotrar 1620lm"
050319;"[618HL-4K] Lucerna - Lampara Panel HighLumen LED 18W 6"" 4000K Luz Fresca Redonda Empotrar 1620lm"
050318;"[618HL-6.5K] Lucerna - Lampara Panel HighLumen LED 18W 6"" 6500K Luz Fria Redonda Empotrar 1620lm"
050382;"[618SCHL-4K] Lucerna - Lampara Panel HighLumen LED 18W 6"" 4000K Luz Fresca Cuadrada Superficial 1620lm"
050381;"[618SCHL-6.5K] Lucerna - Lampara Panel HighLumen LED 18W 6"" 6500K Luz Fria Cuadrada Superficial 1620lm"
050367;"[618SHL-4K] Lucerna - Lampara Panel HighLumen LED 18W 6"" 4000K Luz Fresca Redonda Superficial 1620lm"
050366;"[618SHL-6.5K] Lucerna - Lampara Panel HighLumen LED 18W 6"" 6500K Luz Fria Redonda Superficial 1620lm"
100081;[61XL-COLOR] Maxiprint - Cartucho Tinta Color 61XL
100080;[61XL-NEGRO] Maxiprint - Cartucho Tinta Negro 61XL
050700;"[624ML-6.5K] Lucerna - Lampara Panel MaxiLumen Alta Potencia LED 24W 6"" 6500K Luz Fria Redonda Empotrable 2400lm"
050702;"[624SML-6.5K] Lucerna - Lampara Panel MaxiLumen Alta Potencia LED 24W 6"" 6500K Luz Fria Redonda Superficial 2400lm"
060174;[650W-SLIM] Net-Star - Fuente de Poder 650W Slim
060173;[650W-STAND] Net-Star - Fuente de Poder 650W Standard
100059;[662XL-COLOR] Maxiprint - Cartucho Tinta Color 662XL
100058;[662XL-NEGRO] Maxiprint - Cartucho Tinta Negro 662XL
100061;[664XL-COLOR] Maxiprint - Cartucho Tinta Color 664XL
100060;[664XL-NEGRO] Maxiprint - Cartucho Tinta Negro 664XL
100147;[667XL-COLOR] Maxiprint - Cartucho Tinta Color 667XL
100146;[667XL-NEGRO] Maxiprint - Cartucho Tinta Negro 667XL
050354;"[7103L-6.5K] Lucerna - Lampara Panel Clasica LED 6W 4"" 6500K Luz Fria Redonda Superficial 450lm"
050375;"[7143L-6.5K] Lucerna - Lampara Panel Clasica LED 6W 4"" 6500K Luz Fria Cuadrada Superficial 450lm"
100183;[74XL-NEGRO] Maxiprint - Cartucho Tinta Negro 74XL
100184;[75XL-COLOR] Maxiprint - Cartucho Tinta Color 75XL
050226;[7W-B-E27-3K] Lucerna - Bombillo LED Bulbo 7W 3000K Luz Calida 630lm Rosca E27 A60
050225;[7W-B-E27-6.5K] Lucerna - Bombillo LED Bulbo 7W 6500K Luz Fria 630lm Rosca E27 A60
050824;"[818SCCL-3CCT] Lucerna - Lampara Panel Driver/Integrado LED Compact Lumen 18W 8"" 3K 4K 65K Tres tonos Cuadrada Superficial 1710lm"
050641;"[818SCCL-3K] Lucerna - Lampara Panel Driver/Integrado LED Compact Lumen 18W 8"" 3000K Luz Calida Cuadrada Superficial 1710lm"
050384;"[818SCCL-6.5K] Lucerna - Lampara Panel Driver/Integrado LED Compact Lumen 18W 8"" 6500K Luz Fria Cuadrada Superficial 1710lm"
050822;"[818SCL-3CCT] Lucerna - Lampara Panel Driver/Integrado LED Compact Lumen 18W 8"" 3K 4K 65K Tres tonos Redonda Superficial 1710lm"
050640;"[818SCL-3K] Lucerna - Lampara Panel Driver/Integrado LED Compact Lumen 18W 8"" 3000K Luz Calida Redonda Superficial 1710lm"
050370;"[818SCL-6.5K] Lucerna - Lampara Panel Driver/Integrado LED Compact Lumen 18W 8"" 6500K Luz Fria Redonda Superficial 1710lm"
050820;"[820CCL-3CCT] Lucerna - Lampara Panel Driver/Integrado LED Compact Lumen 20W 8"" 3K 4K 65K Tres tonos Cuadrada Empotrar 1900lm"
050615;"[820CCL-3K] Lucerna - Lampara Panel Driver/Integrado LED Compact Lumen 20W 8"" 3000K Luz Calida Cuadrada Empotrar 2090lm"
050614;"[820CCL-6.5K] Lucerna - Lampara Panel Driver/Integrado LED Compact Lumen 20W 8"" 6500K Luz Fria Cuadrada Empotrar 2090lm"
050816;"[820CL-3CCT] Lucerna - Lampara Panel Driver/Integrado LED Compact Lumen 20W 8"" 3K 4K 65K Tres tonos Redonda Empotrar 1900lm"
050609;"[820CL-3K] Lucerna - Lampara Panel Driver/Integrado LED Compact Lumen 20W 8"" 3000K Luz Calida Redonda Empotrar 2090lm"
050329;"[820CL-6.5K] Lucerna - Lampara Panel Driver/Integrado LED Compact Lumen 20W 8"" 6500K Luz Fria Redonda Empotrar 2090lm"
050353;"[822CHL-4K] Lucerna - Lampara Panel HighLumen LED 22W 8"" 4000K Luz Fresca Cuadrada Empotrar 1980lm"
050352;"[822CHL-6.5K] Lucerna - Lampara Panel HighLumen LED 22W 8"" 6500K Luz Fria Cuadrada Empotrar 1980lm"
050331;"[822HL-4K] Lucerna - Lampara Panel HighLumen LED 22W 8"" 4000K Luz Fresca Redonda Empotrar 1980lm"
050330;"[822HL-6.5K] Lucerna - Lampara Panel HighLumen LED 22W 8"" 6500K Luz Fria Redonda Empotrar 1980lm"
050386;"[822SCHL-4K] Lucerna - Lampara Panel HighLumen LED 22W 8"" 4000K Luz Fresca Cuadrada Superficial 1980lm"
050385;"[822SCHL-6.5K] Lucerna - Lampara Panel HighLumen LED 22W 8"" 6500K Luz Fria Cuadrada Superficial 1980lm"
050373;"[822SHL-4K] Lucerna - Lampara Panel HighLumen LED 22W 8"" 4000K Luz Fresca Redonda Superficial 1980lm"
050372;"[822SHL-6.5K] Lucerna - Lampara Panel HighLumen LED 22W 8"" 6500K Luz Fria Redonda Superficial 1980lm"
050701;"[836ML-6.5K] Lucerna - Lampara Panel MaxiLumen Alta Potencia LED 36W 8"" 6500K Luz Fria Redonda Empotrable 3600lm"
050387;"[836SCML-6.5K] Lucerna - Lampara Panel MaxiLumen Alta Potencia LED 36W 8"" 6500K Luz Fria Cuadrada Superficial 3600lm"
050374;"[836SML-6.5K] Lucerna - Lampara Panel MaxiLumen Alta Potencia LED 36W 8"" 6500K Luz Fria Redonda Superficial 3600lm"
050249;[8W-GU10-3K] Lucerna - Bombillo LED GU10 Dicroico 8W 3000K Luz Calida Socate GU10
050907;[8W-GU10-4K] Lucerna - Bombillo LED GU10 Dicroico 8W 4000K Luz Fresca Socate GU10
050248;[8W-GU10-6.5K] Lucerna - Bombillo LED GU10 Dicroico 8W 6500K Luz Fria Socate GU10
050247;[8W-GU5.3-3K] Lucerna - Bombillo LED GU5.3 Dicroico 8W 3000K Luz Calida Socate MR16
050906;[8W-GU5.3-4K] Lucerna - Bombillo LED GU5.3 Dicroico 8W 4000K Luz Fresca Socate MR16
050246;[8W-GU5.3-6.5K] Lucerna - Bombillo LED GU5.3 Dicroico 8W 6500K Luz Fria Socate MR16
100071;[901XL-COLOR] Maxiprint - Cartucho Tinta Color 901XL
100070;[901XL-NEGRO] Maxiprint - Cartucho Tinta Negro 901XL
060746;[980-001277] Logitech - Receptor de Audio Bluetooth USB
020600;[9A6L4-A5] Siemon - Cable F/UTP CAT6A (Categoria 6A) 100% Cobre Interior (Violeta) [Bobina 305 Metros]
020598;[9C5M4-E2-06] Siemon - Cable UTP CAT5e (Categoria 5e) 100% Cobre Interior (Azul) [Caja 305 Metros]
020599;[9C6M4-E2-RXA] Siemon - Cable UTP CAT6 (Categoria 6) 100% Cobre Interior (Gris) [Caja 305 Metros]
020601;[9T7L4-E10] Siemon - Cable S/FTP Categoria 7A 100% Cobre Interior Violeta [Bobina 305 Metros]
050638;[9W-B-E27-3K] Lucerna - Bombillo LED Bulbo 9W 3000K Luz Calida 810lm Rosca E27 A60
050227;[9W-B-E27-6.5K] Lucerna - Bombillo LED Bulbo 9W 6500K Luz Fria 810lm Rosca E27 A60
050231;[9W-BE-E27-6.5K] Lucerna - Bombillo LED Bulbo EmeRGEncia Recargable 9W 6500K Luz Fria 810lm Rosca E27
050593;[9W-BS-E27-RGB] Lucerna - Bombillo LED Smart 9W RGB Bluetooth Rosca E27
050909;[9W-RGB-SMART] Lucerna - Bombillo LED Smart WIFI 9W RGB
050241;[9W-T8-6.5K] Lucerna - Bombillo LED Tubo T8 9W 6500K Luz Fria 1080lm 60 cm T8
020235;[A10-ARCHER] TP-Link - Router Inalambrico WiFi Doble Banda AC2600 MU-MIMO 4 Antenas [3+1]
060427;[A10-BLACK/BLUE] Astro By Logitech - Audifonos Gaming Headset [Negro/Azul]
060425;[A10-WHITE/BLUE] Astro By Logitech - Audifonos Gaming Headset [Blanco/Azul]
060428;[A10-WHITE/GREEN] Astro By Logitech -  Audifonos Gaming Headset [Negro/Verde]
060426;[A10-WHITE/GREEN] Astro By Logitech - Audifonos Gaming Headset [Blanco/Verde]
070588;[A20-105/2-S] Igoto - Toma Corriente Doble con Tierra Serie A [Plata]
070593;[A2000-S] Igoto - Tapa Ciega 4x2 Serie A [Plata]
070585;[A2012-S] Igoto - Interruptor Simple Pequeño Serie A [Plata]
070586;[A2022-S] Igoto - Interruptor Doble Pequeño Serie A [Plata]
070587;[A2032-S] Igoto - Interruptor Triple Serie A [Plata]
070594;[A2036-S] Igoto - Interruptor Simple + Toma Corriente Serie A [Plata]
070591;[A2071S-S] Igoto - Toma para TV Serie A [Plata]
070589;[A2072-S] Igoto - Toma Telefonica Serie A [Plata]
070590;[A2073-S] Igoto - Toma de Red RJ45 Serie A [Plata]
070592;[A2091-S] Igoto - Interruptor Timbre Serie A [Plata]
100228;[A316] Astra - Difusor de Aroma Inteligente 1000Ml [Negro]
020898;[A36827-MDM/600x800] Onlink - Rack de Piso [27U] Cerrado 600x800x1387mm con Puerta Frontal de Malla y Doble Puerta Trasera de Malla [Negro]
021011;[A36832-MDM/600x800] Onlink - Rack de Piso [32U] Cerrado 600x800x1609mm con Puerta Frontal de Malla y Doble Puerta Trasera de Malla [Negro]
021013;[A36837-MDM/600x800] Onlink - Rack de Piso [37U] Cerrado 600x800x1832mm con Puerta Frontal de Malla y Doble Puerta Trasera de Malla [Negro]
020900;[A36842-MDM/600x800] Onlink - Rack de Piso [42U] Cerrado 600x800x2054mm con Puerta Frontal de Malla y Doble Puerta Trasera de Malla [Negro]
070718;[A60-105/2U] Igoto - Toma Corriente con Tierra + 2 USB Serie A [Blanco]
070598;[A60-105/2] Igoto - Toma Corriente Doble con Tierra Serie A [Blanco]
070604;[A6000] Igoto - Tapa Ciega 4x2 Serie A [Blanco]
070595;[A6012] Igoto - Interruptor Simple Pequeño Serie A [Blanco]
070596;[A6022] Igoto - Interruptor Doble Pequeño Serie A [Blanco]
070597;[A6032] Igoto - Interruptor Triple Serie A [Blanco]
070605;[A6036] Igoto - Interruptor Simple + Toma Corriente Serie A [Blanco]
070602;[A6071S] Igoto - Toma para TV Serie A [Blanco]
070599;[A6072] Igoto - Toma Telefonica Serie A [Blanco]
070600;[A6073] Igoto - Toma de Red RJ45 Serie A [Blanco]
070601;[A6081] Igoto - Interruptor Dimmer Serie A [Blanco]
070603;[A6091] Igoto - Interruptor Timbre Serie A [Blanco]
020757;[AB355NXT01] Nexxt - Cable UTP CAT5e (Categoria 5e) 100% Cobre 24AWG CM Interior (Gris) [305m/1000ft]
020758;[AB355NXT02] Nexxt - Cable UTP CAT5e (Categoria 5e) 100% Cobre 24AWG CM Interior (Azul) [305m/1000ft]
020759;[AB355NXT07] Nexxt - Cable UTP CAT5e (Categoria 5e) 100% Cobre 24AWG CMX Exterior (Negro) [305m/1000ft]
021699;[AB355NXT31] Nexxt - Cable UTP CAT5e (Categoria 5e) 100% Cobre 25AWG CM Interior (Gris) [305m/1000ft]
021119;[AB356NXT01] Nexxt - Cable UTP CAT6 (Categoria 6) 100% Cobre 23AWG CM Interior (Gris) [305m/1000ft]
020761;[AB356NXT02] Nexxt - Cable UTP CAT6 (Categoria 6) 100% Cobre 23AWG CM Interior (Azul) [305m/1000ft]
021701;[AB356NXT03] Nexxt - Cable UTP CAT6 (Categoria 6) 100% Cobre 23AWG CM Interior (Rojo) [305m/1000ft]
021700;[AB356NXT08] Nexxt - Cable UTP CAT6 (Categoria 6) 100% Cobre 23AWG CM Interior (Gris) [305m/1000ft]
021816;[AB356NXT10] Nexxt - Cable UTP CAT6 (Categoria 6) 100% Cobre 23AWG LSZH Interior (Azul) [305m/1000ft]
020762;[AB356NXT11] Nexxt - Cable UTP CAT6 (Categoria 6) 100% Cobre 23AWG CM Interior (Gris) [305m/1000ft]
020763;[AB356NXT13] Nexxt - Cable UTP CAT6 (Categoria 6) 100% Cobre 23AWG CM Interior (Rojo) [305m/1000ft]
020764;[AB356NXT16] Nexxt - Cable UTP CAT6 (Categoria 6) 100% Cobre 23AWG CMR Interior (Gris) [305m/1000ft]
020765;[AB356NXT17] Nexxt - Cable UTP CAT6 (Categoria 6) 100% Cobre 23AWG CMR Interior (Azul) [305m/1000ft]
020766;[AB356NXT21] Nexxt - Cable UTP CAT6 (Categoria 6) 100% Cobre 23AWG CM Interior (Gris) [100m/328ft]
021702;[AB356NXT31] Nexxt - Cable UTP CAT6 (Categoria 6) 100% Cobre 24AWG CM Interior (Gris) [305m/1000ft]
021120;[AB356NXT32] Nexxt - Cable UTP CAT6 (Categoria 6) 100% Cobre 24AWG CM Interior (Azul) [305m/1000ft]
020767;[AB357NXT01] Nexxt - Cable S/FTP CAT6A (Categoria 6A) 100% Cobre 23AWG Tipo LSZH Interior (Gris) [305m/1000ft]
021817;[AB357NXT03] Nexxt - Cable UTP CAT6 (Categoria 6) 100% Cobre 23AWG LSZH Interior (Gris) [305m/1000ft]
020768;[AB357NXT04] Nexxt - Cable U/UTP CAT6A (Categoria 6A) 100% Cobre 23AWG Tipo LSZH Interior (Azul) [305m/1000ft]
020127;[AB360NXT01] Nexxt - Patch Cord UTP Multifilar CAT5e (Categoria 5e) 24AWG Revestimiento CM (Gris) [1M/3ft] [Unidad]
021703;[AB360NXT02] Nexxt - Patch Cord UTP Multifilar CAT5e (Categoria 5e) 26AWG Revestimiento CM (Azul) [1M/3ft] [Unidad]
021704;[AB360NXT12] Nexxt - Patch Cord UTP Multifilar CAT5e (Categoria 5e) 24AWG Revestimiento CM (Gris) [2M/7ft] [Unidad]
021705;[AB360NXT13] Nexxt - Patch Cord UTP Multifilar CAT5e (Categoria 5e) 24AWG Revestimiento CM (Azul) [2M/7ft] [Unidad]
021818;[AB360NXT23] Nexxt - Patch Cord UTP Multifilar CAT5e (Categoria 5e) 24AWG Revestimiento CM (Gris) [3M/10ft] [Unidad]
020128;[AB360NXT24] Nexxt - Patch Cord UTP Multifilar CAT5e (Categoria 5e) 24AWG Revestimiento CM (Azul) [3M/10ft] [Unidad]
021706;[AB360NXT34] Nexxt - Patch Cord UTP Multifilar CAT5e (Categoria 5e) 24AWG Revestimiento CM (Gris) [4M/14ft] [Unidad]
021707;[AB360NXT35] Nexxt - Patch Cord UTP Multifilar CAT5e (Categoria 5e) 24AWG Revestimiento CM (Azul) [4M/14ft] [Unidad]
020129;[AB361NXT01] Nexxt - Patch Cord Multifilar UTP CAT6 (Categoria 6) 24AWG Revestimiento CM [90cm/3ft] Interior (Gris) [Unidad]
021819;[AB361NXT03] Nexxt - Patch Cord UTP Multifilar CAT6 (Categoria 6) (Rojo) 24AWG LSZH [1M/3ft] Interior (Rojo) [Unidad]
021820;[AB361NXT12] Nexxt - Patch Cord UTP Multifilar CAT6E (Categoria 6E) 24AWG Revestimiento CM [1M/3ft] Interior (Gris) [Unidad]
021821;[AB361NXT13] Nexxt - Patch Cord UTP Multifilar CAT6E (Categoria 6E) 24AWG Revestimiento CM [2M/7ft] Interior (Azul) [Unidad]
021822;[AB361NXT14] Nexxt - Patch Cord UTP Multifilar CAT6 (Categoria 6) 24AWG Revestimiento CM [2M/7ft] Interior (Rojo) [Unidad]
021823;[AB361NXT23] Nexxt - Patch Cord UTP Multifilar CAT6E (Categoria 6E) 24AWG Revestimiento CM [3M/10ft] Interior (Gris) [Unidad]
021157;[AB361NXT24] Nexxt - Patch Cord UTP Multifilar CAT6E (Categoria 6E) 24AWG Revestimiento CM [3M/10ft] Interior (Azul) [Unidad]
020769;[AB361NXT34] Nexxt - Patch Cord UTP Multifilar CAT6 (Categoria 6) 24AWG Revestimiento CM [30cm/1ft] Interior (Gris) [Unidad]
021824;[AB361NXT35] Nexxt - Patch Cord UTP Multifilar CAT6 (Categoria 6) 24AWG Revestimiento CM [30CM/1ft] Interior (Azul) [Unidad]
021825;[AB361NXT38] Nexxt - Patch Cord UTP Multifilar CAT6 (Categoria 6) 24AWG LSZH [1M/3ft] Interior (Gris) [Unidad]
021826;[AB361NXT39] Nexxt - Patch Cord UTP Multifilar CAT6 (Categoria 6) 24AWG LSZH [2M/7ft] Interior (Gris) [Unidad]
021827;[AB361NXT40] Nexxt - Patch Cord UTP Multifilar CAT6 (Categoria 6) 24AWG LSZH [3M/10ft] Interior (Gris) [Unidad]
020770;[AB362NXT05] Nexxt - Patch Cord UTP Multifilar CAT6A (Categoria 6A) 26AWG Tipo LSZH [2M/7ft] Interior (Azul) [Unidad]
021828;[AB362NXT06] Nexxt - Patch Cord UTP Multifilar CAT6A (Categoria 6A) 24AWG LSZH [1M/3ft] Interior (Gris) [Unidad]
021829;[AB362NXT07] Nexxt - Patch Cord UTP Multifilar CAT6A (Categoria 6A) (Gris) 24AWG LSZH [2M/7ft] Interior (Gris) [Unidad]
020771;[AB362NXT08] Nexxt - Patch Cord S/FTP Multifilar CAT6A (Categoria 6A) 26AWG Tipo LSZH [90cm/3ft] Interior (Gris) [Unidad]
020772;[AB362NXT13] Nexxt - Patch Cord S/FTP Multifilar CAT6A (Categoria 6A) 26AWG Tipo LSZH [2M/7ft] Interior (Azul) [Unidad]
021830;[AB362NXT15] Nexxt - Patch Cord UTP Multifilar CAT6A (Categoria 6A) 24AWG LSZH [3M/10ft] Interior (Azul) [Unidad]
061075;[AC3001-SE] Fantech - Soporte para Audifonos de Torre Space Edición
061451;[AC3001S(RD)] Fantech - Soporte para Audifonos de Torre [Rojo]
061679;[AC3004(GN)] Fantech - Soporte para Audifonos de Torre II Mint Edition
061074;[AC304-BLACK] Fantech - Soporte para Audifonos de Torre II Negro
010001;[ACC-CAB-BNC1-10UND] Wireplus - Patch Cord BNC [1 Metro] [10 Unidades]
010075;[ACC-CAB-BNC1-1UND] Wireplus - Patch Cord BNC [1 Metro] [Unidad]
010049;[ACC-CAB-BNC2-10UND] Wireplus - Patch Cord BNC [2 Metros] [10 Unidades]
010081;[ACC-CAB-BNC2-1UND] Wireplus - Patch Cord BNC [2 Metros] [Unidad]
010031;[ACC-CON-RG59-10UND] Wireplus - Conector BNC RG59 Enroscable [10 Unidades]
010076;[ACC-CON-RG59-1UND] Wireplus - Conector BNC RG59 Enroscable [Unidad]
010039;[ACC-CON-RG6-10UND] Wireplus - Conector BNC RG6 Enroscable [10 Unidades]
010077;[ACC-CON-RG6-1UND] Wireplus - Conector BNC RG6 Enroscable [Unidad]
020110;[ACC-CON-RJ11] Wireplus - Conector RJ11 [100 Unidades]
020077;[ACC-CON-RJ45CAT5-1] Wireplus - Conector RJ45 CAT5e (Categoria 5e) [Unidad]
020100;[ACC-CON-RJ45CAT5-B-100] Wireplus - Conector RJ45 CAT5e (Categoria 5e) Blindado [100 Unidades]
020097;[ACC-CON-RJ45CAT5-B-1] Wireplus - Conector RJ45 CAT5e (Categoria 5e) Blindado [Unidad]
020001;[ACC-CON-RJ45CAT6-1] Wireplus - Conector RJ45 CAT6 (Categoria 6) [Unidad]
020101;[ACC-CON-RJ45CAT6-B-1] Wireplus - Conector RJ45 CAT6 (Categoria 6) Blindado [Unidad]
020006;[ACC-CON-RJ9-100UND] Wireplus - Conector RJ9 [100 Unidades]
021847;[ACC-CRIMP-EZ] Wireplus - Herramienta Crimpeadora para RJ45 Pass Trought Pasante EZ
020008;[ACC-CRIMP] Wireplus - Crimpeadora 4-6-8 Hilos Presion
020094;[ACC-ORG-H-1U] Wireplus - Organizador de Cables Horizontal 1U Solo Frente
061569;[ACGP05-BK] Fantech - Estación de Carga Para Control Ps5 [Negro]
061570;[ACGP05-GY] Fantech - Estación de Carga Para Control Ps5 [Gris]
060612;[ACH228USZ] Targus - Adaptador MultiPuerto Hub con 2x Puertos USB-A y 2x Puertos USB-C con 100W
061620;[ACT2504BK] Astra - Audifonos ONIX Inalambricos con Bluetooth [Negro]
060611;[ACX120USX] Targus - Adaptador DVI-I Macho a VGA Hembra
061276;[AD4S320016G22] Adata - Memoria RAM DDR4 16Gb Sodimm 3200Mhz CL22 PC4-25600 de 260 Pines
061275;[AD4S32008G22] Adata - Memoria RAM DDR4 8Gb Sodimm 3200Mhz CL22 PC4-25600 de 260 Pines
061278;[AD4U320016G22] Adata - Memoria RAM DDR4 16Gb Udimm 3200Mhz 288 Pines
061277;[AD4U32008G22] Adata - Memoria RAM DDR4 8Gb Udimm 3200Mhz 288 Pines
061283;[AD5U560016G-S] Adata - Memoria RAM DDR5 16Gb Udimm 5200Mhz 288 Pines
080032;[ADA006] Convertidor Video HDMI Hembra a RCA Hembra
060027;[ADA008-10] Union HDMI Hembra Doble [10 Unidades]
060153;[ADA008-1] Union HDMI Hembra Doble [Unidad]
010025;[ADA010-10] Conector BNC Macho Atornillable [10 Unidades]
010079;[ADA010-1] Conector BNC Macho Atornillable [Unidad]
060060;[ADA016] Adaptador HDMI Hembra a Mini / Micro HDMI Macho
060997;[ADA023] Convertidor Video HDMI Macho a VGA-H C/Audio y Corriente
060448;[ADA025] Adaptador USB 2.0 y 3.0 a VGA
060059;[ADA026] Adaptador USB-M a HDMI Hembra
080053;[ADA033-10] Adaptador Europeo a Americano [10 Unidades]
080062;[ADA033-1] Adaptador Europeo a Americano [Unidad]
080115;[ADA034-10] Adaptador Europeo a Americano 3 Pin [10 Unidades]
080114;[ADA034-1] Adaptador Europeo a Americano 3 Pin [Unidad]
060120;[ADA043] Adaptador DVI-D 24+1 Macho a VGA-H
080082;[ADA044] Convertidor DisplayPort-M a VGA-H
080083;[ADA051] Convertidor DisplayPort-M a HDMI Hembra
080041;[ADA053] Convertidor Video HDMI Macho a VGA-H S/Audio
080040;[ADA054] Convertidor Video HDMI Macho a VGA-H C/Audio
060443;[ADA056] Extensor HDMI Macho a RJ45 Pasivo 1C [30 Metros]
060026;[ADA061] Conector HDMI Macho a HDMI Hembra Tipo L
080078;[ADA068] Convertidor Video AV/RCA a VGA
060033;[ADA069] Splitter Activo HDMI HD 2K/4K 1x2
080079;[ADA070] Convertidor Video VGA a RCA
060023;[ADA085] Splitter Activo HDMI HD 2K/4K 1x4
060998;[ADA089] Adaptador USB-C a VGA-H
080092;[ADA090] Adaptador USB-C a HDMI-H
060999;[ADA091] Adaptador USB-C a DVI-H
061000;[ADA100] Adaptador USB-C a Displayport-H
061001;[ADA101] Adaptador OTG USB-C a USB/SD/TF
060996;[ADA106] Adaptador USB-M a HDMI/VGA Hembra
061641;[ADA122] Adaptador 5 en 1 Tipo C a USB3.0/HDMI/VGA/AUX/PD
080121;[ADS-26FSG-12] Hikvision - Transformador 12V 1.5Amp
061381;[ADX001] Astra - Soplador de Aire Comprimido Inalambrico Recargable 15.000Mah
061039;[AE-DC2015-B1] Hikvision - Cámara Móvil (Dash Cam) para Vehículos H.264 Micrófono y Bocina Integrado Wi-Fi Micro SD Conector USB G-Sensor
010913;"[AE-DC2928-N6] Hikvision - Cámara de Retrovisor Cámara Frontal de 2MP y Trasera de 2MP (1080p) H.265 Pantalla 9.35"" G-Sensor Micrófono y Bocina Integrada"
061040;[AE-DC5113-F6S] Hikvision - Cámara Móvil (Dash Cam) para Vehículos 1600P Micrófono y Bocina Integrado Wi-Fi Micro SD Touch Screen
011090;[AE-DI2032-G40(B)(US)] Hikvision - Kit Cámara de Tablero DashCam 4G LTE [2Mp] 1080p y Fotos de [4Mp] WiFi GPS Sensor G Micrófono y Bocina Integrado Memoria Micro SD Soporta App Remoto
010914;[AE-MC0708-8C01] Hikvision - Cable Extensor de Vídeo y Audio de 6 Metros Conector Tipo Aviación Compatible con Dashcam AE-DI2032G40(B)
010898;"[AE-VD2501A-A/NTSC] Hikvision - Sistema de Monitoreo Local 4 Cámaras 1080p para Exterior (IP68) y Pantalla LCD de 7"" a Color Soporta Cambio de Cámara al Dar Reversa al Vehiculo"
020777;[AE180NXT03] Nexxt - Caja de Montaje Superficial RJ45 CAT5E 1 Puerto
020737;[AE180NXT07] Nexxt - Conector Jack Coupler RJ45 Acoplador Lineal CAT5e (Categoria 5e) (Blanco) [Unidad]
020736;[AE180NXT08] Nexxt - Conector Jack Coupler RJ45 Acoplador Lineal CAT6E (Categoria 6E) (Blanco) [Unidad]
020778;[AE180NXT13] Nexxt - Caja de Montaje Superficial RJ45 CAT5E 2 Puertos
061274;"[AED600-U31-CBK] Adata - Gabinete ED600 para SSD ó HDD de 7mm y 9.5mm 2.5"" Convierte tu SSD (SATA) en un Disco Externo USB 3.0"
020909;[AF-5G23-S45] Ubiquiti - Antena Direccional airFiber X Punto a Punto [PtP] 5 GHz [5.1 - 5.9 GHz] de 23 dBi slant 45
020790;[AF-5G30-S45] Ubiquiti - Antena Direccional airFiber X Punto a Punto [PtP] 5 GHz [4.9 - 5.8 GHz] de 30 dBi slant 45
021019;[AF-5G34-S45] Ubiquiti - Antena Direccional airFiber X Enlaces Punto a Punto [PtP] Frecuencia 5Ghz de 34 dBi Slant 45
020791;[AF-5XHD] Ubiquiti - Airfiber Radio Backhaul conectorizado de alta capacidad tecnología LTU 1 Gbps 5 GHz [4.8 - 6.2 GHz]
021020;[AF60-HD] Ubiquiti - airFiber Radio de 60 GHz de baja interferencia con Puerto SFP+ de 1-10G Enlaces Punto a Punto [PtP]
020792;[AF60-LR] Ubiquiti - Radio UISP [PtP] airFiber de 60 GHz largo alcance con tecnología Wave hasta 1.9 Gbps
021870;[AF60-XG] Ubiquiti - airFiber 60 XG Radio PtP 60 GHz (57–66 GHz) con Radio de Respaldo de 5 GHz para una Distancia de Hasta 4 km con Soporte SFP+
021021;[AF60-XR] Ubiquiti - airFiber Radio de 60 GHz de baja interferencia con Puerto SFP+ de 1-10G Enlaces Punto a Punto [PtP]
061238;[AGAMMIXS11P-1TT] Adata - Disco de Estado Solido SSD XPG Gammix S11 Pro 1Tb PCIe Gen3 NVMe M.2 2280
061240;[AGAMMIXS60-1T-CS] Adata - Disco de Estado Solido SSD XPG Gammix S60 1Tb PCIe Gen4 NVMe M.2 2280
061241;[AGAMMIXS60-2T-CS] Adata - Disco de Estado Solido SSD XPG Gammix S60 2Tb PCIe Gen4 NVMe M.2 2280
061243;[AGAMMIXS70B-1T-CS] Adata - Disco de Estado Solido SSD XPG Gammix S70 Blade 1Tb PCIe Gen4 NVMe M.2 2280
061244;[AGAMMIXS70B-2T-CS] Adata - Disco de Estado Solido SSD XPG Gammix S70 Blade 2Tb PCIe Gen4 NVMe M.2 2280
061242;[AGAMMIXS70B-512G-CS] Adata - Disco de Estado Solido SSD XPG Gammix S70 Blade 512Gb PCIe Gen4 NVMe M.2 2280
061256;[AHD680-1TU31-CBK] Adata - Disco Duro Externo Portatil HD680 1Tb USB 3.1 Gen1 [Negro]
061257;[AHD680-2TU31-CBL] Adata - Disco Duro Externo Portatil HD680 2Tb USB 3.1 Gen1 [Azul]
061252;[AHV320-1TU31-CBK] Adata - Disco Duro Externo Portatil HV320 1Tb USB 3.1 Gen1 [Negro]
061253;[AHV320-1TU31-CBL] Adata - Disco Duro Externo Portatil HV320 1Tb USB 3.1 Gen1 [Azul]
061254;[AHV320-2TU31-CBK] Adata - Disco Duro Externo Portatil HV320 2Tb USB 3.1 Gen1 [Negro]
061255;[AHV320-2TU31-CBL] Adata - Disco Duro Externo Portatil HV320 2Tb USB 3.1 Gen1 [Azul]
061418;[AKE1500] Astra - UPS 1500Va/900W 110V 6 Nemas 50-60Hz con Panel LED
061419;[AKE2000] Astra - UPS 2000Va/1200W 110V 6 Nemas 50-60Hz con Panel LED
061420;[AKE3000] Astra - UPS 3000Va/1800W 110V 6 Nemas 50-60Hz con Panel LED
061421;[AKE500] Astra - UPS 500Va/300W 110V 4 Nemas 50-60Hz con Panel LED
061234;[ALEG-710-1TCS] Adata - Disco de Estado Solido SSD Legend 710 1Tb PCIe Gen3 NVMe M.2 2280
061232;[ALEG-710-256GCS] Adata - Disco de Estado Solido SSD Legend 710 256Gb PCIe Gen3 NVMe M.2 2280
061233;[ALEG-710-512GCS] Adata - Disco de Estado Solido SSD Legend 512Gb PCIe Gen3 NVMe M.2 2280
061236;[ALEG-850-1TCS] Adata - Disco de Estado Solido SSD Legend 850 1Tb PCIe Gen4 NVMe M.2 2280
061237;[ALEG-850-2TCS] Adata - Disco de Estado Solido SSD Legend 850 2Tb PCIe Gen4 NVMe M.2 2280
061235;[ALEG-850-512GCS] Adata - Disco de Estado Solido SSD Legend 850 512Gb PCIe Gen4 NVMe M.2 2280
020912;[AM-2G15-120] Ubiquiti - Antena Sectorial para Radio Estaciones Base airMAX de 120 Grados 2 GHz [2.3-2.7 GHz] de 15 dBi
021022;[AM-5AC21-60] Ubiquiti - Antena Sectorial de Estación Base airMAX AC de 60° 2X2 de 5 Ghz de 21 dBi
021023;[AM-5AC22-45] Ubiquiti - Antena Sectorial de Estación Base airMAX AC de 45° 2X2 de 5 Ghz de 22 dBi
020793;[AM-5G16-120] Ubiquiti - Antena Sectorial para Radio Estaciones Base airMAX de 120 Grados 5 GHz [5.10-5.85 GHz] de 16 dBi
020794;[AM-5G17-90] Ubiquiti - Antena Sectorial para Radio Estaciones Base airMAX de 90 Grados 5 GHz [4.90-5.85 GHz] de 17 dBi
020795;[AM-5G19-120] Ubiquiti - Antena Sectorial para Radio Estaciones Base airMAX de 120 Grados 5 GHz [5.15-5.85 GHz] de 19 dBi
020796;[AM-5G20-90] Ubiquiti - Antena Sectorial para Radio Estaciones Base airMAX de 90 Grados 5 GHz [5.15-5.85 GHz] de 20 dBi
021163;[AMO-5G13] Ubiquiti - Antena Omnidireccional Cobertura de 360° Doble polaridad MIMO 2x2 Frecuencia 5 GHz [5.45-5.85 GHz] de 13 dBi
050396;[ANTI-18W-60CM] Lucerna - Lampara Tubo Antipolvo LED 18W 6500K Luz Fria 60cm Interiores/Exteriores 1620lm
050397;[ANTI-36W-120CM] Lucerna - Lampara Tubo Antipolvo LED 36W 6500K Luz Fria 120cm Interiores/Exteriores 3420lm
061422;[AP2KVA] Astra - UPS 2Kva/1200W 110V 4 Nemas 50-60Hz con Panel LCD
061423;[AP3KVA] Astra - UPS 3Kva/1800W 110V 4 Nemas 50-60Hz con Panel LCD
020591;[AP4] Tenda - Punto de Acceso Inalambrico N 300Mbps 2 Antenas 5dBi en 2.4Ghz
021490;[AP7650] TP-Link - Punto de Acceso Wi-Fi 6 de Montaje en Pared AX3000 [Omada Pro]
021491;[AP8635-I] TP-Link - Punto de Acceso Inalambrico Doble Banda WiFi6 AX1800 de Exterior/Interior [Omada Pro]
021492;[AP9635] TP-Link - Punto de Acceso de Montaje en Techo Inalambrico Doble Banda Gigabit AX1800 [Omada Pro]
021493;[AP9650] TP-Link - Punto de Acceso de Montaje en Techo Inalambrico Doble Banda Gigabit AX3000 [Omada Pro]
061271;[AROY-UR340-64GBK] Adata - Memoria USB Pendrive UR340 64GB USB 3.2 [Negro]
061424;[AS11EN1] Astra - Adaptador 11 en 1 Tipo C (RJ45 + TF/SD + HDTV + USB x 4 + TIPO C + AUDIO + VGA)
061501;[AS303] Astra - Case Gaming 4 Fan RGB [Negro]
061502;[AS304] Astra - Case Gaming Vidrio Templado 3 Fan RGB [Negro]
020897;[AS6827-VDM/600x800] Onlink - Rack de Piso [27U] Cerrado 600x800x1387mm con Puerta Frontal de Vidrio y Doble Puerta Trasera de Malla [Negro]
021010;[AS6832-VDM/600x800] Onlink - Rack de Piso [32U] Cerrado 600x800x1609mm con Puerta Frontal de Vidrio y Doble Puerta Trasera de Malla [Negro]
021012;[AS6837-VDM/600x800] Onlink - Rack de Piso [37U] Cerrado 600x800x1832mm con Puerta Frontal de Vidrio y Doble Puerta Trasera de Malla [Negro]
020899;[AS6842-VDM/600x800] Onlink - Rack de Piso [42U] Cerrado 600x800x2054mm con Puerta Frontal de Vidrio y Doble Puerta Trasera de Malla [Negro]
061425;[AS8EN1] Astra - Adaptador 8 en 1 Tipo C (RJ45 + TF/SD + HDTV + USB x 2 + TIPO C + PD)
090436;[ASF045L] Dahua - Brazo Cierrapuertas Automático para Instalaciones en Puertas de hasta 45KG Angulo de Apertura de 180° Ambos sentidos Derecha o Izquierda
090437;[ASF065L] Dahua - Brazo Cierrapuertas Automático para Instalaciones en Puertas de hasta 65KG Angulo de Apertura de 180° Ambos sentidos Derecha o Izquierda
090438;[ASF085L] Dahua - Brazo Cierrapuertas Automático para Instalaciones en Puertas de hasta 85KG Angulo de Apertura de 180° Ambos sentidos Derecha o Izquierda
061503;[ASF09] Astra - Case M-ATX 29.5 x 16.5 x 35.5cm 230W [Negro]
090331;[ASF500L] Dahua - Bracket Base o Soporte Tipo L para Cerradura Magnetica de 1100 Lbs (500 Kgs) Compatible con DHI-ASF500A
090440;[ASF500ZL] Dahua - Bracket Base o Soporte Tipo ZL para Cerradura Magnetica de 1100 Lbs (500 Kgs) Compatible con DHI-ASF500A
090329;[ASF705] Dahua - Cerradura Hembrilla Contrachapa Eléctrica Soporta hasta 500 Kgs Permite Ajuste de Distancia Perno de Bloqueo Aplicaciones en Puerta de Metal y Madera
090475;"[ASI2212H-W] Dahua - Control de Acceso y Asistencia con Pantalla de 2.4"" con Reconocimiento Facial (30.000 Usuarios 30.000 Claves 3.000 Tarjetas IC Mifare 3.000 Huellas) Comunicación TCP/IP y Wi-Fi para Interiores y Exteriores [Serie ASI2]"
061504;[ASM20] Astra - Case M20 Micro ATX 31.17 x 35cm 230W [Negro]
061505;[ASPS650W80B] Astra - Fuente De Poder 650W 80 Plus Broze Cerificada ATX con Fan Negro
061506;[ASPS650WARG] Astra - Fuente De Poder 650W 80 Plus Bronze Certificada ATX con Fan ARGB
061507;[ASPS750W80B] Astra - Fuente De Poder 750W 80 Plus Bronze Certificada ATX con Fan Negro
061508;[ASPS750WARG] Astra - Fuente De Poder 750W 80 Plus Bronze Certificada ATX con Fan ARGB
061670;"[ASTDA105] Astra - Base de Brazo Ajustable de Acero para Monitor 15""-32"" hasta 9kg [Blanco y Gris]"
061673;"[ASTDA66C024] Astra - Soporte Ajustable de Acero para Monitor 17""-32"" y Laptop hasta 9kg [Negro]"
061671;"[ASTDA97C013] Astra - Base de Brazo Ajustable de Acero para Monitor 17""-32"" hasta 9kg [Negro]"
061672;"[ASTDA97C024] Astra - Base de Brazo Doble Ajustable de Acero para Monitor 17""-32"" hasta 9kg por Pantalla [Negro]"
061668;[ASTSPE8] Astra - Corneta Portátil 45W Conexión Bluetooth TWS IPX5 RGB [Negro]
061669;[ASTSPU5] Astra - Corneta Portátil 60W Conexión Bluetooth TWS IPX5 RGB [Negro]
061245;"[ASU630SS-240GQ-R] Adata - Disco de Estado Solido SU630 SSD 240Gb 2.5"" SATAIII"
061247;"[ASU630SS-480GQ-R] Adata - Disco de Estado Solido SU630 SSD 480Gb 2.5"" SATAIII"
061248;"[ASU630SS-960GQ-R] Adata - Disco de Estado Solido SU630 SSD 960Gb 2.5"" SATAIII"
061246;"[ASU650SS-240GT-R] Adata - Disco de Estado Solido SU650 SSD 240Gb 2.5"" SATAIII"
061491;[ASUSB128GB] Astra - Pendrive USB 128Gb Dual Slim 3.2
061500;[ASUSB256GB] Astra - Pendrive USB 256Gb Dual Slim 3.2
061496;[ASUSB64GB] Astra - Pendrive USB 64Gb Dual Slim 3.2
061677;[ASXH240B] Astra - Refrigeración Líquida para CPU Intel/AMD ARGB 240mm 2xFan 71.5CFM [Negro]
021179;[ATB-BOTARJ45A] Beconnect - Botas Protectoras RJ45 Color Azul [50 Unidades]
021178;[ATB-BOTARJ45G] Beconnect - Botas Protectoras RJ45 Color Gris [50 Unidades]
021208;[ATB-CAJANAP16F] Beconnect - Caja de Distribucion NAP [Completa] FTTH  para exteriores 16 hilos Fibra Optica 
021206;[ATB-CAJANAP16] Beconnect - Caja de Distribucion NAP [Vacia] FTTH  para exteriores 16 hilos Fibra Optica 
021207;[ATB-CAJANAP8F] Beconnect - Caja de Distribucion NAP [Completa] FTTH  para exteriores 8 hilos Fibra Optica 
021205;[ATB-CAJANAP8] Beconnect - Caja de Distribucion NAP [Vacia] FTTH  para exteriores 8 hilos Fibra Optica 
021195;[ATB-CFC5INDCCA1] Beconnect - Cable FTP Apantallado CAT5e (Categoria 5e) CCA Interior (Gris) [Bobina 100 Metros]
021197;[ATB-CFC5INDCCA3] Beconnect - Cable FTP Apantallado CAT5e (Categoria 5e) CCA Interior (Gris) [Bobina 305 Metros]
021196;[ATB-CFC5OUTCCA1] Beconnect - Cable FTP Apantallado CAT5e (Categoria 5e) CCA Doble Chaqueta Exterior (Negro) [Bobina 100 Metros]
021198;[ATB-CFC5OUTCCA3] Beconnect - Cable FTP Apantallado CAT5e (Categoria 5e) CCA Doble Chaqueta Exterior (Negro) [Bobina 305 Metros]
021204;[ATB-CFC6AINDCOP1] Beconnect - Cable FTP Apantallado CAT6A (Categoria 6A) 100% Cobre Interior (Naranja) [Bobina 100 Metros]
021203;[ATB-CFC6AINDCOP3] Beconnect - Cable FTP Apantallado CAT6A (Categoria 6A) 100% Cobre Interior (Naranja) [Bobina 305 Metros]
021199;[ATB-CFC6INDCCA1] Beconnect - Cable FTP Apantallado CAT6 (Categoria 6) CCA Interior (Gris) [Bobina 100 Metros]
021201;[ATB-CFC6INDCCA3] Beconnect - Cable FTP Apantallado CAT6 (Categoria 6) CCA Interior (Gris) [Bobina 305 Metros]
021193;[ATB-CFC6INDCOP1] Beconnect - Cable FTP Apantallado CAT6 (Categoria 6) 100% cobre Interior (Azul) [Bobina 100 Metros]
021200;[ATB-CFC6OUTCCA1] Beconnect - Cable FTP Apantallado CAT6 (Categoria 6) CCA Doble Chaqueta Exterior (Negro) [Bobina 100 Metros]
021202;[ATB-CFC6OUTCCA3] Beconnect - Cable FTP Apantallado CAT6 (Categoria 6) CCA Doble Chaqueta Exterior (Negro) [Bobina 305 Metros]
021194;[ATB-CFC6OUTCOP1WM] Beconnect - Cable FTP Apantallado CAT6 (Categoria 6) 100% Cobre Doble Chaqueta con Mensajero Exterior (Negro) [Bobina 100 Metros]
021192;[ATB-CFC6OUTCOP1] Beconnect - Cable FTP Apantallado CAT6 (Categoria 6) 100% Cobre Doble Chaqueta Exterior (Negro) [Bobina 100 Metros]
021753;[ATB-CFC6OUTCOP3WM] Beconnect - Cable FTP Apantallado CAT6 (Categoria 6) 100% Cobre Doble Chaqueta Exterior (Negro) [Bobina 305 Metros]
021509;[ATB-COUPLER5] Beconnect  - Conector Keystone Jack Coupler RJ45 CAT5e (Categoria 5e) (Blanco) [Unidad]
021508;[ATB-COUPLER6AB] Beconnect  - Conector Keystone Jack Coupler RJ45 CAT6A (Categoria 6A) (Blanco) [Unidad]
020976;[ATB-COUPLER6] Beconnect  - Conector Keystone Jack Coupler RJ45 CAT6 (Categoria 6) (Blanco) [Unidad]
021751;[ATB-CRIMPER] Beconnect - Crimpeadora para RJ45 - RJ11
021190;[ATB-CRJ45F5FC] Beconnect - Conector RJ45 Blindado CAT5e (Categoria 5e) FTP Passtrough [50 Unidades]
021188;[ATB-CRJ45F5] Beconnect - Conector RJ45 Blindado CAT5e (Categoria 5e) FTP [50 Unidades]
021191;[ATB-CRJ45F6FC] Beconnect - Conector RJ45 Blindado CAT6 (Categoria 6) FTP Passtrough [50 Unidades]
021189;[ATB-CRJ45F6] Beconnect - Conector RJ45 Blindado CAT6 (Categoria 6) FTP [50 Unidades]
021724;[ATB-CUC5OUTCOP1] Beconnect - Cable UTP CAT5e (Categoria 5e) Exterior 100% Cobre Doble Chaqueta 0.45MM Exterior (Negro) [Bobina 100 Metros]
021515;[ATB-CUC5OUTCOP3] Beconnect - Cable UTP CAT5e (Categoria 5e) Exterior 100% Cobre Doble Chaqueta 0.45MM Exterior (Negro) [Bobina 305 Metros]
021214;[ATB-FASTCATC] Beconnect - Conector Rapido de Fibra Optica FTTH UPC Azul [ESC250D] [5 unidades]
021212;[ATB-FASTCA] Beconnect - Conector de Fibra Optica FTTH UPC Azul [10 unidades]
021213;[ATB-FASTCVTC] Beconnect - Conector Rapido de Fibra Optica FTTH APC Verde [ESC250D] [5 unidades]
021211;[ATB-FASTCV] Beconnect - Conector de Fibra Optica FTTH APC Verde [10 unidades]
021752;[ATB-FP421P] Beconnect - Face Plate Placa Frontal de Pared para Keystone 1 Puerto Blanco [Unidad]
021510;[ATB-FP422P] Beconnect - Face Plate Placa Frontal de Pared para Keystone 2 Puertos Blanco [Unidad]
021220;[ATB-HEBILLA] Beconnect - Hebilla12.7x1.2mm [Acero] fibra [20 Unidades]
021221;[ATB-HERRAJETJ] Beconnect - Herraje Tipo J 5.0x12.0mm fibra [Unidad]
021521;[ATB-NAP18FAS] Beconnect - Caja de Distribucion NAP AS FQX 1*8 [Completa]
021218;[ATB-PCAA1MT] Beconnect - Patch Cord Fibra Optica UPC/UPC [Azul a Azul][1 Metro]
021219;[ATB-PCAV1MT] Beconnect - Patch Cord Fibra Optica UPC/APC [Azul a Verde][1 Metro]
021183;[ATB-PCC5COP1] Beconnect- Patch Cord UTP CAT5e (Categoria 5e) 100% Cobre (Azul) [1 Metro] [Unidad]
021184;[ATB-PCC5COP3] Beconnect- Patch Cord UTP CAT5e (Categoria 5e) 100% Cobre (Azul) [3 Metros] [Unidad]
021182;[ATB-PCC5COP] Beconnect- Patch Cord UTP CAT5e (Categoria 5e) 100% Cobre (Azul) [0,5 Metros] [Unidad]
021186;[ATB-PCC6COP1] Beconnect- Patch Cord UTP CAT6 (Categoria 6) 100% Cobre (Azul) [1 Metro] [Unidad]
021187;[ATB-PCC6COP3] Beconnect- Patch Cord UTP CAT6 (Categoria 6) 100% Cobre (Azul) [3 Metros] [Unidad]
021185;[ATB-PCC6COP] Beconnect- Patch Cord UTP CAT6 (Categoria 6) 100% Cobre (Azul) [0.5 Metros] [Unidad]
021216;[ATB-PCVV1MT] Beconnect - Patch Cord Fibra Optica APC/APC [Verde a Verde][1 Metro]
021217;[ATB-PCVV3MT] Beconnect - Patch Cord Fibra Optica APC/APC [Verde a Verde][3 Metros]
021507;[ATB-RJ456A] Beconnect - Conector RJ45 Blindado CAT6A (Categoria 6A) FTP [50 unidades]
021215;[ATB-ROSETA] Beconnect - Roseta Óptica
021210;[ATB-SPLIT16] Beconnect - Splitter de Fibra Optica [Divisor Optico] PLC 1x16 con conectores SC/APC 
021209;[ATB-SPLIT18] Beconnect - Splitter de Fibra Optica [Divisor Optico] PLC 1x8 con conectores SC/APC 
021181;[ATO-BOX42] Beconnect - Cajetin Superficial 4x2 Color Blanco [Unidad]
021222;[ATO-BOXC6] Owire - Caja de Montaje Superficial CAT6 (Categoria 6)  [Unidad]
020980;[ATO-CFO12C1KM] Owire - Cable Drop Outdoor de Fibra Optica FTTH  12 Hilos G657A1 [Bobina 1000 Metros]
020978;[ATO-CFO1C2KM] Owire - Cable Drop Outdoor de Fibra Optica FTTH  1 Hilo G657A2 [Bobina 2000 Metros]
020985;[ATO-CFO2C1KM] Owire - Cable Drop de Fibra 2 Hilos G657A2 [Bobina 1000 Metros]
020979;[ATO-CFO4C1KM] Owire - Cable Drop Outdoor de Fibra Optica FTTH  4 Hilos G657A2 [Bobina 1000 Metros]
020986;[ATO-CFO8C1KM] Owire - Cable Drop de Fibra 8 Hilos G657A2 [Bobina 1000 Metros]
021176;[ATO-CRJ45C5] Beconnect - Conector RJ45 CAT5e (Categoria 5e) [50 Unidades]
021177;[ATO-CRJ45C6] Beconnect - Conector RJ45 CAT6E (Categoria 6E) [50 Unidades]
020963;[ATO-CUC5INDCCA1] Owire - Cable UTP CAT5e (Categoria 5e) CCA Interior (Gris) [Caja 100 Metros]
020965;[ATO-CUC5INDCCA3] Owire - Cable UTP CAT5e (Categoria 5e) CCA Interior (Gris) [Caja 305 Metros]
020964;[ATO-CUC5OUTCCA1] Owire - Cable UTP CAT5e (Categoria 5e) CCA Exterior (Negro) [Caja 100 Metros]
020966;[ATO-CUC5OUTCCA3] Owire - Cable UTP CAT5e (Categoria 5e) CCA Exterior (Negro) [Bobina 305 Metros]
020967;[ATO-CUC6INDCCA1] Owire - Cable UTP CAT6 (Categoria 6) CCA Interior (Gris) [Caja 100 Metros]
020969;[ATO-CUC6INDCCA3] Owire - Cable UTP CAT6 (Categoria 6) CCA Interior (Gris) [Caja 305 Metros]
020971;[ATO-CUC6INDCOP1] Beconnect - Cable UTP CAT6 (Categoria 6) 100% Cobre Interior (Azul) [Caja 100 Metros]
020968;[ATO-CUC6OUTCCA1] Owire - Cable UTP CAT6 (Categoria 6) CCA Exterior (Negro) [Caja 100 Metros]
020970;[ATO-CUC6OUTCCA3] Owire - Cable UTP CAT6 (Categoria 6) CCA Exterior (Negro) [Bobina 305 Metros]
020972;[ATO-CUC6OUTCOP1] Beconnect - Cable UTP CAT6 (Categoria 6) 100% Cobre Exterior (Negro) [Bobina 100 Metros]
020973;[ATO-CUC6OUTCOP3] Owire - Cable UTP CAT6 (Categoria 6) 100% Cobre Exterior (Negro) [305 Metros]
021180;[ATO-FP421P] Owire - Face Plate Placa Frontal de Pared para Keystone 1 Puerto Blanco [Unidad]
021224;[ATO-PCC5CCA1] Owire - Patch Cord UTP CAT5e (Categoria 5e) (Gris) [1 Metro] [Unidad]
021225;[ATO-PCC5CCA3] Owire - Patch Cord UTP CAT5e (Categoria 5e) (Gris) [3 Metros] [Unidad]
021223;[ATO-PCC5CCA] Owire - Patch Cord UTP CAT5e (Categoria 5e) (Gris) [0,5 Metros] [Unidad]
021227;[ATO-PCC6CCA1] Owire - Patch Cord UTP CAT6 (Categoria 6) (Gris) [1 Metro] [Unidad]
021228;[ATO-PCC6CCA3] Owire - Patch Cord UTP CAT6 (Categoria 6) (Gris) [3 Metros] [Unidad]
021226;[ATO-PCC6CCA] Owire - Patch Cord UTP CAT6 (Categoria 6) (Gris) [0,5 Metro] [Unidad]
020981;[ATO-TENSORM] Owire - Gancho Tensor de Metal de Cable Drop de Fibra Optica [Unidad]
020982;[ATO-TENSORP] Owire - Gancho Tensor de Plastico de Cable Drop de Fibra Optica [Unidad]
070800;[ATY-AI1510] Beconnect - Angulo Interno para Canaleta 15x10 [Pack 6 unidades]
070801;[ATY-AI2010] Beconnect - Angulo Interno para Canaleta 20x10 [Pack 6 unidades]
070802;[ATY-AI2525] Beconnect - Angulo Interno para Canaleta 25x25 [Pack 6 unidades]
070803;[ATY-AI4016] Beconnect - Angulo Interno para Canaleta 40x16 [Pack 4 unidades]
070804;[ATY-AI4025] Beconnect - Angulo Interno para Canaleta 40x25 [Pack 4 unidades]
070795;[ATY-AP1510] Beconnect - Angulo Plano para Canaleta 15x10  [Pack 6 unidades]
070796;[ATY-AP2010] Beconnect - Angulo Plano para Canaleta 20x10 [Pack 6 unidades]
070797;[ATY-AP2525] Beconnect - Angulo Plano para Canaleta 25x25 [Pack 6 unidades]
070798;[ATY-AP4016] Beconnect - Angulo Plano para Canaleta 40x16 [Pack 4 unidades]
070799;[ATY-AP4025] Beconnect - Angulo Plano para Canaleta 40x25 [Pack 4 unidades]
070747;[ATY-CA1010] Beconnect - Canaleta PVC Multiuso con Pegamento 10x10x2000 [Unidad]
070790;[ATY-CA1510] Beconnect - Canaleta PVC Multiuso con Pegamento 15x10x2000 [Unidad]
070748;[ATY-CA2010] Beconnect - Canaleta PVC Multiuso con Pegamento 20x10x2000 [Unidad]
070791;[ATY-CA2525] Beconnect - Canaleta PVC Multiuso con Pegamento 25x25x2000 [Unidad]
070749;[ATY-CA3013] Beconnect - Canaleta PVC Multiuso con Pegamento 30x13x2000 [Unidad]
070792;[ATY-CA4016] Beconnect - Canaleta PVC Multiuso con Pegamento 40x16x2000 [Unidad]
070750;[ATY-CA4025] Beconnect - Canaleta PVC Multiuso con Pegamento 40x25x2000 [Unidad]
070793;[ATY-CAP258] Beconnect - Canaleta PVC de Piso con Pegamento 25x8x2000 [Unidad]
070838;[ATY-CAP7020N] Beconnect - Canaleta PVC de Piso con Pegamento 70x20x2000 Negro [Unidad]
070794;[ATY-CAP7020] Beconnect - Canaleta PVC de Piso con Pegamento 70x20x2000 [Unidad]
070840;[ATY-CR24060G] Beconnect - Canaleta Ranurada 40x60x2000 Gris [Unidad]
070839;[ATY-CR2525G] Beconnect - Canaleta Ranurada 25x25x2000 Gris [Unidad]
070842;[ATY-CR4040G] Beconnect - Canaleta Ranurada 40x40x2000 Gris [Unidad]
070843;[ATY-CR6060G] Beconnect - Canaleta Ranurada 60x60x2000 Gris [Unidad]
070841;[ATY-CR6080G] Beconnect - Canaleta Ranurada 60x80x2000 Gris [Unidad]
061258;[AUSDH32GUICL10-RA1] Adata - Memoria Flash 32GB microSDHC UHS-I Clase 10 con Adaptador
061260;[AUSDX128GUICL10A1-RA1] Adata - Memoria Flash 128GB microSDXC UHS-I Clase 10 con Adaptador
061261;[AUSDX256GUICL10A1-RA1] Adata - Memoria Flash 256GB microSDXC UHS-I Clase 10 con Adaptador
061262;[AUSDX512GUICL10A1-RA1] Adata - Memoria Flash 512GB microSDXC UHS-I Clase 10 con Adaptador
061259;[AUSDX64GUICL10-RA1] Adata - Memoria Flash 64GB microSDHC UHS-I Clase 10 con Adaptador
061298;[AUV128-32G-RBE] Adata - Memoria Pendrive USB DashDrive UV128 32GB USB 3.2 [Negro/Azul]
061263;[AUV128-64G-RBE] Adata - Memoria Pendrive USB DashDrive UV128 64GB USB 3.0 [Negro/Azul]
061266;[AUV150-128G-RBK (Black)] Adata - Memoria Pendrive USB DashDrive UV150 128GB USB 3.2 [Negro]
061265;[AUV150-64GB (Black)] Adata - Memoria Pendrive USB DashDrive UV150 64GB USB 3.2 [Negro]
061264;[AUV150-64GB (Red)] Adata - Memoria Pendrive USB DashDrive UV150 64GB USB 3.2 [Rojo]
061270;[AUV350-64G-RBK (Black)] Adata - Memoria USB Pendrive UV350 64GB USB 3.2 [Negro]
020773;[AW102NXT01] Nexxt - Conector RJ45 Modular CAT5e (Categoria 5e) 30 Micras Sin Blindaje [100 Unidades]
020774;[AW102NXT07] Nexxt - Conector RJ45 Modular CAT6A (Categoria 6A) XGiga Blindado [Unidad]
021511;[AW103NXT01] Nexxt - Botas Protectoras RJ45 Gris [100 Unidades]
020735;[AW103NXT02] Nexxt - Botas Protectoras RJ45 Azul [100 Unidades]
020734;[AW110NXT11] Nexxt - Conector Jack Coupler RJ45 Tipo 110 CAT5e (Categoria 5e) (Gris) [Unidad]
020733;[AW110NXT12] Nexxt - Conector Jack Coupler RJ45 Tipo 110 CAT5e (Categoria 5e) (Azul) [Unidad]
020732;[AW120NXT21] Nexxt - Conector Jack Coupler RJ45 Tipo 110 CAT6E (Categoria 6E) (Gris) [Unidad]
020730;[AW120NXT27] Nexxt - Conector Jack Coupler RJ45 Tipo 110 CAT6 (Categoria 6) (Gris) [Unidad]
021158;[AW121NXT21] Nexxt - Conector Jack Coupler RJ45 Tipo 110 CAT6E (Categoria 6E) (Gris) [Unidad]
020731;[AW121NXT22] Nexxt - Conector Jack Coupler RJ45 Tipo 110 CAT6E (Categoria 6E) (Azul) [Unidad]
021513;[AW160NXT04] Nexxt - Face Plate Placa Frontal de Pared para Keystone 4 Puertos [Blanco]
070848;[AW160NXT50] Nexxt - Tapa ciega 1 Puerto Blanco
020729;[AW190NXT06] Nexxt - Patch Panel 24 Puertos CAT5e (Categoria 5e)
020728;[AW190NXT11] Nexxt - Patch Panel 48 Puertos CAT5e (Categoria 5e)
021015;[AW191NXT06] Nexxt - Patch Panel 24 Puertos CAT6E (Categoria 6E)
020775;[AW191NXT11] Nexxt - Patch Panel 48 Puertos CAT6 (Categoria 6)
020727;[AW192NXT12] Nexxt - Patch Panel Modular Angular 24 Puertos 1U
020776;[AW192NXT41] Nexxt - Patch Panel Modular 48 Puertos 2U Marco Tipo Keystone
021831;"[AW220NXT90] Nexxt - Tapa Panel Ciego 19"" 1U [5 Unidades]"
020726;[AW220NXT95] Nexxt - Regleta Horizontal con Supresora de Picos 9 salidas para Rack
020779;[AW221NXT23] Nexxt - Rack de Piso [42U] Cerrado con Puertas Tipo Malla 600x1000mm [Negro]
020738;[AW222NXT01] Nexxt - Rack de Pared [6U] Cerrado Abatible con Puerta de Vidrio 600x550mm [Negro]
020739;[AW222NXT02] Nexxt - Rack de Pared [9U] Cerrado Abatible con Puerta de Vidrio 600x550mm [Negro]
020740;[AW222NXT03] Nexxt - Rack de Pared [12U] Cerrado Abatible con Puerta de Vidrio 600x550mm [Negro]
020780;[AW222NXT05] Nexxt - Rack de Pared [18U] Cerrado Abatible con Puerta de Vidrio 600x550mm [Negro]
020781;[AW222NXT11] Nexxt - Rack de Piso [27U] Cerrado con Puerta Frontal de Vidrio y Trasera de Malla 600x600mm [Negro]
020782;[AW222NXT13] Nexxt - Rack de Piso Cerrado con Puerta Frontal de Vidrio y Trasera de Malla 37U 600x600mm
020783;[AW222NXT14] Nexxt - Rack de Piso [42U] Cerrado con Puerta Frontal de Vidrio y Trasera de Malla 600x600mm [Negro]
020784;[AW222NXT16] Nexxt - Rack de Piso Cerrado con Puerta Frontal de Vidrio y Trasera de Malla 32U 600x800mm
020785;[AW222NXT20] Nexxt - Rack de Piso Cerrado con Puerta Frontal de Vidrio y Trasera de Malla 47U 600x1000mm
020786;[AW222NXT40] Nexxt - Rack de Pared [12U] Cerrado Fijo con Puerta de Vidrio 600x600mm [Negro]
020787;[AW222NXT42] Nexxt - Rack de Pared [18U] Cerrado Fijo con Puerta de Vidrio 600x600mm [Negro]
020788;[AW222NXT45] Nexxt - Rack de Piso Marco Abierto 2 Postes 25U
020789;[AW222NXT46] Nexxt - Rack de Piso Marco Abierto 2 Postes 45U
021709;"[AW222NXT61] Nexxt - Organizador de Cables Horizontal 19"" 1U"
021832;"[AW222NXT62] Nexxt - Organizador de Cables Horizontal 19"" 2U"
021708;[AW222NXT63] Nexxt - Organizador de Cables Vertical 7FT
021834;[AW222NXT69] Nexxt - Bandeja Deslizante  1U Ajustable en 4 Puntos
021833;"[AW222NXT70] Nexxt - Tapa Panel Ciego 19"" 1U [1 Unidad]"
020987;[AW222NXT81] Nexxt - Regleta Horizontal para Montaje en Bastidor 9 Tomas 125V 15Amp
021836;[AW223NXT12] Nexxt - Rack de Pared [6U] Cerrado con Puerta de Vidrio                600x600mm [Negro]
021835;[AW223NXT13] Nexxt - Rack de Pared [9U] Cerrado con Puerta de Vidrio 600x600mm [Negro]
020725;[AW250NXT02] Nexxt - Crimpeador Tenaza Metálica con Prensa para RJ45
020724;[AW250NXT03] Nexxt - Probador Tester para Cable de Red
020723;[AW250NXT05] Nexxt - Crimpeador Tenaza Modular con Prensa Terminal [RJ45/8P8C, RJ12/6P6C, RJ11/64C, 6P2C]
020722;[AW250NXT09] Nexxt - Pelacable Desforrador Universal de Cable UTP y Coaxial
020721;[AW250NXT11] Nexxt - Herramienta de Impacto [Hoja Doble de 88/110]
020720;"[AW250NXT18] Nexxt - Pinza de Corte Lateral 5"""
020719;[AW251NXT05] Nexxt - Kit Básico de Herramientas para Redes
020281;[AX10-ARCHER] TP-Link - Router Inalambrico WiFi Doble Banda AX1500 WiFi6 4 Antenas
021074;[AX23-ARCHER] TP-Link - Router Inalambrico WiFi Doble Banda Gigabit AX1800 WiFi6 4 Antenas
061280;[AX4U320016G16A-SBKD35G] Adata - Memoria RAM XPG Spectrix D35G DDR4 16Gb Udimm 3200Mhz 288 Pines con Led RGB
061279;[AX4U32008G16A-SBKD35G] Adata - Memoria RAM XPG Spectrix D35G DDR4 8Gb Udimm 3200Mhz 288 Pines con Led RGB
020428;[AX50-ARCHER] TP-Link - Router Inalambrico WiFi Doble Banda Gigabit AX3000 WiFi6 4 Antenas
021719;[AX53-ARCHER] TP-Link - Router Inalambrico WiFi Doble Banda Gigabit AX3000 Giga WiFi6 4 Antenas
061282;[AX5U5200C3816G-CLARBK] Adata - Memoria RAM XPG Lancer Blade DDR5 16Gb Udimm 5200Mhz 288 Pines con Led RGB
061281;[AX5U6000C4816G-SLABRBK] Adata - Memoria RAM XPG Lancer Blade DDR5 16Gb Udimm 6000Mhz 288 Pines con Led RGB
020240;[AX6000-ARCHER] TP-Link - Router Inalambrico WiFi Triple Banda Gigabit AX6000 WiFi6 8 Antenas
020627;[AX72-ARCHER] TP-Link - Router Inalambrico WiFi Doble Banda Gigabit AX5400 WiFi6 6 Antenas
020532;[AX73-ARCHER] TP-Link - Router Inalambrico WiFi Doble Banda Gigabit AX5400 WiFi6 6 Antenas
020429;[AX90-ARCHER] TP-Link - Router Inalambrico WiFi Triple Banda Gigabit AX6600 WiFi6 8 Antenas
020014;"[B-19X12-2U-L] Onlink - Bandeja 19"" Lisa 19x12 [2U] para Montaje en Rack [Negro]"
020493;"[B-19x12-1U-L] Onlink - Bandeja 19"" Lisa 19x12 [1U] para Montaje en Rack [Negro]"
020494;"[B-19x12-1U-V] Onlink - Bandeja 19"" Ventilada 19x12 [1U] para Montaje en Rack [Negro]"
020038;"[B-19x12-2U-V] Onlink - Bandeja 19"" Ventilada 19x12 [2U] para Montaje en Rack [Negro]"
020039;"[B-19x19-2P2U-L] Onlink - Bandeja 19"" Lisa 19x19 [2U] para Montaje en Rack 2 Postes [Compatible con Racks R-22U-A2P y R-42U-A2P] [Negro]"
020492;"[B-19x19-2P2U-V] Onlink - Bandeja 19"" Ventilada 19x19 [2U] para Montaje en Rack 2 Postes [Compatible con Racks R-22U-A2P y R-42U-A2P] [Negro]"
020432;"[B-19x19-4P1U-V] Onlink - Bandeja 19"" Ventilada 19x19 [1U] para Montaje en Rack 4 Postes [Compatible con Racks R-22U-A4P y R-42U-A4P] [Negro]"
021124;"[B-19x7-1U-L] Onlink - Bandeja 19"" Lisa 19x7 [1U] para Montaje en Rack [Negro]"
021242;"[B-19x7-1U-V] Onlink - Bandeja 19"" Ventilada 19x7 [1U] para Montaje en Rack [Negro]"
020040;"[B-19x7-2U-L] Onlink - Bandeja 19"" Lisa 19x7 [2U] para Montaje en Rack [Negro]"
021243;"[B-19x7-2U-V] Onlink - Bandeja 19"" Ventilada 19x7 [2U] para Montaje en Rack [Negro]"
020012;"[B-TEC/MOU] Onlink - Bandeja 19"" Lisa Teclado y Mouse para Montaje en Rack [Negro]"
070579;[B105/2-B] Igoto - Toma Corriente Doble con Tierra Serie B [Negro]
070566;[B105/2-S] Igoto - Toma Corriente Doble con Tierra Serie B [Plata]
070553;[B105/2-W] Igoto - Toma Corriente Doble con Tierra Serie B [Blanco]
070831;[B105/2U-C-W] Igoto - Toma Corriente con Tierra + USB y Tipo C Serie B [Blanco]
070584;[B1200-B] Igoto - Tapa Ciega 4x2 Serie B [Negro]
070571;[B1200-S] Igoto - Tapa Ciega 4x2 Serie B [Plata]
070558;[B1200-W] Igoto - Tapa Ciega 4x2 Serie B [Blanco]
100154;[B210-B215] Maxiprint - Toner Compatible Xerox Negro B210 B215
100156;[B250-B210-B215] Maxiprint - Unidad de Imagen DRUM Compatible Xerox 101R00664 para B205 B210 B215
070580;[B302-B] Igoto - Toma para TV Serie B [Negro]
070567;[B302-S] Igoto - Toma para TV Serie B [Plata]
070554;[B302-W] Igoto - Toma para TV Serie B [Blanco]
070577;[B316-B] Igoto - Interruptor Simple + Toma Corriente Serie B [Negro]
070564;[B316-S] Igoto - Interruptor Simple + Toma Corriente Serie B [Plata]
070551;[B316-W] Igoto - Interruptor Simple + Toma Corriente Serie B [Blanco]
100153;[B400-B405] Maxiprint - Toner Compatible Xerox Negro B400 B405
070581;[B402-B] Igoto - Toma Telefonica Serie B [Negro]
070568;[B402-S] Igoto - Toma Telefonica Serie B [Plata]
070555;[B402-W] Igoto - Toma Telefonica Serie B [Blanco]
070582;[B408-B] Igoto - Toma de Red RJ45 Serie B [Negro]
070569;[B408-S] Igoto - Toma de Red RJ45 Serie B [Plata]
070556;[B408-W] Igoto - Toma de Red RJ45 Serie B [Blanco]
070572;[B512-B] Igoto - Interruptor Simple Largo Serie B [Negro]
070559;[B512-S] Igoto - Interruptor Simple Largo Serie B [Plata]
070546;[B512-W] Igoto - Interruptor Simple Largo Serie B [Blanco]
070573;[B512S-B] Igoto - Interruptor Simple Pequeño Serie B [Negro]
070560;[B512S-S] Igoto - Interruptor Simple Pequeño Serie B [Plata]
070547;[B512S-W] Igoto - Interruptor Simple Pequeño Serie B [Blanco]
070574;[B514-B] Igoto - Interruptor Doble Largo Serie B [Negro]
070561;[B514-S] Igoto - Interruptor Doble Largo Serie B [Plata]
070548;[B514-W] Igoto - Interruptor Doble Largo Serie B [Blanco]
070575;[B514S-B] Igoto - Interruptor Doble Pequeño Serie B [Negro]
070562;[B514S-S] Igoto - Interruptor Doble Pequeño Serie B [Plata]
070549;[B514S-W] Igoto - Interruptor Doble Pequeño Serie B [Blanco]
070576;[B516-B] Igoto - Interruptor Triple Serie B [Negro]
070563;[B516-S] Igoto - Interruptor Triple Serie B [Plata]
070550;[B516-W] Igoto - Interruptor Triple Serie B [Blanco]
070583;[B5401-B] Igoto - Interruptor Timbre Serie B [Negro]
070570;[B5401-S] Igoto - Interruptor Timbre Serie B [Plata]
070557;[B5401-W] Igoto - Interruptor Timbre Serie B [Blanco]
070578;[B540S-B] Igoto - Interruptor Dimmer Serie B [Negro]
070565;[B540S-S] Igoto - Interruptor Dimmer Serie B [Plata]
070552;[B540S-W] Igoto - Interruptor Dimmer Serie B [Blanco]
020479;[BD19x241U] Onlink - Bandeja Deslizante 19x24 600mm 1U  con Tornillos y Tuercas
021884;[BE220-Archer] TP-Link - Router Inalambrico Wi-Fi 7 EasyMesh Doble Banda de 3.6 Gbps Puertos Full Gigabit BE3600 WiFi7
021885;[BE230-Archer] TP-Link - Router Inalambrico Wi-Fi 7 EasyMesh Doble Banda de 3.6 Gbps Puertos Multi-Gigabit BE3600 WiFi7
021882;[BE25-2PACK] TP-Link - Router Inalambrico Wi-Fi 7 Mesh IA Doble Banda de  3.6 Gbps 2 Puertos 2.5G BE5000 WiFi7 [2 Unidades]
021883;[BE25-3PACK] TP-Link - Router Inalambrico Wi-Fi 7 Mesh IA Doble Banda de  3.6 Gbps 2 Puertos 2.5G BE5000 WiFi7 [3 Unidades]
021886;[BE400-Archer] TP-Link - Router Inalambrico Wi-Fi 7 EasyMesh Doble Banda de 6.5 Gbps Puertos 2.5G BE6500 WiFi7
060193;[BE425M-LM] APC - UPS 425VA/255W 120V [4] NEMA 5-15R [Batería de reserva] + [2] NEMA 5-15R [Protección]
021931;[BE450-Archer] TP-Link - Router Inalámbrico Wi-Fi 7 EasyMesh Doble Banda de 7.2 Gbps Puertos 10G/2.5G BE7200 WiFi7
060376;[BE600M1-LM] APC - UPS 600VA/330W 120V [5] NEMA 5-15R [Batería de reserva] + [2] NEMA 5-15R [Protección]
060195;[BE850M2] APC - UPS 850VA/450W 120V [6] NEMA 5-15R [Batería de reserva] + [3] NEMA 5-15R [Protección]
061379;[BL1005BK] Astra - Lampara LED de Escritorio Recargable Multifuncional (Negra)
061378;[BL1005] Astra - Lampara LED de Escritorio Recargable Multifuncional (Blanca)
061675;[BL1041] Astra - Lámpara LED de Escritorio Recargable Ajustable [Negra]
061380;[BL1288] Astra - Lampara LED de Escritorio Alambrica (Blanca)
061676;[BL1321] Astra - Lámpara LED de Escritorio Alámbrica con Reloj Digital [Negra]
061674;[BL1855BK] Astra - Lámpara LED de Escritorio con Puerto de Carga USB [Negra]
060601;[BM464] Barkan - Soporte/Base Inlinada 4 Movimientos para Pantallas 13 a 90 Pulgadas 60Kg
061124;[BM5100FDW] Pantum - Impresora Laser Multifuncional WiFi Monocromatica
061314;[BS151-BK] Fantech -Corneta Groove bar PRO 2.0 10W
060955;[BT-1001] Forza - UPS 1000VA/600W 120V [8] Nema  50-60hz 
060953;[BT-601] Forza - UPS 600VA/360W 120V [8] Nema  50-60hz 
060954;[BT-751] Forza - UPS 750VA/450W 120V [8] Nema  50-60hz 
070701;[BT1212] Logan - Bateria Sellada 12V 12Ah
070702;[BT1218] Logan - Bateria Sellada 12V 18Ah
070370;[BT124.5] Logan - Bateria Sellada 12V 4.5Ah
070368;[BT1270] Logan - Bateria Sellada 12V 7Ah
070018;[BT1290] Logan - Bateria Sellada 12V 9Ah
070832;[BT520-W] Igoto - Timbre [Blanco]
061020;[BV1000] APC - UPS 1000VA/600W 120V [4] NEMA 5-15R [Batería de reserva]
061017;[BV500] APC - UPS 500VA/300W 120V [6] NEMA 5-15R [Batería de reserva]
061018;[BV650] APC - UPS 650VA/375W 120V [6] NEMA 5-15R [Batería de reserva]
061019;[BV800] APC - UPS 800VA/450W 120V [6] NEMA 5-15R [Batería de reserva]
061021;[BVX1200LLM] APC - UPS 1200VA/650W 120V [6] NEMA 5-15R [Batería de reserva]
061178;[BVX700LULM] APC - UPS 700VA/120W 120V USB  [4] NEMA  [Batería de reserva]
060590;[BVX900L-LM] APC - UPS 900VA/480W 120V [6] NEMA 5-15R [Batería de reserva]
060196;[BX1000M-LM60] APC - UPS 1000VA/600W Pantalla LCD 120V [4] NEMA 5-15R [Batería de reserva] + [4] NEMA 5-15R [Protección]
061637;[BX1500M-LM60] APC - UPS Interactivo 1500VA/900W 120V [10] 60Hz
061046;[BX1600M-LM] APC - UPS 1600VA/960W 120V [6] NEMA [Batería de reserva]
061047;[BX2000M-LM] APC - UPS 2000VA/1200W 120V [6] NEMA [Batería de reserva]
060375;[BX800L-LM] APC - UPS 800VA/400W 120V [4] NEMA 5-15R [Batería de reserva]
010145;[C100] Tapo by TP-Link - Cámara HD 1080P [2MP] WiFi
070828;[C105/2-W] Igoto - Toma Corriente Doble con Tierra Serie Clasica [Blanco]
010418;[C110] Tapo by TP-Link - Cámara HD [3MP] WiFi
070830;[C1200-W] Igoto - Tapa Ciega 4x2 Serie Clasica [Blanco]
020158;[C20-ARCHER] TP-Link - Router Inalambrico WiFi Doble Banda AC750 3 Antenas 5dBi
010144;[C200] Tapo by TP-Link - Cámara HD 1080P [2MP] WiFi Rotatoria 360°
020339;[C20W-ARCHER] TP-Link - Router Inalambrico WiFi Doble Banda AC750 3 Antenas 5dBi
010419;[C210] Tapo by TP-Link - Cámara HD [3MP] WiFi Rotatoria 360°
010484;[C220I-2.8] Vigi by TP-Link - Cámara IP Alta Definición [2Mp] Tipo Domo con IR PoE IP67 [Lente 2.8mm]
010485;[C220I-4] Vigi by TP-Link - Cámara IP Alta Definición [2Mp] Tipo Domo con IR PoE IP67 [Lente 4mm]
010665;[C225] Tapo by TP-Link - Cámara HD [2K] Inteligente de Vigilancia Rotatoria 360° Wifi
010728;[C230I-2.8] Vigi by TP-Link - Cámara IP Alta Definición [3Mp] Tipo Domo con IR PoE y 12V IP67 [Lente 2.8mm]
010486;[C230I-Mini-2.8] Vigi by TP-Link - Cámara IP Alta Definición [3Mp] Tipo Domo con IR con Audio [Lente 2.8mm]
010989;[C240-2.8] Vigi By TP-Link - Cámara IP Alta Definición [4Mp] Tipo Domo Full Color con Audio PoE y 12V IP67 [Lente 2.8mm]
010986;[C240-4] Vigi By TP-Link - Cámara IP Alta Definición [4Mp] Tipo Domo Full Color con Audio PoE y 12V IP67 [Lente 4mm]
010982;[C240I-2.8] Vigi By TP-Link - Cámara IP Alta Definición [4Mp] Tipo Domo con IR PoE y 12V IP67 [Lente 2.8mm]
010785;[C240I-4] Vigi by TP-Link - Cámara IP Alta Definición [4Mp] Tipo Domo con IR PoE y 12V IP67 [Lente 4mm]
100224;[C24YH006] Astra - Aceite Esencial Believing Men 500Ml
010981;[C250-2.8] Vigi By TP-Link - Cámara IP Alta Definición [5Mp] Tipo Domo Full Color con Audio PoE y 12V IP67 [Lente 2.8mm]
010786;[C250-4] Vigi by TP-Link - Cámara IP Alta Definición [5Mp] Tipo Domo Full Color con Audio PoE y 12V IP67 [Lente 4mm]
060911;[C270] Logitech - Cámara Webcam HD 720P 3Mp Con Microfono
010391;[C300HP-4] Vigi by TP-Link - Cámara IP Alta Definición [3Mp] Tipo Bullet con IR PoE y 12V IP67 [Lente 4mm]
010392;[C300HP-6] Vigi by TP-Link - Cámara IP Alta Definición [3Mp] Tipo Bullet con IR PoE y 12V IP67 [Lente 6mm]
060550;[C30] Fantech - WebCam Luminous con Microfono 2K 1440P
010200;[C310] Tapo by TP-Link - Cámara HD [3MP] WiFi Exteriores
070827;[C316-W] Igoto - Interruptor Simple + Toma Corriente Serie Clasica [Blanco]
010489;[C320I-2.8] Vigi by TP-Link - Cámara IP Alta Definición [2Mp] Tipo Bullet con IR PoE IP67 [Lente 2.8mm]
010490;[C320I-4] Vigi by TP-Link - Cámara IP Alta Definición [2Mp] Tipo Bullet con IR PoE IP67 [Lente 4mm]
010694;[C330I-2.8] Vigi By TP-Link - Cámara IP Alta Definición [3Mp] Tipo Bullet con IR PoE y 12V IP67 [Lente 2.8mm]
010695;[C330I-4] Vigi By TP-Link - Cámara IP Alta Definición [3Mp] Tipo Bullet con IR PoE y 12V IP67 [Lente 4mm]
010787;[C340-2.8] Vigi by TP-Link - Cámara IP Alta Definición [4Mp] Tipo Bullet Full Color con Audio PoE y 12V IP67 [Lente 2.8mm]
010791;[C340-4] Vigi by TP-Link - Cámara IP Alta Definición [4Mp] Tipo Turret Full Color con Audio PoE y 12V [Lente 4mm]
010696;[C340-W-4] Vigi By TP-Link - Cámara IP Wi-Fi Alta Definición [4Mp] Tipo Bullet Full Color con Audio IP66 [Lente 4mm]
010990;[C340I-2.8] Vigi By TP-Link - Cámara IP Alta Definición [4Mp] Tipo Bullet con IR PoE y 12V IP67 [Lente 2.8mm]
010730;[C340I-4] Vigi By TP-Link - Cámara IP Alta Definición [4Mp] Tipo Bullet con IR PoE y 12V IP67 [Lente 4mm]
010984;[C340S-4] Vigi By TP-Link - Cámara IP Alta Definición [4Mp] Tipo Bullet ColorPro con Audio PoE y 12 IP67 [Lente 4mm]
010830;[C345-2.8] Vigi by TP-Link - Cámara IP Alta Definición [4Mp] Tipo Bullet Full Color con Audio PoE y 12V IP67 [Lente 2.8mm]
010985;[C345-4] Vigi By TP-Link - Cámara IP Alta Definición [4Mp] Tipo Bullet Full Color con Audio PoE y 12 IP67 [Lente 4mm]
010983;[C350-2.8] Vigi By TP-Link - Cámara IP Alta Definición [5Mp] Tipo Bullet Full Color con Audio PoE y 12 IP67 [Lente 2.8mm]
010788;[C350-4] Vigi by TP-Link - Cámara IP Alta Definición [5Mp] Tipo Turret Full Color con Audio PoE y 12V [Lente 4mm]
010991;[C355-2.8] Vigi By TP-Link - Cámara IP Alta Definición [5Mp] Tipo Bullet Full Color con Audio PoE y 12 IP67 [Lente 2.8mm]
010987;[C355-4] Vigi By TP-Link - Cámara IP Alta Definición [5Mp] Tipo Bullet Full Color con Audio PoE y 12 IP67 [Lente 4mm]
010393;[C400HP-2.8] Vigi by TP-Link - Cámara IP Alta Definición [3Mp] Tipo Domo con IR PoE y 12V IP67 [Lente 2.8mm]
010394;[C400HP-4] Vigi by TP-Link - Cámara IP Alta Definición [3Mp] Tipo Domo con IR PoE y 12V IP67 [Lente 4mm]
010487;[C420I-2.8] Vigi by TP-Link - Cámara IP Alta Definición [2Mp] Tipo Turret con IR PoE [Lente 2.8mm]
010488;[C420I-4] Vigi by TP-Link - Cámara IP Alta Definición [2Mp] Tipo Turret con IR PoE [Lente 4mm]
010663;[C420S2] Tapo by TP-Link - Kit de 2 Cámaras Bullet HD [2K con Batería Recargable WiFi
010697;[C430I-2.8] Vigi By TP-Link - Cámara IP Alta Definición [3Mp] Tipo Turret con IR PoE y 12V [Lente 2.8mm]
010824;[C440-2.8] Vigi by TP-Link - Cámara IP Alta Definición [4Mp] Tipo Turret Full Color con Audio PoE y 12V [Lente 2.8mm]
010979;[C440-4] Vigi By TP-Link - Cámara IP Alta Definición [4Mp] Tipo Turret Full Color con Audio PoE y 12V [Lente 4mm]
010823;[C440-W-4] Vigi by TP-Link - Cámara IP Wi-Fi Alta Definición [4Mp] Tipo Turret Full Color con Audio [Lente 4mm]
010977;[C440I-2.8] Vigi By TP-Link - Cámara IP Alta Definición [4Mp] Tipo Turret con IR PoE y 12V [Lente 2.8mm]
010829;[C445-2.8] Vigi by TP-Link - Cámara IP Alta Definición [4Mp] Tipo Turret Full Color con Audio PoE y 12V IP67 [Lente 2.8mm]
010980;[C450-2.8] Vigi By TP-Link - Cámara IP Alta Definición [5Mp] Tipo Turret Full Color con Audio PoE y 12V [Lente 2.8mm]
010789;[C450-4] Vigi by TP-Link - Cámara IP Alta Definición [5Mp] Tipo Turret Full Color con Audio PoE y 12V [Lente 4mm]
010664;[C500] Tapo by TP-Link - Cámara HD 1080P [2MP] Inteligente de Vigilancia Rotatoria 360° Wifi
060430;[C505] Logitech - Cámara Webcam HD 720P [1MP] Con Microfono
070825;[C512-W] Igoto - Interruptor Simple Serie Clasica [Blanco]
070826;[C514-W] Igoto - Interruptor Doble serie Clasica [Blanco]
021723;[C5300] TP-Link - Controlador Hardware [Omada Pro]
010825;[C540-4] Vigi by TP-Link - Cámara IP PT Alta Definición [4Mp] Full Color con Audio PoE y 12V IP66 [Lente 4mm]
010784;[C540-W-4] Vigi by TP-Link - Cámara IP PT Alta Definición [4Mp] Full Color con Audio y 12V IP66 [Lente 4mm]
020237;[C5400-ARCHER] TP-Link - Router Inalambrico WiFi Triple Banda Gigabit AC5400 MU-MIMO 8 Antenas
020238;[C5400X-ARCHER] TP-Link - Router Inalambrico WiFi Triple Banda Gigabit AC5400 MU-MIMO 8 Antenas
010978;[C540S-4] Vigi By TP-Link - Cámara IP PT Alta Definición [4Mp] ColorPro con Audio PoE y 12V IP66 [Lente 4mm]
010826;[C540V] Vigi by TP-Link - Cámara IP PTZ Alta Definición [4Mp] Full Color Doble Lente con Audio IP66
020303;[C58HP-ARCHER] TP-Link - Router Inalambrico WiFi Doble Banda Alta Potencia AC1350 3 Antenas 9dBi
070829;[C590-W] Igoto - Interruptor Timbre Serie Clasica [Blanco]
020236;[C6-ARCHER] TP-Link - Router Inalambrico WiFi Doble Banda AC1200 MU-MIMO 4 Antenas
100225;[CA10101] Astra - Aceite Esencial Marc Jacobs Daisy 500Ml
100226;[CA10102] Astra - Aceite Esencial Colorful Orange 500Ml
100227;[CA13363] Astra - Aceite Esencial Paradise Bay 500Ml
020200;[CAB-RG6-100M] Wireplus - Cable Coaxial RG6 [Bobina 100 Metros]
020201;[CAB-RG6-10M] Wireplus - Cable Coaxial RG6 [Rollo 10 Metros]
021063;[CAB-UTP5-100-CO-OUT] Wireplus - Cable UTP CAT5e (Categoria 5e) 100% Cobre Exterior (Negro) [Caja 100 Metros]
021064;[CAB-UTP5-305-CO-OUT] Wireplus - Cable UTP CAT5e (Categoria 5e) 100% Cobre Exterior (Negro) [Bobina 305 Metros]
020020;[CAB-UTP5-305-CO] Wireplus - Cable UTP CAT5e (Categoria 5e) 100% Cobre Interior (Gris) [Caja 305 Metros]
021374;[CAB-UTP5-5] Wireplus - Cable UTP CAT5e (Categoria 5e) CCA Interior (Gris) [Rollo 5 Metros]
021375;[CAB-UTP6-5] Wireplus - Cable UTP CAT6 (Categoria 6) CCA Interior (Azul) [Rollo 5 Metros]
060001;[CAB005] Cable VGA Macho a Macho [1.5 Metros]
060084;[CAB009] Cable de Poder Tipo 8 [1.5 Metros]
060061;[CAB010] Cable de Poder Tipo Trebol [1.2 Metros]
060002;[CAB011] Cable VGA Macho a Macho [5 Metros]
060004;[CAB022] Cable Extension USB [1.5 Metros]
060044;[CAB025] Cable de Poder Corriente PC [1.2 Metros]
080020;[CAB040] Cable Audio Auxiliar 3.5mm M/M [3 Metros]
080024;[CAB041] Cable Audio Auxiliar 3.5mm M/M [5 Metros]
060012;[CAB042] Cable Splitter VGA 1 Entrada 2 Salidas
060010;[CAB045] Cable HDMI Macho Doble HD Nylon [15 Metros]
060011;[CAB055] Cable HDMI Macho Doble HD Nylon [20 Metros]
060035;[CAB063] Cable Extension USB [3 Metros]
060005;[CAB064] Cable Extension USB [5 Metros]
060006;[CAB077] Cable VGA Macho a Macho [20 Metros]
060003;[CAB078] Cable VGA Macho a Macho [10 Metros]
060259;[CAB080] Cable HDMI Macho Doble HD Nylon [25 Metros]
060260;[CAB083] Cable HDMI Macho Doble HD Nylon [30 Metros]
060007;[CAB093] Cable VGA Macho a Macho [15 Metros]
061005;[CAB113] Cable Displayport Macho Doble V1.4 HD 4K/8K 144Hz [3 Metros]
080116;[CAB123] Cable Audio Plug 3.5mm a RCA Aluminio [3 Metros]
060093;[CAB124] Cable USB Impresora AM-BM [1.5 Metros]
060114;[CAB126] Cable USB Impresora AM-BM [5 Metros]
061002;[CAB140] Cable HDMI Macho Doble HD 2K/4K V2.0 con Chip [40 Metros]
061003;[CAB141] Cable HDMI Macho Doble HD 2K/4K V2.0 con Chip [50 Metros]
061004;[CAB145] Cable Displayport Macho Doble V1.4 HD 4K/8K 144Hz [1.5 Metros]
061006;[CAB146] Cable Displayport Macho Doble V1.4 HD 4K/8K 144Hz [5 Metros]
061007;[CAB149] Cable Displayport Macho a HDMI Macho 2K/4K [1.8 Metros]
061008;[CAB150] Cable Displayport Macho a HDMI Macho 2K/4K [3 Metros]
061076;[CAB155] Cable Extension USB 3.0 [5 Metros]
061083;[CAS018] Cases Para Disco 2.5 USB 3.0
100003;[CB435A-CB436A-CE285A-CRG125] Maxiprint - Toner Compatible HP Negro CB435A CB436A CE285A Canon CRG125
100045;[CB540A-CE320A-CF210A] Maxiprint - Toner Compatible HP Negro CB540A CE320A CF210A
100100;[CB541A-CE321A-CF211A] Maxiprint - Toner Compatible HP Cyan CB541A CE321A CF211A
100101;[CB542A-CE322A-CF212A] Maxiprint - Toner Compatible HP Yellow CB542A CE322A CF212A
100102;[CB543A-CE323A-CF213A] Maxiprint - Toner Compatible HP Magenta CB543A CE323A CF213A
100119;[CC530A-CE410A-CF380A-118K] Maxiprint - Toner Compatible HP Negro CC530A CE410A CF380A 118K
100120;[CC531A-CE411A-CF381A-118C] Maxiprint - Toner Compatible HP Cyan CC531A CE411A CF381A 118C
100121;[CC532A-CE412A-CF382A-118Y] Maxiprint - Toner Compatible HP Yellow CC532A CE412A CF382A 118Y
100122;[CC533A-CE413A-CF383A-118M] Maxiprint - Toner Compatible HP Magenta CC533A CE413A CF383A 118M
021589;[CCR1016-12S-1S+] Mikrotik - (CCR1016-12S-1S+) Cloud Core Router 12 Puertos SFP 1 SFP+ 10G con Fuente Redundante
021588;[CCR2004-16G-2S+PC] Mikrotik - Cloud Core Router 2004-16G-2S+PC con Enfriamiento Pasivo
021281;[CCR2004-16G-2S+] Mikrotik - Cloud Core Router 16 Puertos Gigabit
021307;[CCR2004-1G-12S+2XS] Mikrotik - Cloud Core Router 12 Puertos 10G SFP+ 2 25G SFP2  Fuente Redundante
021308;[CCR2216-1G-12XS-2XQ] Mikrotik - Cloud Core Router CPU 16 Core 12 SFP28 25 Gbps 2 QSFP28 100 Gbps RouterOS L6
100173;[CE219A-049] Maxiprint - Unidad de Imagen DRUM Compatible HP CF219A y Canon 049
100179;[CE250A-CE400A] Maxiprint - Toner Compatible HP Negro CE250A CE400A
100180;[CE251A-CE401A] Maxiprint - Toner Compatible HP Cyan CE251A CE401A
100181;[CE252A-CE402A] Maxiprint - Toner Compatible HP Yellow CE252A CE402A
100182;[CE253A-CE403A] Maxiprint - Toner Compatible HP Magenta CE253A CE403A
100092;[CE255A] Maxiprint - Toner Compatible HP Negro CE255A
100178;[CE255X] Maxiprint - Toner Compatible HP Negro CE255X
100174;[CE260A] Maxiprint - Toner Compatible HP Negro CE260A
100175;[CE261A] Maxiprint - Toner Compatible HP Cyan CE261A
100176;[CE262A] Maxiprint - Toner Compatible HP Yellow CE262A
100177;[CE263A] Maxiprint - Toner Compatible HP Magenta CE263A
100001;[CE278A-CRG128-CRG126] Maxiprint - Toner Compatible HP Negro CE278A CRG128 Canon CRG126
100020;[CE310A-CF350A] Maxiprint - Toner Compatible HP Negro CE310A CF350A
100025;[CE311A-CF351A] Maxiprint - Toner Compatible HP Cyan CE311A CF351A
100026;[CE312A-CF352A] Maxiprint - Toner Compatible HP Yellow CE312A CF352A
100027;[CE313A-CF353A] Maxiprint - Toner Compatible HP Magenta CE313A CF353A
100113;[CF226A-052] Maxiprint - Toner Compatible HP Negro CF226A Canon 052
100033;[CF230A-CRG051] Maxiprint - Toner Compatible HP Negro CF230A Canon CRG051
100172;[CF237A] Maxiprint - Toner Compatible HP Negro CF237A
100024;[CF248A] Maxiprint - Toner Compatible HP Negro CF248A
150001;[CF279A-(OPEN-BOX)] Maxiprint - Toner Compatible HP Negro CF279A (OPEN-BOX)
100023;[CF279A] Maxiprint - Toner Compatible HP Negro CF279A
100022;[CF280A-CE505A-CRG119] Maxiprint - Toner Compatible HP Negro CF280A CE505A Canon CRG119A
100116;[CF281A] Maxiprint - Toner Compatible HP Negro CF281A
100002;[CF283A] Maxiprint - Toner Compatible HP Negro CF283A
100051;[CF283X-CANON-CRG137] Maxiprint - Toner Compatible HP Negro CF283X CANON CRG137
100117;[CF287A] Maxiprint - Toner Compatible HP Negro CF287A
100185;[CF289A] HP - Toner Original Negro
100118;[CF294A] Maxiprint - Toner Compatible HP Negro CF294A
100148;[CF410A-CRG046K] Maxiprint - Toner Compatible HP Negro CF410A Canon CRG046K
100149;[CF411A-CRG046C] Maxiprint - Toner Compatible HP Cyan CF411A Canon CRG046C
100150;[CF412A-CRG046Y] Maxiprint - Toner Compatible HP Yellow CF412A Canon CRG046Y
150003;[CF413A-CRG046M-(OPEN-BOX)] Maxiprint - Toner Compatible HP Magenta CF413A Canon CRG046M (OPEN-BOX)
100151;[CF413A-CRG046M] Maxiprint - Toner Compatible HP Magenta CF413A Canon CRG046M
100123;[CF500A-CF400A-045-054k] Maxiprint - Toner Compatible HP Negro CF500A CF400A Canon 045 054k
100093;[CF500X] Maxiprint - Toner Compatible HP Negro CF500X
100094;[CF501X] Maxiprint - Toner Compatible HP Cyan CF501X
100095;[CF502X] Maxiprint - Toner Compatible HP Yellow CF502X
100126;[CF503A-054M] Maxiprint - Toner Compatible HP Magenta CF503A Canon 054M
021153;[CFPE1IWY] Panduit - Face Plate Placa Frontal de Pared Ejecutivo para Keystone 1 Puerto Pan-Net Blanco [Unidad]
021360;[CFPE1WHY] Panduit - Face Plate Mini-Com Placa Frontal para Keystone 1 Puerto Blanco [Unidad]
020695;[CFPE2IGY] Panduit - Face Plate Placa Frontal de Pared Ejecutivo para Keystone 2 Puertos Pan-Net Gris [Unidad]
020696;[CFPE2IWY] Panduit - Face Plate Placa Frontal Ejecutivo para Keystone 2 Puertos Pan-Net Blanco [Unidad]
021361;[CFPE2WHY] Panduit - Face Plate Placa Frontal de Pared Mini-Com para Keystone 2 Puertos Blanco [Unidad]
020697;[CFPE4IGY] Panduit - Face Plate Placa Frontal de Pared Ejecutivo para Keystone 4 Puertos Pan-Net Gris [Unidad]
021376;[CFPE4WHY] Panduit - Face Plate Placa de Pared Frontal Mini-Com para Keystone 4 Puertos Blanco [Unidad]
021763;[CFPL1SY] Panduit - Placa Frontal de Acero Inoxidable Mini-Com 1 Toma [Unidad]
021764;[CFPL2SY] Panduit - Placa frontal de acero inoxidable Mini-Com  2 Toma [Unidad]
061475;[CG80-BLACK] Fantech - Case Aero ATX + 4 Fans  [Negro]
061566;[CG81-BK] Fantech - Case  Aero XL eATX + 4 Fans [Negro]
061567;[CG82-BK] Fantech - Case  Hexa XL eATX + 4 Fans [Negro]
061477;[CG83-BLACK] Fantech - Case Aero2 ATX + 4 Fans  [Negro]
061476;[CG83-WHITE] Fantech - Case  Aero2 ATX + 4 Fans  [Blanco]
061568;[CG85-BK] Fantech - Case  Lumina ATX + 6 Fans [Negro]
061426;[CHB012] Astra - Adaptador USB a RJ45 Gigabit + 3 Puertos USB 3.0
061427;[CHB013] Astra - Adaptador USB Tipo C a RJ45 Gigabit + 3 Puertos USB 3.0
061393;[CHB016] Astra - Adaptador Tipo C a HDMI / VGA
061394;[CHB020] Astra - Adaptador HDMI a VGA
061395;[CHB022] Astra - Adaptador Tipo C a HDMI
061396;[CHB023] Astra - Adaptador Tipo C a VGA
061397;[CHB024] Astra - Cable Tipo C a HDMI [1.8 Metros]
061398;[CHB026] Astra - Adaptador Tipo C a HDMI / PD100W / USB 3.0
061399;[CHB03215M] Astra - Cable VGA a VGA [1.5 Metros]
061400;[CHB07515M] Astra - Cable Displayport a Displayport [1.5 Metros]
050761;[CINTA-5MM-6K]Lucerna - Cinta LED Ultra Delgada 5mm 120V 6000K + 10 Conectores [50 Metros] 
050899;[CINTA-COB-3K] Lucerna - Cinta Cob LED  120V 3000K + 10 Conectores [50 Metros]
050901;[CINTA-COB-6K] Lucerna - Cinta Cob LED  120V 6K + 10 Conectores [50 Metros]
050749;[CINTA-DYNA-3K] Lucerna - Cinta LED DYNA 24V 4K [5 Metros] 
050750;[CINTA-DYNA-4K] Lucerna - Cinta LED DYNA 24V 6K [5 Metros] 
050751;[CINTA-DYNA-6K] Lucerna - Cinta LED DYNA 24V 3K [5 Metros] 
020698;[CJ588BUY] Panduit - Conector Jack Coupler RJ45 CAT5e (Categoria 5e) Pan-Net (Azul) [Unidad]
020699;[CJ588IGY] Panduit - Conector Jack Coupler RJ45 CAT5e (Categoria 5e) Pan-Net (Gris) [Unidad]
020700;[CJ588RDY] Panduit - Conector Jack Coupler RJ45 CAT5e (Categoria 5e) Rojo Pan-Net [Unidad]
021438;[CJ58E8TGBU] Panduit - Conector Jack Coupler RJ45 CAT5e (Categoria 5e) Pan-Net (Azul) [Unidad]
021154;[CJ688TGBU] Panduit - Conector Jack Coupler RJ45 CAT6 (Categoria 6) (Azul) Pan-Net [Unidad]
021155;[CJ688TGRD] Panduit - Conector Jack Coupler RJ45 CAT6A (Categoria 6A) (Rojo) Pan-Net [Unidad]
020701;[CJ6X88TGBU] Panduit - Conector Jack Coupler RJ45 CAT6A (Categoria 6A) (Azul) Pan-Net [Unidad]
021162;[CJ6X88TGRD] Panduit - Conector Jack Coupler RJ45 CAT6A (Categoria 6A) (Rojo) Pan-Net [Unidad]
050256;[CL60-50M-RGB] Lucerna - Bobina Cinta LED [60 LED's] RGB Multicolor [50 Metros] + 10 Controladores
050260;[CLNEO-50M-3K] Lucerna - Bobina Cinta LED Neon 3000K Luz Calida [50 Metros] + 10 Conectores
050266;[CLNEO-50M-6.5K] Lucerna - Bobina Cinta LED Neon 6500K Luz Fria [50 Metros] + 10 Conectores
050269;[CLNEO-50M-RGB] Lucerna - Bobina Cinta LED Neon RGB Multicolor [50 Metros] + 10 Conectores
020952;[CM-CAT6-100-PASS] Cable Matters - Conector Modular RJ45 CAT6 (Categoria 6) Pass-Through Pasante [100 Unidades]
020951;[CM-CAT6-200-PASS] Cable Matters - Conector Modular RJ45 CAT6 (Categoria 6) Pass-Through Pasante [200 Unidades]
020953;[CM-CAT6A-100-PASS-B] Cable Matters - Conector Modular RJ45 CAT6 (Categoria 6) Blindado Pass-Through Pasante [100 Unidades]
060603;[CM310+] Barkan - Soporte/Base Inlinada 3en1 Base + Kit Limpieza + Cable HDMI 1.8 Metros para Pantallas 40 a 90 Pulgadas 50Kg
070833;[CMBIW-X] Panduit - Tapa Ciega de Diseño Mini-Com Blanco
070824;[CMBWH-X] Panduit - Tapa ciega 1 Puerto Blanco
011066;[COMBO-NVR] Dahua – Kit 8 Cámaras de Seguridad 4 Domo 1080P [2MP] 4 Bullet 1080P [2MP] y NVR 8CH con 8 Poe H.265 1 HDD [Serie 1]
011065;[COMBO-XVR] Dahua - Kit 4 Cámaras de Seguridad 2 Domo 1080P [2MP] 2 Bullet 1080P [2MP] y XVR 1080n / 720p 4CH con SMD Plus para Detección Avanzada [Serie Cooper]
050425;[CON-12W-C] DuraLED - Driver Controlador 8/12W Multivoltaje Conector Cuadrado
050432;[CON-3W-C] DuraLED - Driver Controlador 3W Multivoltaje Conector Cuadrado
050755;[CONT-CLASIC-PARED] Lucerna - Controlador de Cinta DYNA Clasico Pared
050258;[CONT-LED-RGB] Lucerna - Controlador RGB Cinta LED [Transformador + Control]
021437;[COUPLERCAT6] Wiretech  - Conector Keystone Jack Coupler RJ45 CAT6 (Categoria 6) (Azul) [Unidad]
020702;[CP24BLY] Panduit - Patch Panel Modular 24 Puertos Mini-Com 1U Pan-Net
020703;[CP48BLY] Panduit - Patch Panel Modular 48 Puertos Mini-Com 2U Pan-Net
020015;[CPE210] TP-Link - Punto de Acceso CPE Inalambrico de Exterior/Interior de 9dBi en 2.4GHz a 300Mbps
020154;[CPE220] TP-Link - Punto de Acceso CPE Inalambrico de Exterior/Interior de 12dBi en 2.4GHz a 300Mbps
020031;[CPE510] TP-Link - Punto de Acceso CPE Inalambrico de Exterior/Interior de 13dBi en 5GHz a 300Mbps
020323;[CPE605] TP-Link - Punto de Acceso CPE Inalambrico de Exterior/Interior de 23dBi en 5GHz a 150Mbps
020111;[CPE610] TP-Link - Punto de Acceso CPE Inalambrico de Exterior/Interior de 23dBi en 5GHz a 300Mbps
020324;[CPE710] TP-Link - Punto de Acceso CPE Inalambrico de Exterior/Interior de 23dBi en 5GHz AC a 867Mbps
021852;[CPPLA24WBLY] Panduit - Patch Panel Modular de Angulo de 24 Puertos Mini-Com 1 RU [Negro]
021853;[CPPLA48WBLY] Panduit - Patch Panel Modular de Angulo de 48 Puertos Mini-Com 2 RU [Negro]
100107;[CRG045C] Maxiprint - Toner Compatible HP Cyan CF401A CRG045C
100108;[CRG045Y] Maxiprint - Toner Compatible HP Yellow CF402A CRG045Y
100099;[CRG120] Maxiprint - Toner Compatible Canon Negro CRG120
020954;[CRI-PASS-RJ45/11/12] Yangoutool - Herramienta Crimpeador de Paso Regular y Final RJ45/RJ11/RJ12
021317;[CRS112-8G-4S-IN] Mikrotik - Cloud Switch Router 8 Puertos Gigabit Ethernet y 4 Puertos SFP Throughput 975 kpps
021282;[CRS112-8P-4S-IN] Mikrotik - Cloud Router Switch Administrable L3 8 Puertos 10/100/1000 Mbps c/PoE Pasivo ó 802.3af/at 4 Puertos SFP
021300;[CRS125-24G-1S-2HnD-IN] Mikrotik - Cloud Router Switch 24 Puertos Gigabit Ethernet 1 Puerto SFP 802.11b/g/n para Escritorio
021594;[CRS304-4XG-IN] Mikrotik - Cloud Router Switch PoE de 4 Puertos 10 G+ 1 Puerto Gigabit CPU con 2 Núcleos y Frecuencia de 1200 MHz (15W sin accesorios) RouterOS (solo v7)
021318;[CRS305-1G-4S+OUT] Mikrotik - FiberBox Plus Switch 4 Puertos SFP+ 10 Gbps para Exterior
021595;[CRS312-4C+8XG-RM] Mikrotik - Cloud Router Switch 8 Puertos 10G RJ45 4 Compartidos RJ45/SFP+ (RouterOS v7 / SwitchOS)
021309;[CRS317-1G-16S+RM] Mikrotik - Cloud Router Switch CRS317-1G-16S+RM 16 Puertos SFP+ 1 Puerto Gigabit Ethernet
021280;[CRS318-16P-2S+OUT] Mikrotik - Switch Administrable Sistema Operativo Dual 16 Puertos c/PoE 2 Puertos 10G SFP+ para Exterior
021297;[CRS318-1Fi-15Fr-2S-OUT] Mikrotik - Switch Exterior de 18 Puertos con 15 Puertos PoE Inversos y SFP
021256;[CRS326-24G-2S+RM] Mikrotik - Switch Sistema Operativo Dual 24 Puertos Gigabit Ethernet y 2 Puertos SFP+
021301;[CRS326-24S+2Q+RM] Mikrotik - Cloud Router Switch Sistema Operativo Dual 24 Puertos 10G SFP+ 2 Puertos 40G QSFP+
021310;[CRS326-4C+20G+2Q+RM] Mikrotik - Switch Capa 3 con 4 Puertos Combo 20 Puertos Ethernet 2.5 Gigabit y 2 Puertos QSFP+
021277;[CRS328-24P-4S+RM] Mikrotik - Cloud Router Switch Administrable 24 Puertos Gigabit Ethernet Router/Switch 10Gbps SFP+
021311;[CRS328-4C-20S-4S+RM] Mikrotik - Cloud Router Switch Administrable L3 4 Puertos Combo TP/SFP 20 Puertos SFP 4 Puertos SFP+
021283;[CRS354-48G-4S+2Q+RM] Mikrotik - Cloud Router Switch 48 Puertos Gigabit Ethernet 4 Puertos SFP+ 10G 2 Puertos QSFP+ 40G Montaje en Rack
021284;[CRS354-48P-4S+2Q+RM] Mikrotik - Cloud Router Switch 48 Puertos PoE 802.3af/at Gigabi, 4 Puertos SFP+ 10G 2 Puertos QSFP+ 40G Montaje en Rack
021590;[CRS504-4XQ-IN] Mikrotik - Cloud Router Switch 4 Puertos QSFP28 de 100 Gigabit PoE en 802.3 bt (25W sin accesorios) RouterOS (solo v7)
021591;[CRS504-4XQ-OUT] Mikrotik - Cloud Router Switch 4 Puertos 100 Gigabit QSFP28 (25W sin accesorios) RouterOS (solo v7)
021592;[CRS510-8XS-2XQ-IN] Mikrotik -  Cloud Router Switch de 2 Puertos 100 Gigabit QSFP28 8 Puertos 25 Gigabit SFP28 802.3 bt PoE-in
021312;[CRS518-16XS-2XQ-RM] Mikrotik - Cloud Router Switch 16 Puertos SFP28 25 Gbps 2 Puertos QSFP28 10 Gbps
021593;[CRS520-4XS-16XQ-RM] Mikrotik - Cloud Router Switch con 16 Puertos 100 Gigabit QSFP28 (123W sin accesorios) RouterOS (solo v7)
040061;[CS-A3-A0-W] Ezviz - Panel de Alarma Hub WiFi A3 Inalámbrico/Alámbrico hasta 32 Dispositivos [Blanco] Interior
040074;[CS-B1-A0-A34] Ezviz - Kit de Alarma Inalambrico Incluye: 1 Hub, 1 Sensor PIR, 1 Contacto Magnético y 1 Smart Boton
010416;[CS-BC2-A0-2C2WPFB] Ezviz - Cámara Ip Inalambrica Negra con Bateria HD 1080P [2MP] WiFi Lente 4mm Interior
010432;[CS-BM1-R100-2D2WF-BE] Ezviz - Cámara WiFi HD 1080P [2MP] Monitor Vigilabebés con Batería [Azul] Interior
010431;[CS-BM1-R100-2D2WF-RA] Ezviz - Cámara WiFi HD 1080P [2MP] Monitor Vigilabebés con Batería [Rosado] Interior
010849;[CS-BW3844-A0E60] Ezviz - Kit de Cámaras Wifi NVR X5S Inalámbrico  + 4 Cámaras H3c [4MP] No incluye Disco Duro
010308;[CS-C2C-B0-1E2WF] Ezviz - Cámara Domo Ip Inalambrica HD 1080P [2MP] WiFi Lente 2.8mm Interior
010412;[CS-C6N-R101-1G2WF] Ezviz - Cámara Domo IP PT Inalambrica HD 1080P [2MP] WiFi Rotatoria Lente 4mm Interior
010690;[CS-CB1-R100-1K2WF] Ezviz - Cámara Domo Ip Inalambrica con Bateria HD 1080P [2MP] WiFi Lente 2.8mm Interior Serie H Tipo-C
010887;[CS-CB2-R100-2D2WF-BK(AM-STD)] Ezviz - Cámara Ip Inalambrica Negra con Bateria HD 1080P [2MP] WiFi Lente 4mm Interior
011093;[CS-CB5-R100-2F8WFL] Ezviz - Cámara Solar 4K con Batería 10400mAh para Casa Inteligente con Wi-Fi Audio Bidireccional Visión Nocturna en Color
010726;[CS-CB8-R100-2C3WFL] Ezviz - Cámara Domo IP PT Inalambrica con Bateria HD 2K [4MP] WiFi Rotatoria Lente 4mm Exterior/Interior
011046;[CS-CB8/SP-R105(3MP Type-C)] Ezviz - Kit Cámara Domo IP PT Inalambrica con Bateria HD 2K [3MP] WiFi Rotatoria Lente 4mm con Panel SolarExterior/Interior
011094;[CS-CB8/SP-R200(4K)] Ezviz - Cámara con Rotación Horizontal y Vertical 360 4K por batería 10.400mAh con Wi-Fi Audio Bidireccional Visión Nocturna en Color
011050;[CS-CB8c/SP-R100] Ezviz - Kit Cámara Domo IP PT Inalambrica con Bateria HD 2K [4MP] WiFi Rotatoria Lente 4mm con Panel SolarExterior/Interior
061643;[CS-CMT-CARDT128G-D] Ezviz - Memoria Micro SDHC/SDXC para Videovigilancia 128GB 90MB/s Clase 10
061644;[CS-CMT-CARDT256G-D] Ezviz - Memoria Micro SDHC/SDXC para Videovigilancia 256GB 90MB/s Clase 10
060932;[CS-CMT-CARDT64G-D] Ezviz - Memoria Micro SDHC/SDXC para Videovigilancia 64GB 92MB/s Clase 10
010320;[CS-CMT-Solar Panel-C] Ezviz - Panel Solar de Carga para Cámaras con Bateria Exterior
010782;[CS-CMT-Solar Panel-E(TYPE-C 6W)] Ezviz - Panel Solar de Carga para Cámaras con Bateria Exterior
090167;[CS-DB2-A0-2C5WPBR] Ezviz - Kit Video Portero con Batería 5MP
090254;[CS-DL03-R100-WBCP-GR] Ezviz - Cerradura Inteligente
090255;[CS-DL04-R100-WBCP-GR] Ezviz - Cerradura Inteligente
090207;[CS-DL05-R100-WBCP-GR(M)] Ezviz - Cerradura Inteligente con Huella Dactilar
011092;[CS-E4p-R100-8C6WKF] Ezviz - Cámara Panorámica 360 3K+ Ojo de Pez Inteligente con Wi-Fi Audio Bidireccional
010498;[CS-EB3-R100-2C3WFL] Ezviz - Cámara Bullet Ip Inalambrica con Bateria HD 2K [3MP] WiFi Lente 2.8mm Exterior/Interior
011047;[CS-EB3-R200-1K3FL4GA] Ezviz - Cámara Bullet Ip Inalambrica con Bateria HD 2K [3MP] 4G Lente 2.8mm Exterior/Interior
010873;[CS-EB3-R200-1K3WFL] Ezviz - Cámara Bullet Ip Inalambrica con Bateria HD 2K [3MP] WiFi Lente 2.8mm Exterior/Interior
011049;[CS-EB3/SP-R200(2K4GA)] Ezviz - Kit Cámara Bullet Ip Inalambrica con Bateria HD 2K [3MP] 4G Lente 2.8mm con Panel Solar Exterior/Interior
010870;[CS-EB5-R100-2F8WFL] Ezviz - Cámara Tipo Bullet Inalambrica HD 4K [8MP] WiFi a Bateria + Panel Solar Integrado
010749;[CS-EB8-R100-1K3FL4GA-LA(AM-STD)] Ezviz - Cámara IP [2K] Panorámica e Inclinable 4G con batería
010725;[CS-EB8/SP-R100(3MP Type-C)(Kit)] Ezviz - Kit de Cámara PT Inalambrica HD [3MP] Panorámica e Inclinable Conectividad 4G con batería y Panel Solar
010688;[CS-H1c-R101-1G2WR] Ezviz - Cámara Domo Ip Inalambrica HD 1080P [2MP] WiFi Lente 2.8mm Interior Serie H Tipo-C [Serie H]
010497;[CS-H3-R100-1J5WKFL(2.8mm)] Ezviz - Cámara Bullet Ip Inalambrica HD 3K [5MP] WiFi Lente 2.8mm Exterior/Interior [Serie H]
010684;[CS-H3c-R100-1K2WF(2.8mm)] Ezviz - Cámara Bullet Ip Inalambrica HD 1080P [2MP] WiFi Lente 2.8mm Exterior/Interior [Serie H]
010748;[CS-H3c-R100-1K2WFL(2.8mm)(AM-STD)] Ezviz - Cámara Bullet Ip Inalambrica HD 1080P [2MP] WiFi Lente 2.8mm Exterior/Interior a Color [Serie H]
010724;[CS-H3c-R100-1K3WKFL(2.8mm)] Ezviz - Cámara Bullet Ip Inalambrica HD [3MP] WiFi Lente 2.8mm Exterior/Interior [Serie H]
010848;[CS-H4-R201-1H3EKFL(2.8mm)] Ezviz - Cámara Domo Inteligente Ip POE [2K] Interior/exterior [Serie H]
010747;[CS-H4-R201-1H3WKFL(2.8mm)] Ezviz - Cámara Domo Inteligente Ip Wi-Fi [2K] Interior/exterior [Serie H]
011048;[CS-H5-R201-1H3EKFLl] Ezviz - Cámara Bullet Ip Inalambrica HD 2K [3MP] POE Lente 4mm Visión Nocturna a Color Exterior/Interior [Serie H]
010723;[CS-H6-R100-1J5WF] Ezviz - Cámara Domo Ip Inalambrica con Paneo e Inclinación HD 3K [5MP] WiFi Lente 4mm Interior [Serie H]
010689;[CS-H6c-R101-1G2WF] Ezviz - Cámara Domo IP PT Inalambrica HD 1080P [2MP] WiFi Rotatoria Lente 4mm Interior Serie H [Serie H]
010722;[CS-H6c-R105-1J4WF] Ezviz - Cámara Domo IP PT Inalambrica HD 2K [4MP] WiFi Rotatoria Lente 4mm Interior [Serie H]
011044;[CS-H6c-R105-1J5WF] Ezviz - Cámara Domo IP Inalámbrica con Paneo e Inclinación 3K [5MP] WiFi Lente 4mm Interior
010842;[CS-H6c-R105-1L2WF(AM-STD)] Ezviz - Cámara Domo IP PT Inalambrica HD 1080P [2MP] WiFi Rotatoria Lente 4mm Interior [Serie H]
011043;[CS-H6c-R105-1L3WF] Ezviz - Cámara IP Inalámbrica con Paneo e Inclinación 2K [3MP] WiFi Lente 4mm
010843;[CS-H6c-R105-8H8WF] Ezviz - Cámara Domo IP PT Inalambrica HD 4K [8MP] WiFi Rotatoria Lente 4mm Interior [Serie H]
010745;[CS-H7c-R100-8G44WF] Ezviz - Cámara Ip Wi-Fi [2K+] de Doble Lente con Rotación Horizontal y Vertical Interior [Serie H] Tipo-C
010496;[CS-H8-R100-1J5WKFL(4mm)] Ezviz - Cámara Domo IP PT Inalambrica HD 3K [5MP] WiFi Rotatoria Lente 4mm Exterior/Interior [Serie H]
010845;[CS-H80f-R100-8G444WKFL] Ezviz - Cámara Domo IP PT Inalambrica HD Triple Lente [4MP] + [4MP] + [4MP] WiFi Rotatoria Exterior/Interior [Serie H]
010844;[CS-H80x-R100-8G82WKFL] Ezviz - Cámara Domo IP PT Inalambrica HD Doble Lente [8MP] + [2MP] WiFi Rotatoria Exterior/Interior [Serie H]
010857;[CS-H8c-R100-1J4WKFL(4mm)] Ezviz - Cámara Domo IP PT Inalambrica HD 1080P [2MP] WiFi Rotatoria Lente 4mm Exterior/Interior [Serie H]
010495;[CS-H8c-R100-1K2WKFL(4mm)] Ezviz - Cámara Domo IP PT Inalambrica HD 1080P [2MP] WiFi Rotatoria Lente 4mm Exterior/Interior [Serie H]
010853;[CS-H8c-R200-1J4WKFL(4mm)] Ezviz - Cámara Domo IP PT Inalambrica HD 2K [4MP] WiFi Rotatoria Lente 4mm Exterior/Interior [Serie H Pro]
010854;[CS-H8c-R200-1J5WKFL(4mm)] Ezviz - Cámara Domo IP PT Inalambrica HD [5MP] WiFi Rotatoria Lente 4mm Exterior/Interior [Serie H Pro]
010856;[CS-H8c-R200-1K3EKFL(4mm)] Ezviz - Cámara Domo IP PT Inalambrica HD [3MP] Rotatoria Lente 4mm Exterior/Interior [Serie H POE]
010852;[CS-H8c-R200-1K3WKFL(4mm)] Ezviz - Cámara Domo IP PT Inalambrica HD [3MP] WiFi Rotatoria Lente 4mm Exterior/Interior [Serie H Pro]
010855;[CS-H8c-R200-8H8WKFL(4mm)] Ezviz - Cámara Domo IP PT Inalambrica HD 4K [8MP] WiFi Rotatoria Lente 4mm Exterior/Interior [Serie H Pro]
010846;[CS-H90-R100-8H44WKFL] Ezviz - Cámara Ip Wi-Fi [2K] [4MP] + [4MP] de Doble Lente con Rotación Horizontal y Vertical Interior/exterior [Serie H]
010847;[CS-H9c-R100-8G55WKFL] Ezviz - Cámara Ip Wi-Fi [3K] de Doble Lente con Rotación Horizontal y Vertical Interior/exterior [Serie H]
010746;[CS-H9c-R100-8H33WKFL] Ezviz - Cámara Ip Wi-Fi [2K] de Doble Lente con Rotación Horizontal y Vertical Interior/exterior [Serie H]
010415;[CS-HB8-R100-2C4WDL] Ezviz - Cámara Domo IP PT Inalambrica con Bateria HD 2K [4MP] WiFi Rotatoria Lente 4mm Exterior/Interior [Serie H]
011095;[CS-HB90/SP-R100(4MP+4MP)] Ezviz - Cámara Doble Lente (2K+ + 2K+) + Panel Solar de 8W por Wi-Fi Visión Nocturna en Color Audio Bidireccional
090180;"[CS-HP4-R100-6E2WPFBS] Ezviz - Timbre Inteligente Video Portero Inalambrico con Bateria 1080P [2MP] Pantalla 4.3"" Interior [Serie H]"
090181;"[CS-HP7-R101-1W2TFC] Ezviz - Video Portero Doméstico Inteligente Inalambrico 2K [4MP] Pantalla 4.3"" Interior/Exterior [Serie H]"
011097;[CS-PB18-R100-BK(O-STD)] Ezviz - Energía Portátil 5.200mAh para Cámara Entrada Type-C 5V2A Salida USB-A 5V1A [Negro]
011096;[CS-PB18-R100-WH(O-STD)] Ezviz - Energía Portátil 5.200mAh para Cámara Entrada Type-C 5V2A Salida USB-A 5V1A [Blanco]
010851;[CS-PBC12-R100-10AH] Ezviz - Panel Solar con Batería 10Ah 12W
010750;[CS-R5C-R100-8F] Ezviz - NAS NVR Almacenamiento en Nube 4K 8CH IP 100Mbps 1GHz ARM Cortex-A7 2núcleos Hasta 8TB
100235;[CS-RA-KIT13(EU-STD)] Ezviz - Paquete de Accesorios para Robot Aspirador Series RE4C RE4 RE5
100212;[CS-RC3-TWT5] Ezviz - Robot Aspirador Automático Inteligente
100213;[CS-RE4-PWT2] Ezviz - Robot Aspirador y Trapeador Automático Inteligente
090208;[CS-SD7-R100-1WTC] Ezviz - Monitor Táctil Inteligente
040062;[CS-T1C-A0-BG] Ezviz - Sensor de Movimiento por Infrarrojos Pasivos [PIR] para Panel A3 Interior
040063;[CS-T2C-A0-BG] Ezviz - Sensor de Apertura/Cierre Contacto Magnetico para Panel A3 Interior
040064;[CS-T3C-A0-BG] Ezviz - Botón Inteligente para Panel A3 Interior
040099;[CS-T9C-A0-BG] Ezviz - Sirena Inteligente Inalambrico con Bateria Ajustable de 90-105 dB [Requiere Puerta de Enlace A3] Interior/Exterior
010850;[CS-X5S-R100-8W] Ezviz - NVR 8Ch Inalámbrico con Salidas HDMI y VGA
061096;[CS580XTK09] Xtech - Fuente de Poder 500W
061035;[CS850XTK08] Xtech - Fuente De Poder 700W
061034;[CS850XTK11] Xtech - Fuente De Poder 600W
021285;[CSS326-24G-2S+RM] Mikrotik - Cloud Smart Switch 24 Puertos Gigabit 2 Puertos SFP+ SwitchOS
021596;[CSS610-1Gi-7R-2S+OUT] Mikrotik - netPower Lite 7R Switch Smart 7 Puertos PoE Inverso Gigabit 2 SFP+ 10G para Exterior
021286;[CSS610-8G-2S+IN] Mikrotik - Switch Smart con SwitchOS 8 Puertos Gigabit 2 Puertos SFP+ 10G Desktop/Rack
021304;[CSS610-8P-2S+IN] Mikrotik - Cloud Smart Switch Administrable L2 8 Puertos PoE 802.3af/at Pasivo 2 Puertos SFP+ 10G switchOS
060503;"[CT1000BX500SSD1] Crucial - Disco de Estado Solido SSD 1Tb 2.5"" BX500"
060869;[CT1000X6SSD9] Crucial - Unidad Disco Externo de Estado Sólido SSD Portátil 1000Gb 1Tb USB 3.2 USB-C hasta 800 MB/s PC y Mac
060438;"[CT120BX500SSD1] Crucial - Disco de Estado Solido SSD 120Gb 2.5"" BX500"
060870;[CT2000X6SSD9] Crucial - Unidad Disco Externo de Estado Sólido SSD Portátil 2000Gb 2Tb USB 3.2 USB-C hasta 800 MB/s PC y Mac
060439;"[CT240BX500SSD1] Crucial - Disco de Estado Solido SSD 240Gb 2.5"" BX500"
060871;[CT4000X6SSD9] Crucial - Unidad Disco Externo de Estado Sólido SSD Portátil 4000Gb 4Tb USB 3.2 USB-C hasta 800 MB/s PC y Mac
060504;"[CT480BX500SSD1] Crucial - Disco de Estado Solido SSD 480Gb 2.5"" BX500"
060747;"[CT500BX500SSD1] Crucial -Disco de Estado Solido SSD 500Gb 2.5"" BX500"
060868;[CT500X6SSD9] Crucial - Unidad Disco Externo de Estado Sólido SSD Portátil 500Gb USB 3.2 USB-C hasta 800 MB/s PC y Mac
060756;[DC-140USB] Forza - Mini UPS y Cargador Portátil de 14W Puerto USB Salidas de 5/9/12VCC
020535;[DECO-M4-1PACK] TP-Link - Router Inalambrico WiFi Mesh Doble Banda AC1200 [1 Unidad]
020435;[DECO-M4-2PACK] TP-Link - Router Inalambrico WiFi Mesh Doble Banda AC1200 [2 Unidades]
020226;[DECO-M4-3PACK] TP-Link - Router Inalambrico WiFi Mesh Doble Banda AC1200 [3 Unidades]
020612;[DECO-M9-PLUS-2PACK] TP-Link - Router Inalambrico WiFi Mesh Doble Banda AC2200 [2 Unidades]
010260;[DECO-M9-PLUS-3PACK] TP-Link - Router Inalambrico WiFi Mesh Doble Banda AC2200 [3 Unidades]
020895;[DECO-S7-2PACK] TP-Link - Router Inalambrico WiFi Mesh Doble Banda AC1900 [2 Unidades]
020754;[DECO-S7-3PACK] TP-Link - Router Inalambrico WiFi Mesh Doble Banda AC1900 [3 Unidades]
021506;[DECO-X10-1PACK] TP-Link - Router Inalambrico WiFi Mesh Doble Banda AX1500 WiFi6 [1 Unidad]
021722;[DECO-X10-2PACK] TP-Link - Router Inalambrico WiFi Mesh Doble Banda AX1500 WiFi6 [2 Unidad]
021503;[DECO-X10-3PACK] TP-Link - Router Inalambrico WiFi Mesh Doble Banda AX1500 WiFi6 [3 Unidades]
021505;[DECO-X20-1PACK] TP-Link - Router Inalambrico WiFi Mesh Doble Banda AX1800 WiFi6 [1 Unidad]
020420;[DECO-X20-2PACK] TP-Link - Router Inalambrico WiFi Mesh Doble Banda AX1800 WiFi6 [2 Unidades]
020483;[DECO-X20-3PACK] TP-Link - Router Inalambrico WiFi Mesh Doble Banda AX1800 WiFi6 [3 Unidades]
021169;[DECO-X50-1PACK] TP-Link - Router Inalambrico WiFi Mesh Doble Banda AX3000 WiFi6 [1 Unidad]
020613;[DECO-X50-2PACK] TP-Link - Router Inalambrico WiFi Mesh Doble Banda AX3000 WiFi6 [2 Unidades]
021345;[DECO-X50-Outdoor-1PACK] TP-Link - Router Inalambrico para Exteriores WiFi Mesh Doble Banda AX3000 WiFi6 [1 Unidad]
021356;[DECO-X50-POE-1PACK] TP-Link - Router Inalambrico WiFi Mesh Doble Banda AX3000 WiFi6 con POE [1 Unidad]
021357;[DECO-X50-POE-2PACK] TP-Link - Router Inalambrico WiFi Mesh Doble Banda AX3000 WiFi6 con POE [2 Unidades]
021442;[DECO-X50-POE-3PACK] TP-Link - Router Inalambrico WiFi Mesh Doble Banda AX3000 WiFi6 con POE [3 Unidades]
021693;[DECO-X50-PRO-1PACK] TP-Link - Router Inalambrico WiFi Mesh Doble Banda AX3000 WiFi6 PRO [1 Unidad]
021562;[DECO-X50-PRO-2PACK] TP-Link - Router Inalambrico WiFi Mesh Doble Banda AX3000 WiFi6 PRO [2 Unidades]
021563;[DECO-X50-PRO-3PACK] TP-Link - Router Inalambrico WiFi Mesh Doble Banda AX3000 WiFi6 PRO [3 Unidades]
021517;[DECO-X60-1PACK] TP-Link - Router Inalambrico WiFi Mesh Doble Banda AX5400 WiFi6 [1 Unidad]
020930;[DECO-X60-2PACK] TP-Link - Router Inalambrico WiFi Mesh Doble Banda AX5400 WiFi6 [2 Unidades]
021934;[DH-CHS4106-4ET-60] Dahua - Switch Cloud L2 Industrial PoE de 6 Puertos con 4 Puertos RJ-45 PoE (10/100 Mbps) 1 Puerto RJ-45 Uplink (Gigabit) y 1 Puerto SFP Uplink (1000 Mbps) Gestión en Nube Carcasa Metálica Total PoE 60W [Administrable]
021798;[DH-CS4006-4ET-60] Dahua - Switch PoE de 6 Puertos Administrable 4 Puertos PoE 10/100 2 Puertos Uplink 10/100/1000 60W Totales Administrable en la Nube PoE Hasta 250 Metros Switching 4.8 Gbps Carcasa Metalica
021940;[DH-CS4006-4ET2GT-36] Dahua - Switch Cloud L2 PoE de 6 Puertos con 4 Puertos RJ-45 PoE (10/100 Mbps) y 2 Puertos RJ-45 Uplink (Gigabit) Gestión en la Nube Carcasa Metálica Total PoE 36W [Administrable]
021941;[DH-CS4006-4ET2GT-60] Dahua - Switch Cloud L2 PoE de 6 Puertos con 4 Puertos RJ-45 PoE (10/100 Mbps) y 2 Puertos RJ-45 Uplink (Gigabit) Gestión en la Nube Carcasa Metálica Total PoE 60W [Administrable]
021806;[DH-CS4006-4GT-60] Dahua - Switch Cloud L2 PoE de 6 Puertos con 4 Puertos RJ45 PoE (Gigabit) y 2 Puertos RJ45 Uplink (Gigabit) Gestión en la Nube Carcasa Metálica Total PoE 60W [Administrable]
021713;[DH-CS4010-8ET-110] Dahua - Switch de 10 Puertos 8 Puertos PoE 10/100 2 Puertos Uplink 10/100/1000 110W Totales Administrable en la Nube por DoLynk Care PoE 250 Metros Switching 5.6 Gbps
021942;[DH-CS4010-8ET-60] Dahua - Switch Cloud L2 PoE de 10 Puertos con 8 Puertos RJ-45 PoE (10/100 Mbps) y 2 Puertos RJ-45 Uplink (Gigabit) Gestión en la Nube Carcasa Metálica Total PoE 60W
021943;[DH-CS4010-8ET2GT-60] Dahua - Switch Cloud L2 PoE de 10 Puertos con 8 Puertos RJ-45 PoE (10/100 Mbps) y 2 Puertos RJ-45 Uplink (Gigabit) Gestión en la Nube Carcasa Metálica Total PoE 60W [Administrable]
021710;[DH-CS4010-8GT-110] Dahua - Switch Cloud L2 PoE de 10 Puertos con 8 Puertos RJ45 PoE (10/100/1000 Mbps) y 2 Puertos SFP Uplink (100/1000 Mbps) Gestión en la Nube Carcasa Metálica Total PoE 110W [Administrable]
021944;[DH-CS4218-16ET-135-V2] Dahua - Switch Cloud L2 PoE de 18 Puertos con 16 Puertos RJ-45 PoE (10/100 Mbps) 2 Puertos RJ-45 Uplink (Gigabit) y 2 Puertos SFP (1000 Mbps) Gestión en la Nube Carcasa Metálica Total PoE 135W [Administrable]
021945;[DH-CS4220-16GT-190-V2] Dahua - Switch Cloud L2 PoE de 20 Puertos con 16 Puertos RJ-45 PoE (Gigabit) 2 Puertos RJ-45 Uplink (Gigabit) y 2 Puertos SFP Uplink (1000 Mbps) Gestión en la Nube Carcasa Metálica Total PoE 190W [Administrable]
021711;[DH-CS4220-16GT-190] Dahua - Switch Cloud L2 PoE de 20 Puertos con 16 Puertos PoE (Gigabit) 2 Puertos Uplink (Gigabit) y 2 Puertos SFP (Gigabit) Gestión en la Nube Carcasa Metálica Total PoE 190W [Administrable]
021799;[DH-CS4220-16GT-240] Dahua - Switch Gigabit de 20 Puertos Administrable con 16 Puertos PoE 240W Totales Administrable en la Nube
021946;[DH-CS4226-24ET-240-V2] Dahua - Switch Cloud L2 PoE de 26 Puertos con 24 Puertos RJ-45 PoE (10/100 Mbps) 2 Puertos RJ-45 Uplink (Gigabit) y 2 Puertos SFP (1000 Mbps) Gestión en la Nube Carcasa Metálica Total PoE 240W [Administrable]
021712;[DH-CS4226-24ET-240] Dahua - Switch de 26 Puertos 24 Puertos PoE 10/100 2 Uplink 10/100/1000 + 2 Puertos SFP 240 Watts Totales Administrable en la Nube por DoLynk Care PoE Hasta 250 Metros Switching 8.8 Gbps
021809;[DH-CS4228-24GT-240] Dahua - Switch Gigabit de 24 Puertos Gigabit Administrable con 24 Puertos PoE 2 Puertos SFP de 1000 Mbps 2 Puertos RJ45 10/100/1000 Uplink 240W Totales Administrable en la Nube
021854;[DH-CS4228-24GT-375] Dahua - Switch Gigabit de 24 Puertos Gigabit Administrable con 24 Puertos PoE 2 Puertos SFP de 1000 Mbps 2 Puertos RJ45 10/100/1000 Uplink 375W Totales Administrable en la Nube
021949;[DH-CS4228-24GT] Dahua - Switch Cloud L2 de 28 Puertos con 24 Puertos RJ-45 (Gigabit) 2 Puertos RJ-45 Uplink (Gigabit) y 2 Puertos SFP Uplink (1000 Mbps) Gestión en la Nube Carcasa Metálica Admite VLAN STP RSTP Agregación de Enlaces [Administrable]
021968;[DH-EAP5212-C] Dahua - Punto de Acceso (Access Point) de Techo AC12 Wi-Fi 5 Gigabit Doble Banda 1.2 Gbps Antena (2.4 GHz: 2 × 4.6 dBi) y (5 GHz: 2 × 4.0 dBi) para Interiores
021969;[DH-EAP6218-C] Dahua - Punto de Acceso (Access Point) de Techo AX1800 Wi-Fi 6 Gigabit Doble Banda 1.775 Gbps Antena (2.4 GHz: 2 × 4.6 dBi) y (5 GHz: 2 × 4.0 dBi) para Interiores
021970;[DH-EAP6230-C] Dahua - Punto de Acceso (Access Point) de Techo AX3000 Wi-Fi 6 Gigabit Doble Banda 3 Gbps Antena (2.4 GHz: 2 × 4.0 dBi) y (5 GHz: 2 × 4.0 dBi) para Interiores
021972;[DH-EAP6230-O] Dahua - Punto de Acceso (Access Point) de Poste AX3000 Wi-Fi 6 Gigabit Doble Banda 3 Gbps Antena (2.4 GHz: 2 × 3.5 dBi) y (5 GHz: 2 × 6.0 dBi) para Exteriores
021971;[DH-EAP6230-W] Dahua - Punto de Acceso (Access Point) de Pared AX3000 Wi-Fi 6 Gigabit Doble Banda 3 Gbps Antena (2.4 GHz: 2 × 2.0 dBi) y (5 GHz: 2 × 2.0 dBi) para Interiores
010935;[DH-HAC-B1A21N-U-IL-A] Dahua - Cámara Bullet 1080P [2MP] con Audio Lente 2.8mm Smart Dual Light [Plastico] [Serie Cooper] 
010937;[DH-HAC-B1A21N-U] Dahua - Cámara Bullet 1080P [2MP] Lente 2.8mm [Plastico] [Serie Cooper] 
010936;[DH-HAC-B1A51N-U-IL-A] Dahua - Cámara Bullet [5MP] con Audio Lente 2.8mm Smart Dual Light  [Plastico] [Serie Cooper] 
011104;[DH-HAC-B1A51N-U] Dahua - Cámara Bullet [5MP] Lente 2.8mm Smart IR [Plastico] [Serie Cooper] 
011021;[DH-HAC-B3A21N-Z] Dahua - Cámara Bullet [5MP] Lente Varifocal Motorizado 2.7-12mm IR 40m IP67 [Metal/Plástico] [Serie Cooper]
011022;[DH-HAC-EW2501N] Dahua - Cámara Fisheye HDCVI [5Mp] Visión 360 IR 10 m WDR Real 120dB Micrófono Integrado Starlight para Baja Luz y Reducción de Ruido 2D/3D
011107;[DH-HAC-HDW1200TQN-IL-T] Dahua - Cámara Domo 1080P [2MP] con Audio Bidireccional Lente 2.8mm Smart Dual Light [Metal/Plástico] [Serie Lite] 
010939;[DH-HAC-HDW1200TRQN] Dahua - Cámara Domo 1080P [2MP] Lente 2.8mm [Plastico] [Serie Lite] 
010943;[DH-HAC-HDW1209CLQN-A-LED] Dahua - Cámara Domo 1080P [2MP] con Audio Lente 2.8mm FullColor [Plastico] [Serie Lite] 
010941;[DH-HAC-HDW1209CLQN-LED] Dahua - Cámara Domo 1080P [2MP] Lente 2.8mm FullColor [Plastico] [Serie Lite] 
010945;[DH-HAC-HDW1239TLQN-IL-A] Dahua - Cámara Domo 1080P [2MP] con Audio Lente 2.8mm Smart Dual Light [Metal/Plástico] [Serie Lite] 
011111;[DH-HAC-HDW1249XN-IL-A-PRO] Dahua - Cámara Domo 1080P [2MP] con Audio Lente 2.8mm WizColor [Metal/Plástico] [Serie Lite] 
011112;[DH-HAC-HDW1500TLMN-IL-A] Dahua - Cámara Domo [5MP] con Audio Lente 2.8mm Smart Dual Light [Metalico] [Serie Lite] 
010947;[DH-HAC-HDW1500TRQN-A] Dahua - Cámara Domo [5MP] con Audio Lente 2.8mm [Plastico] [Serie Lite] 
010938;[DH-HAC-HFW1200CN] Dahua - Cámara Bullet 1080P [2MP] Lente 2.8mm [Plastico] [Serie Lite] 
011110;[DH-HAC-HFW1200RLN-IL-T] Dahua - Cámara Bullet 1080P [2MP] con Audio Bidireccional Lente 2.8mm Smart Dual Light [Plastico] [Serie Lite] 
010942;[DH-HAC-HFW1209CLN-A-LED-0280B-S3] Dahua - Cámara Bullet 1080P [2MP] con Audio Lente 2.8mm FullColor [Metal/Plástico] [Serie Lite] 
010940;[DH-HAC-HFW1209CLN-LED] Dahua - Cámara Bullet 1080P [2MP] Lente 2.8mm FullColor [Metal/Plástico] [Serie Lite] 
010944;[DH-HAC-HFW1239CN-IL-A] Dahua - Cámara Bullet 1080P [2MP] con Audio Lente 2.8mm Smart Dual Light [Metal/Plástico] [Serie Lite] 
011109;[DH-HAC-HFW1249XN-IL-A-PRO] Dahua - Cámara Bullet 1080P [2MP] Lente 2.8mm Smart Dual Light FullColor [Metal/Plástico] [Serie Lite] 
010946;[DH-HAC-HFW1500CN-A] Dahua - Cámara Bullet [5MP] con Audio Lente 2.8mm [Plastico] [Serie Lite] 
011108;[DH-HAC-HFW1500RLN-IL-A] Dahua - Cámara Bullet [5MP] con Audio Lente 2.8mm Smart Dual Light [Plastico] [Serie Lite] 
011024;[DH-HAC-HUM3200AN] Dahua - Cámara Oculta en Sensor de Movimiento 1080p [2Mp] Super Adapt Lente de 2.8mm 105 Grados de Apertura IR de 10 Metros DWDR Soporta: CVI/CVBS/AHD/TVI
010932;[DH-HAC-T1A21N-U-IL-A] Dahua - Cámara Domo 1080P [2MP] con Audio Lente 2.8mm Smart Dual Light [Plastico] [Serie Cooper] 
010930;[DH-HAC-T1A21N-U] Dahua - Cámara Domo 1080P [2MP] Lente 2.8mm [Plastico] [Serie Cooper] 
010934;[DH-HAC-T1A51N-U-IL-A] Dahua - Cámara Domo [5MP] con Audio Lente 2.8mm Smart Dual Light [Plastico] [Serie Cooper] 
010933;[DH-HAC-T1A51N-U-IL] Dahua - Cámara Domo [5MP] Lente 2.8mm Smart Dual Light [Plastico] [Serie Cooper] 
010931;[DH-HAC-T1A51N-U] Dahua - Cámara Domo [5MP] Lente 2.8mm [Plastico] [Serie Cooper] 
021935;[DH-HS4412-8ET-96] Dahua - Switch Cloud L2 Industrial PoE de 12 Puertos con 8 Puertos RJ-45 PoE (10/100 Mbps) y 4 Puertos SFP Uplink (1000Mbps) Gestión en Nube Carcasa Metálica Total PoE 96W [Administrable]
010953;[DH-IPC-B1E20] Dahua - Cámara Bullet IP 1080P [2MP] Lente 2.8mm [Serie Eco] 
010993;[DH-IPC-HDBW2449F-AS-E2-IL] Dahua - Cámara Doble Lente Domo IP 2K [4Mp] con Audio Lente 2.8mm Smart Dual Light Full Color WizSense SMD Plus IP67 [Metalico] [Serie 2]
010996;[DH-IPC-HDBW2649E-S-IL] Dahua - Cámara Domo IP [6MP] con Audio Lente 2.8mm WizSense Smart Dual Light SMD Plus IP67 [Metalico] [Serie 2]
010999;[DH-IPC-HDBW3441R-AS-P] Dahua - Cámara Domo IP 2K [4MP] con Audio Lente 2.8mm WizSense SMD 4.0 IP67 [Metalico] [Serie 3]
011004;[DH-IPC-HDBW5442E-ZHE] Dahua - Cámara Domo IP 2K [4MP] con Audio Lente Varifocal WizMind Conteo de Personas ePoE SMD 3.0 IP67 [Metal/Plástico] [Serie 5]
011116;[DH-IPC-HDW1239T1-IL] Dahua - Cámara Domo IP 1080p [2MP] con Audio Lente 2.8mm Smart Dual Light IP67 [Plástico] [Serie 1]
010956;[DH-IPC-HDW1239V-SA-IL] Dahua - Cámara Domo IP 1080P [2MP] con Audio Lente 2.8mm Smart Dual Light [Serie 1] 
010958;[DH-IPC-HDW1439V-SA-IL] Dahua - Cámara Domo IP 2K [4Mp] con Audio Lente 2.8mm Smart Dual Light [Serie 1] 
010960;[DH-IPC-HDW1839T-A-IL] Dahua - Cámara Domo IP 4K [8Mp] con Audio Lente 2.8mm Smart Dual Light [Serie 1] 
010962;[DH-IPC-HDW2249T-S-PRO] Dahua - Cámara Domo IP 1080P [2MP] Lente 2.8mm WizColor WizSense [Serie 2] 
010994;[DH-IPC-HDW2441TM-S] Dahua - Cámara Turret IP 2K [4MP] con Audio Lente 2.8mm WizSense SMD Plus IP67 [Metal/Plástico] [Serie 2]
010995;[DH-IPC-HDW2649TM-S-IL] Dahua - Cámara Turret IP [6MP] con Audio Lente 2.8mm WizSense Smart Dual Light SMD Plus IP67 [Metal/Plástico] [Serie 2]
011117;[DH-IPC-HFW1239S1-IL] Dahua - Cámara Bullet IP 1080p [2MP] con Audio Lente 2.8mm Smart Dual Light IP67 [Metal/Plástico] [Serie 1]
010955;[DH-IPC-HFW1239TC1-SA-IL] Dahua - Cámara Bullet IP 1080P [2MP] con Audio Lente 2.8mm Smart Dual Light [Serie 1] 
010957;[DH-IPC-HFW1439TC1-SA-IL] Dahua - Cámara Bullet IP 2K [4Mp] con Audio Lente 2.8mm Smart Dual Light [Serie 1] 
010959;[DH-IPC-HFW1839TC-A-IL] Dahua - Cámara Bullet IP 4K [8Mp] con Audio Lente 2.8mm Smart Dual Light [Serie 1] 
010961;[DH-IPC-HFW2249TL-S-PRO] Dahua - Cámara Bullet IP 1080P [2MP] Lente 2.8mm WizColor WizSense [Serie 2] 
010992;[DH-IPC-HFW2441S-S] Dahua - Cámara Bullet IP 2K [4MP] con Audio Varifocal WizSense SMD Plus IP67 [Metalico] [Serie 2]
011006;[DH-IPC-HFW5241E-ASE] Dahua - Cámara Bullet IP 1080p [2MP] con Audio Lente 2.8mm WizMind ePoE SMD 3.0 IP67 [Metal/Plástico] [Serie 5]
011002;[DH-IPC-HFW5442E-ZE] Dahua - Cámara Bullet IP 2K [4MP] con Audio Lente Varifocal WizMind Conteo de Personas ePoE SMD 3.0 IP67 [Metal/Plástico] [Serie 5]
011001;[DH-IPC-HFW5541E-ASE] Dahua - Cámara Bullet IP [5MP] con Audio Lente 2.8mm WizMind Conteo de Personas ePoE SMD 3.0 IP67 [Metalico] [Serie 5]
010998;[DH-IPC-PFW3849S-A180-AS-PV] Dahua - Cámara Bullet IP 4K [8Mp] TiOC Duo con Audio Lente 2.8mm WizSense SMD 4.0 IP67 [Metalico] [Serie 3] 
010954;[DH-IPC-T1E20] Dahua - Cámara Domo IP 1080P [2MP] Lente 2.8mm [Serie Eco] 
021936;[DH-IS4207-4GT-120] Dahua - Switch Cloud L2 Industrial PoE de 7 Puertos con 4 Puertos RJ-45 PoE (Gigabit) y 2 Puertos SFP (1000 Mbps) Gestión en Nube Carcasa Metálica Total PoE 120W [Administrable]
021714;[DH-IS4210-8GT-120] Dahua - Switch Industrial L2 de 10 Puertos con 8 PoE Gigabit 2 Puertos SFP Gigabit 1 Puerto Consola Transmisión PoE de 250m (10 Mbps) Entrega PoE Total de 120W
021962;[DH-OTE100T-G] Dahua - Transceptor Óptico Ethernet con Distancia de hasta 20 kms (Velocidad del Puerto Ethernet 1 × 10/100/1000Base-T Velocidad del Puerto Óptico 1 × 1000Base-X)
010976;[DH-PFA120] Dahua - Caja de Conexiones para Cámara [Aluminio]
010975;[DH-PFA121] Dahua - Caja de Conexiones Impermeable para Cámara [Aluminio]
011003;[DH-PFA121] Dahua - Caja de Conexiones Impermeable para Cámara [Aluminio]
011169;[DH-PFA12C] Dahua - Caja de Conexiones de Plástico Diseño de Estructura Impermeable 131.6 mm × 131.6 mm × 52 mm
010971;[DH-PFA130-E-V3] Dahua - Caja de Conexiones Impermeable para Cámara 124.3 mm × 41.0 mm [Aluminio]
011166;[DH-PFA1320R] Dahua - Caja de Conexiones de Plástico 126.6 mm × 45.0 mm [Blanco]
011064;[DH-PFA134] Dahua - Caja de Conexiones para Cámaras Bullet HFAW1000R HFAW1100S HFAW1200RM HFAW2401S HFW1120S HFW1320S HFW1320SW
010997;[DH-PFA136] Dahua - Caja de Conexiones para Cámara 114.8 mm × 32.0 mm [Aluminio]
011005;[DH-PFA138-V3] Dahua - Caja de Conexiones para Cámara 160.9 mm × 37.0 mm [Aluminio]
011061;[DH-PFA139] Dahua - Caja de Conexiones para Camaras Domo Modelos: HDBW2241F-A IPC-HDBW3241F-FD IPC-HDBW3241F-AS-M IPC-HDBW3241F-FD-M HDW1400EM-A HDW1230EM-A HDW2241T-A HDW2249T-A-NI HDW1239T-A-LED HDW1509T-A-LED IPC-HDW5241M-AS
011062;[DH-PFA13A-E] Dahua - Caja de Conexiones para Camaras Domo Serie HDW1000 1100 1200 1220 1400 2231 2401M HDW1100RVF 1200 1220 1400
011167;[DH-PFA13G] Dahua - Caja de Conexiones para Cámara 111.6 mm × 36.0 mm [Aluminio]
010974;[DH-PFA150] Dahua - Soporte de Montaje en Poste para Cámara 
011168;[DH-PFA156] Dahua - Soporte para Montaje en Poste para Cámara 140.0 mm × 130.4 mm × 45.0 mm [Aluminio]
010970;[DH-PFA6330X] Dahua - Caja de Conexiones Impermeable hasta 2 Cámaras al Dispositivo
010972;[DH-PFB203W] Dahua - Soporte de Pared para Cámara [Aluminio]
011000;[DH-PFB206W] Dahua - Soporte de Pared para Cámara [Aluminio]
010973;[DH-PFB2212C] Dahua - Soporte de Montaje en Techo para Cámara [Aluminio]
022000;[DH-PFM2900] Dahua - Tester Comprobador de Montura Integrado Permite Grabar Vídeo en Directo Ajustar la Imagen y Comprobar el Funcionamiento de la Cámara con Aplicación Móvil DoLynk Care
011156;[DH-PFM300] Dahua - Fuente de Poder Impermeable DC 12V 2 Amp Montaje en Pared Voltaje de Entrada AC180-264V Protección de Carga de Voltaje
011155;[DH-PFM302-V2] Dahua - Fuente de Poder Impermeable DC 12V 2 Amp Montaje en Pared Voltaje de Entrada AC180-264V Protección de Carga de Voltaje
010968;[DH-PFM320-020US] Dahua - Transformador Fuente de Poder de 12V 2Amp Entrada de 100-240V Especial para Camaras de CCTV Cable de 1.5 metros Certificacion FCC
010969;[DH-PFM320S-150] Dahua - Fuente de Alimentación de Poder Conmutada 12V 12.5A 150W Medidas 159mmx97mmx30mm
011160;[DH-PFM340-5CH] Dahua - Fuente de Poder Centralizada de 12V 4A con Distribuidor para 5 Camaras Indicadores Led por Canal Voltaje de Entrada de AC90V-264V Fusibles Intercambiables Gabinete Metalico con Cerradura Protección Contra Descargas
011161;[DH-PFM342-9CH] Dahua - Fuente de Poder Centralizada de 12V 10A con Distribuidor para 9 Camaras Indicadores Led por Canal Voltaje de Entrada de AC90V-264V Fusibles Intercambiables Gabinete Metalico con Cerradura Protección Contra Descargas
011162;[DH-PFM343-19CH] Dahua - Fuente de Poder Centralizada de 12V 20A con Distribuidor para 19 Camaras Indicadores Led por Canal Voltaje de Entrada de AC90V-264V Fusibles Intercambiables Gabinete Metalico con Cerradura Protección Contra Descargas
011153;[DH-PFM344D-4CH-US-V2] Dahua - Fuente de Poder con Distribuidor para 4 Canales 12V 2 Amp 30W Voltaje de Salida Ajustable de 12V/13.5V/15V Protección de Voltaje Protección Contra Fuego V-0 Certificación FCC
011154;[DH-PFM344D-8CH-US-V2] Dahua - Fuente de Poder con Distribuidor para 8 Canales 12V 4 Amp 60W Voltaje de Salida Ajustable de 12V/13.5V/15V Protección de Voltaje Protección Contra Fuego V-0 Certificación FCC
021992;[DH-PFM3970-5EU-blue] Dahua - Conector Keystone Jack Coupler Sin Blindaje RJ45 CAT5e (Categoria 5e) ANSI/TIA568.2-D (Azul) [50 Unidades]
021991;[DH-PFM3970-5EU-white] Dahua - Conector Keystone Jack Coupler Sin Blindaje RJ45 CAT5e (Categoria 5e) ANSI/TIA568.2-D (Blanco) [50 Unidades]
021997;[DH-PFM3970-6F-gray] Dahua - Conector Keystone Jack Coupler Blindado RJ45 CAT6 (Categoria 6) ANSI/TIA568.2-D Ponchado Rapido Sin Herramienta (Gris) [50 Unidades]
021996;[DH-PFM3970-6U-2-blue] Dahua - Conector Keystone Jack Coupler Sin Blindaje RJ45 CAT6 (Categoria 6) ANSI/TIA568.2-D Ponchado Rapido Sin Herramienta (Azul) [50 Unidades]
021995;[DH-PFM3970-6U-2-white] Dahua - Conector Keystone Jack Coupler Sin Blindaje RJ45 CAT6 (Categoria 6) ANSI/TIA568.2-D Ponchado Rapido Sin Herramienta (Blanco) [50 Unidades]
021994;[DH-PFM3970-6U-blue] Dahua - Conector Keystone Jack Coupler Sin Blindaje RJ45 CAT6 (Categoria 6) ANSI/TIA568.2-D (Azul) [50 Unidades]
021993;[DH-PFM3970-6U-white] Dahua - Conector Keystone Jack Coupler Sin Blindaje RJ45 CAT6 (Categoria 6) ANSI/TIA568.2-D (Blanco) [50 Unidades]
021989;[DH-PFM3971-US-1] Dahua - Face Plate 1 Puerto Placa Frontal de Pared para Keystone con Etiqueta Integrada Blanco [10 Unidades]
021990;[DH-PFM3971-US-2] Dahua - Face Plate 2 Puertos Placa Frontal de Pared para Keystone con Etiqueta Integrada Blanco [10 Unidades]
021986;[DH-PFM3972-6AU-1-blue] Dahua - Patch Cord Cable de Conexión UTP CAT6a (Categoria 6a) RJ45 100% Cobre Azul [1 Metro]
021998;"[DH-PFM3973M-24] Dahua - Patch Panel para Montaje en Rack Modular 24 Puertos 1U 19"" (Vacio)"
021999;"[DH-PFM3973M-48] Dahua - Patch Panel para Montaje en Rack Modular 48 Puertos 2U 19"" (Vacio)"
021973;"[DH-PFM3973M-5EU-24] Dahua - Patch Panel UTP CAT5e (Categoria 5e) 24 Puertos 19"" 1U (Admite Cables Sólidos o Trenzados de 22 a 26 AWG) Compatible con Configuraciones de Cableado T568A y T568B"
021974;"[DH-PFM3973M-6U-24] Dahua - Patch Panel UTP CAT6 (Categoria 6) 24 Puertos 19"" 1U (Admite Cables Sólidos o Trenzados de 22 a 26 AWG) Compatible con Configuraciones de Cableado T568A y T568B"
021988;[DH-PFM3976-6A31] Dahua - Conector RJ45 CAT6a (Categoria 6a) 15U 21 AWG a 23 AWG [100 Unidades]
011164;[DH-PFM800-E-B20] Dahua - Video Balun Transceptores Pasivos HDCVI Transmiten Video 1080p hasta 250m o 720p hasta 400m Compatibles con AHD, TVI y CVBS [20 unidades]
011063;[DH-PFM800-E] Dahua - Video Balun Transceptores Pasivos HDCVI Transmiten Video 1080p hasta 250m o 720p hasta 400m Compatibles con AHD, TVI y CVBS
011165;[DH-PFM800-N] Dahua - Video Balun Transceptores Pasivos HDCVI Transmiten Video 1080p hasta 250m o 720p hasta 400m Compatibles con AHD, TVI y CVBS
011163;[DH-PFM800B-4K] Dahua - Video Balun Transceptores Pasivos HDCVI Transmiten Video 4K hasta 200m o 720p hasta 400m Compatibles con AHD, TVI y CVBS
011035;[DH-PFM900-E] Dahua - Probador de Video IP y HDCVI Soporta H.264 y H.265 Soporta Control PTZ & Probador de Audio Soporta Prueba de Cable de Red Multimetro Digital Salida Poe 802.3at y Salida de 12v 2Amp
021922;[DH-PFM914] Dahua - Herramienta Crimpeadora de Terminado y Corte de Conectores RJ45 y RJ11 Pass Trough Multifuncion Cortador y Pelador de Cable Fabricada en Acero A3 Mango Ergonomico PP y TPR
021977;[DH-PFM920-6F-black] Dahua - Cable F/UTP CAT6 (Categoria 6) 100% Cobre Exterior 0.57MM 23 AWG Negro [Caja 305 Metros]
021975;[DH-PFM920-6UN-V2-black] Dahua - Cable UTP CAT6 (Categoria 6) 100% Cobre Exterior 0.57MM 23 AWG Negro [Caja 305 Metros]
021978;[DH-PFM920I-5EU-C-white] Dahua - Cable UTP CAT5e (Categoria 5e) 100% Cobre Interior 0.50MM 23 AWG Blanco [Caja 305 Metros]
021979;[DH-PFM920I-6UN-C-blue] Dahua - Cable UTP CAT6 (Categoria 6) 100% Cobre Interior 0.53MM Azul [Caja 305 Metros]
021980;[DH-PFM920I-6UN-C-gray] Dahua - Cable UTP CAT6 (Categoria 6) 100% Cobre Interior 0.53MM Gris [Caja 305 Metros]
021976;[DH-PFM922-6UN-black] Dahua - Cable UTP CAT6 (Categoria 6) CCA Exterior 0.57MM 23 AWG Negro [Caja 305 Metros]
021982;[DH-PFM922I-6UN-C-orange] Dahua - Cable UTP CAT6 (Categoria 6) CCA Interior 23 AWG 0.57MM Naranja [Caja 305 Metros]
011170;[DH-PFM942I-10-5] Dahua - Cable de Vídeo BNC y Alimentación 12V para Cámaras Resolución Compatible 720p/1080p/4MP/5MP/4K Tecnologías Compatibles AHD/CVI/TVI/CVBS Potencia Máxima 5.6W [10 Metros]
011171;[DH-PFM942I-20-5] Dahua - Cable de Vídeo BNC y Alimentación 12V para Cámaras Resolución Compatible 720p/1080p/4MP/5MP/4K Tecnologías Compatibles AHD/CVI/TVI/CVBS Potencia Máxima 5.6W [20 Metros]
011172;[DH-PFM942I-30-5] Dahua - Cable de Vídeo BNC y Alimentación 12V para Cámaras Resolución Compatible 720p/1080p/4MP/5MP/4K Tecnologías Compatibles AHD/CVI/TVI/CVBS Potencia Máxima 5.6W [30 Metros]
011173;[DH-PFM942I-50-5] Dahua - Cable de Vídeo BNC y Alimentación 12V para Cámaras Resolución Compatible 720p/1080p/4MP/5MP/4K Tecnologías Compatibles AHD/CVI/TVI/CVBS Potencia Máxima 5.6W [50 Metros]
021915;[DH-PFM972-6U-1-blue] Dahua - Patch Cord Cable de Conexión UTP CAT6 (Categoria 6) RJ45 100% Cobre 24 AWG Azul [1 Metro]
021916;[DH-PFM972-6U-1-gray] Dahua - Patch Cord Cable de Conexión UTP CAT6 (Categoria 6) RJ45 100% Cobre 24 AWG Gris [1 Metro]
021917;[DH-PFM972-6U-1-yellow] Dahua - Patch Cord Cable de Conexión UTP CAT6 (Categoria 6) RJ45 100% Cobre 24 AWG Amarillo [1 Metro]
021918;[DH-PFM972-6U-2-blue] Dahua - Patch Cord Cable de Conexión UTP CAT6 (Categoria 6) RJ45 100% Cobre 24 AWG Azul [2 Metros]
021919;[DH-PFM972-6U-2-gray] Dahua - Patch Cord Cable de Conexión UTP CAT6 (Categoria 6) RJ45 100% Cobre 24 AWG Gris [2 Metros]
021920;[DH-PFM972-6U-2-yellow] Dahua - Patch Cord Cable de Conexión UTP CAT6 (Categoria 6) RJ45 100% Cobre 24 AWG Amarillo [2 Metros]
021983;[DH-PFM972-6U-3-blue] Dahua - Patch Cord Cable de Conexión UTP CAT6 (Categoria 6) RJ45 100% Cobre 24 AWG Azul [3 Metros]
021984;[DH-PFM972-6U-3-gray] Dahua - Patch Cord Cable de Conexión UTP CAT6 (Categoria 6) RJ45 100% Cobre 24 AWG Gris [3 Metros]
021985;[DH-PFM972-6U-3-yellow] Dahua - Patch Cord Cable de Conexión UTP CAT6 (Categoria 6) RJ45 100% Cobre 24 AWG Amarillo [3 Metros]
021695;[DH-PFM976-630-PT] Dahua - Conector RJ45 Pasante CAT6 (Categoria 6) 3U 21 AWG a 23 AWG [100 Unidades]
021987;[DH-PFM976-631-PT] Dahua - Conector RJ45 Pasante CAT6 (Categoria 6) 15U 21 AWG a 23 AWG [100 Unidades]
011159;[DH-PFM979-1S2P] Dahua - Cable Divisor de Energía DC de 5.5 mm × 2.1 mm Tipo Splitter (1 hembra a 2 machos)
011158;[DH-PFM979-1S4P] Dahua - Cable Divisor de Energía DC de 5.5 mm × 2.1 mm Tipo Splitter (1 hembra a 4 machos)
011157;[DH-PFM979-1S8P] Dahua - Cable Divisor de Energía DC de 5.5 mm × 2.1 mm Tipo Splitter (1 hembra a 8 machos)
011174;[DH-PFM979-DCP] Dahua - Conector Plug de Alimentación DC 12V Macho 2.1mm [100 Unidades]
011175;[DH-PFM979-DCS] Dahua - Conector Plug de Alimentación DC 12V Hembra 2.1mm [100 Unidades]
021956;[DH-PFS3005-4GT-36] Dahua - Switch L2 PoE para Escritorio de 5 Puertos con 4 Puertos PoE (Gigabit) y 1 Puerto Uplink (Gigabit) Carcasa Metálica Total PoE 36W [No Administrable]
021952;[DH-PFS3005-5ET] Dahua - Switch para Escritorio con 5 Puertos (10/100 Mbps) Carcasa Metalica [No Administrable]
021803;[DH-PFS3005-5GT-L] Dahua - Switch para Escritorio con 5 Puertos (Gigabit) Carcasa Plástica [No Administrable]
021797;[DH-PFS3005-5GT-V2] Dahua - Switch para Escritorio con 5 Puertos (Gigabit) Carcasa Metalica [No Administrable]
021791;[DH-PFS3008-8ET-60] Dahua - Switch PoE de 8 Puertos 4 Puertos PoE 10/100 Hi-PoE 60W Carcasa Metalica
021953;[DH-PFS3008-8ET-V2] Dahua - Switch para Escritorio con 8 Puertos (10/100 Mbps) Carcasa Metalica [No Administrable]
021804;[DH-PFS3008-8GT-L] Dahua -Switch para Escritorio con 8 Puertos (Gigabit) Carcasa Plástica [No Administrable]
021807;[DH-PFS3008-8GT-V2] Dahua - Switch para Escritorio con 8 Puertos (Gigabit) Carcasa Metalica [No Administrable]
021808;[DH-PFS3110-8ET-96] Dahua - Switch PoE de 10 Puertos 96W (8 Puertos PoE, 1 Puerto SFP 1 Giga, 1 Puerto Gigabit Uplink RJ45)
021957;[DH-PFS3110-8GT-65] Dahua - Switch PoE para Escritorio de 10 Puertos con 8 Puertos PoE (Gigabit) 1 Puerto Uplink (Gigabit) y 1 Puertos SFP (Gigabit) Carcasa Metálica Total PoE 65W [No Administrable]
021958;[DH-PFS3210-8GT2GF-96] Dahua - Switch PoE para Escritorio de 10 Puertos con 8 Puertos PoE (Gigabit) 2 Puertos Uplink (Gigabit) y 2 Puertos SFP (Gigabit) Carcasa Metálica Total PoE 96W [No Administrable]
021716;[DH-PFS3226-24ET-240] Dahua - Switch de 26 Puertos 24 Puertos PoE 10/100 240 Watts Totales Puerto 1 y 2 Soportan 60 Watts Hi-PoE 2 Puertos SFP PoE Watchdog Switching 8.8 Gbps Tasa de Reenvio de paquetes 6.5472
021937;[DH-PFS4210-8GT-DP] Dahua - Switch Cloud L2 Industrial PoE de 10 Puertos con 8 Puertos RJ-45 PoE (Gigabit) y 2 Puertos SFP Uplink (1000Mbps) Gestión en Nube Carcasa Metálica Total PoE 120W [Administrable]
021938;[DH-PFS4410-6GT-DP] Dahua - Switch Cloud L2 Industrial PoE de 10 Puertos con 6 Puertos RJ-45 PoE (Gigabit) y 4 Puertos SFP Uplink (1000Mbps) Gestión en Nube Carcasa Metálica Total PoE 120W [Administrable]
021960;[DH-PFT1200] Dahua - Inyector Hi-Poe Midspan Gigabit Soporta PoE PoE+ Hi-PoE 60W para PTZ Indicadores Led de Status Funciona con Extensor PFT1300 para conexión en Cascada
021961;[DH-PFT1300] Dahua - Extensor PoE y PoE Plus Pasivo 2 Puertos Conexión en cascada hasta 300 Mts 2 Puertos Fast Ethernet
021963;[DH-PFT1500] Dahua - Extensor PoE de 5 Puertos con 4 Salidas PoE y 1 Entrada PoE (4 Puertos 10/100Mbps 1 Puerto Uplink 10/100/1000Mbps PoE In 3 Puertos PoE Out 802.3af/at 1 Puerto PoE Out 802.3bt) PoE Watchdog PoE Extendido hasta 250m
021800;[DH-S3016-16GT] Dahua - Switch para Montaje en Rack de 16 Puertos con 14 Puertos (Gigabit) y 2 Puertos Uplink (Gigabit) Carcasa Metálica [No Administrable]
021805;[DH-S3024-24GT] Dahua - Switch para Montaje en Rack de 24 Puertos con 24 Puertos (Gigabit) Carcasa Metálica [No Administrable]
021959;[DH-S3220-16GT-240] Dahua - Switch PoE para Montaje en Rack de 20 Puertos con 16 Puertos PoE (Gigabit) 2 Puertos Uplink (Gigabit) y 2 Puertos SFP (Gigabit) Carcasa Metálica Total PoE 240W [No Administrable]
021717;[DH-S3226-24ET-240] Dahua - Switch PoE para Montaje en Rack de 26 Puertos con 24 Puertos PoE (10/100 Mbps) 2 Puertos Uplink (Gigabit) y 2 Puertos SFP (Gigabit) Carcasa Metálica Total PoE 240W [No Administrable]
021947;[DH-S5428-24GT4XF-360] Dahua - Switch Cloud L2+ PoE de 28 Puertos con 24 Puertos RJ-45 PoE (Gigabit)  y 4 Puertos SFP+ (1/10 Gbps) Gestión en la Nube Carcasa Metálica Total PoE 360W [Administrable]
021950;[DH-S5436-24GF8GT4XF] Dahua - Switch Cloud L2 de 36 Puertos con 8 Puertos RJ-45 (Gigabit) 24 Puertos SFP (100/1000 Mbps) y 4 Puertos SFP (1/10 Gbps) Gestión en la Nube Carcasa Metálica Admite VLAN STP RSTP y Agregación de Enlaces [Administrable]
021948;[DH-S5452-48GT4XF-750] Dahua - Switch Cloud L2+ PoE de 52 Puertos con 48 Puertos RJ-45 PoE (Gigabit)  y 4 Puertos SFP+ (1/10 Gbps) Gestión en la Nube Carcasa Metálica Total PoE 750W [Administrable]
011033;[DH-SD22204DB-GNY] Dahua - Cámara IP PTZ de 1080p [2Mp] WizSense 4x de Zoom óptico Starlight  Detección facial SMD 3.0 Antivandálica IK10 Exterior IP66 Protección perimetral Ranura para MicroSD PoE
011028;[DH-SD3D216NB-GNY] Dahua - Camara IP PTZ de 1080p [2Mp] WizSense 16x de Zoom Optico 80 Metros de IR Detección de Vehiculos y Humanos SMD 3.0 IP66 Smart H.265+ Ranura para MicroSD WDR Real de 120 dB [Serie 2]
011032;[DH-SD40216DB-HC] Dahua - Cámara PTZ de 1080p [2Mp] 16x de Zoom Óptico Starlight WDR Real de 120 dB IP66
011027;[DH-SD49216DB-HNY] Dahua - Camara IP PTZ de 1080p [2Mp] 16x de Zoom Óptico 100 Metros de IR WizSense con SMD Plus Detección de Rostros Hasta 8 Rostros al Mismo Tiempo Protección Perimetral H.265 WDR Real de 120 dB Ranura para MicroSD [Serie 2]
011029;[DH-SD49225DB-HNY] Dahua - Cámara IP PTZ de 1080p [2Mp 93 WizSense 25x de Zoom óptico IR de 100 m H.265 WDR Real de 120 dB Protección perimetral Detección de rostros SMD Plus Ranura para MicroSD IP66 E&S de Alarma y Audio [Serie 2]
011031;[DH-SD49225DBN-HC] Dahua - Cámara PTZ de 1080p [2Mp] 25x de Zoom Óptico Starlight WDR Real de 120 dB IR de 100 Mts IP66 E&S de Alarma y Audio
011030;[DH-SD5A432GB-HNR] Dahua - Cámara IP PTZ 2K [4MP] con tecnología Acupick WizSense y Starlight Zoom óptico32x IR de 150m Autotracking Detección de Rostros y Objetos SMD 4.0 PoE+ IP67 IK10 Ideal para Vigilancia Avanzada [Serie 2] 
011026;[DH-SDT4E225-4F-GB-A] Dahua - Cámara PTZ IP X-Spans [4MP+4MP] Soporta Multivision TiOC WizSense 25X Zoom IR hasta 100m Autotracking 3.0 Protección Perimetral Disuasión Activa Luz Dual Inteligente SMD 4.0 Quick Pick WDR IP66
011034;[DH-SDT6C425-4P-GB-APV-0280] Dahua - Cámara PTZ Panorámica IP [4Mp] Iluminadores Duales Inteligentes 25X Zoom Starlight IR hasta 200m Auto-tracking Protección Perimetral Detección Facial IP66 Disuasión Activa Sirena y Estrobo
021795;[DH-SF1005L] Dahua - Switch para Escritorio con 5 Puertos (10/100 Mbps) Carcasa Plástica [No Administrable]
021796;[DH-SF1008L] Dahua - Switch para Escritorio con 8 Puertos (10/100 Mbps) Carcasa Plástica [No Administrable]
021951;[DH-SF1016L] Dahua - Switch para Escritorio con 16 Puertos (10/100 Mbps) Carcasa Plástica [No Administrable]
021801;[DH-SF1024] Dahua - Switch para Montaje en Rack de 24 Puertos a 10/100 Mbps No administrable
021954;[DH-SG1016] Dahua - Dahua - Switch para Montaje en Rack con 16 Puertos (Gigabit) Carcasa Metalica [No Administrable]
021955;[DH-SG1024] Dahua - Switch para Montaje en Rack con 24 Puertos (Gigabit) Carcasa Metalica [No Administrable]
021855;[DH-SG1050] Dahua - Switch para Montaje en Rack con 50 Puertos (Gigabit) y 2 Puertos SFP (1000 Mbps) Carcasa Metalica [No Administrable]
061658;[DH-TC31H] Dahua - Adaptador Convertidor USB 3.1 Tipo C a HDMI 4K Conexión Plug and Play Carcasa Metálica
061657;[DH-TC31] Dahua - Adaptador Convertidor USB 3.0 Tipo C a RJ45 Conexión Plug and Play Carcasa Metálica
061659;[DH-TC32] Dahua - Adaptador Convertidor USB 3.1 Tipo C a HDMI + VGA Conexión Plug and Play Carcasa Metálica
061660;[DH-TC35] Dahua - Estación de Acoplamiento (5 en 1) USB 3.1 Tipo C a HDMI + USB 3.0 + PD Admite 3 puertos USB 3.0 Conexión Plug and Play Carcasa Metálica
061661;[DH-TC37] Dahua - Estación de Acoplamiento (7 en 1) USB 3.1 Tipo C a USB 3.0 + HDMI + SD/TF + PD Admite 3 puertos USB 3.0 Conexión Plug and Play Carcasa Metálica
061662;[DH-TC38] Dahua - Estación de Acoplamiento (8 en 1) USB 3.1 Tipo C a USB 3.0 + HDMI + RJ45 + SD/TF + PD Admite 3 puertos USB 3.0 Conexión Plug and Play Carcasa Metálica
061663;[DH-TC39] Dahua - Estación de Acoplamiento (9 en 1) USB 3.1 Tipo C a USB 3.0 + HDMI + RJ45 + VGA + SD/TF + PD Admite Lectura y Escritura en Tarjetas SD/TF Conexión Plug and Play Carcasa Metálica
061664;[DH-W-HDMI10M-V1] Dahua - Cable HDMI (High Speed) Resolución 4K Soporta 3D Blindado para Reducir Interferencia Alta Resistencia y Durabilidad [10 Metros]
061665;[DH-W-HDMI1M] Dahua - Cable HDMI V1.4 Blindado para Reducir Interferencia Alta Resistencia y Durabilidad [1 Metro]
061666;[DH-W-HDMI3M] Dahua - Cable HDMI V1.4 Blindado para Reducir Interferencia Alta Resistencia y Durabilidad [3 Metros]
061565;[DH-W-HDMI5M] Dahua - Cable HDMI Macho a HDMI Macho [5 Metros]
021964;[DH-WB2-60N-I] Dahua - Antena Inalámbrica para Ascensores Punto de Acceso 300Mbps 2.4Ghz Antena 8dBI para Interior
021965;[DH-WBC5-30AC-05P(US)] Dahua - Antena Bridge PtP 5.8G Alcance peer-to-peer de hasta 5 kms con 802.11ac hasta 867 Mbps Entrada y salida PoE Tecnología TDMA IP65 para Exteriores
021966;[DH-WBC5-45AC-03P(US)] Dahua - Antena Bridge PtP 5.8G Alcance peer-to-peer de hasta 3 kms con 802.11ac hasta 867 Mbps Entrada y salida PoE Tecnología TDMA IP65 para Exteriores
021967;[DH-WBC5-90AC-01P(US)] Dahua - Antena Bridge PtP 5.8G Alcance peer-to-peer de hasta 1 kms con 802.11ac hasta 867 Mbps Entrada y salida PoE Tecnología TDMA IP65 para Exteriores
010948;[DH-XVR1B04-I] Dahua - DVR de 4 Canales 1080n / 720p WizSense y Cooper-I H.265+ Admite hasta 5 Canales IP y 4 Canales con SMD Plus para Detección Avanzada [Serie Cooper] 
010949;[DH-XVR1B08-I] Dahua - DVR de 8 Canales 1080n / 720p WizSense y Cooper-I H.265+ Admite hasta 10 Canales IP y 4 Canales con SMD Plus para Detección Avanzada [Serie Cooper] 
011105;[DH-XVR1B08H-I] Dahua - DVR de 8 Canales [5Mp] / 1080p WizSense y Cooper-I H.265+ Admite hasta 12 Canales IP y 8 Canales con SMD Plus para Detección Avanzada [Serie Cooper] 
010950;[DH-XVR1B16-I] Dahua - DVR de 16 Canales 1080n / 720p WizSense y Cooper-I H.265+ Admite hasta 18 Canales IP y 8 Canales con SMD Plus para Detección Avanzada [Serie Cooper] 
011106;[DH-XVR1B16H-I] Dahua - DVR de 16 Canales [5Mp] / 1080p WizSense y Cooper-I H.265+ Admite hasta 24 Canales IP y 16 Canales con SMD Plus para Detección Avanzada [Serie Cooper] 
010951;[DH-XVR5108HS-I3] Dahua - DVR de 8 Canales 5Mp / 1080p WizSense H.265+ Admite hasta 12 Canales IP y 8 Canales con SMD Plus para Detección Avanzada [Serie 5] 
010952;[DH-XVR5116HS-I3] Dahua - DVR de 16 Canales 5Mp / 1080p WizSense H.265+ Admite hasta 24 Canales IP y 16 Canales con SMD Plus para Detección Avanzada [Serie 5] 
011019;[DH-XVR5232AN-I3] Dahua - DVR de 32 Canales de [5Mp] Lite WizSense H.265+ 2 HDD hasta 32 Canales IP 2Ch de Reconocimiento Facial SMD Plus Codificación IA Onvif Funciones IoT&POS Audio Bidireccional
040218;[DH-YJ104] Dahua - Detector de Haz de Luz con Alcance de 5 a 100 metros y Sensibilidad de 1.8 dB 24V DC (36V A 18V) Diseñado Principalmente para Detectar Humo [WisuAlarm]
090473;"[DHI- ASI2212J-DPW] Dahua - Control de Acceso con Pantalla de 2.4"" (5.000 Usuarios 5.000 Claves 5.000 Tarjetas ID 3.000 Huellas) Puerto PoE Comunicación TCP/IP y Wi-Fi Registro Automático Registro P2P y DHCP para Interiores [Serie ASI2]"
090471;"[DHI- ASI2212J-D] Dahua - Control de Acceso con Pantalla de 2.4"" (5.000 Usuarios 5.000 Claves 5.000 Tarjetas ID 3.000 Huellas 100.000 Registros) Comunicación TCP/IP Registro Automático Registro P2P y DHCP para Interiores [Serie ASI2]"
090484;"[DHI- ASI6214J-MW-V1] Dahua - Control de Acceso con Pantalla Táctil de 4.3"" y Reconocimiento Facial (20.000 Usuarios 20.000 Rostros 50.000 Tarjetas IC Mifare 20.000 Claves 10.000 Huellas) PoE TCP/IP y Wi-Fi para Interiores y Exteriores [Serie FACT]"
040164;[DHI-ARA12-W2] Dahua - Sirena Inalámbrica Interior 85 dB 3 Niveles de Volumen Led Indicador Alarma de Batería Baja Medición de Temperatura Frecuencia 868.0 MHz–868.6 MHz [Bateria 2 x CR123A]
040165;[DHI-ARA13-W2(R)] Dahua - Sirena Inalámbrica para Exterior con Estrobo Rojo 110dB Múltiples Sonidos de Alarma (Fuego Intrusión Pánico Médica) IP65 Alarma de Batería Baja Frecuencia 433MHz [Bateria 4 x CR123A]
040163;[DHI-ARA14-W2] Dahua - Sirena Intercom Inalámbrica con Audio Bidireccional y Múltiples Sonidos de Alarma (Fuego Intrusión Pánico Médica) Soporta Botón de Pánico Frecuencia 865.34 MHz–868.60 MHz MHz [Bateria 4 x CR123A]
040167;[DHI-ARA24-W2] Dahua - Control Remoto Tipo Llavero de 4 Botones Armado Desarmado En Casa Emergencia Función de Salto de Frecuencia Led Indicador de Estado Color Rojo o Verde Frecuencia 433MHz [Bateria 1 x CR2032]
040157;[DHI-ARA33A] Dahua - Detector Bracket Compatible con ARD1233 Series y ARD2231 Series
040158;[DHI-ARA34A] Dahua - Detector Bracket Compatible con ARD1731 Series
040159;[DHI-ARA34E] Dahua - Detector Bracket Compatible con ARD2251E Series
040170;[DHI-ARA43-W2] Dahua - Repetidor Inalámbrico de Alarma hasta 32 Dispositivos Inalámbricos Indicador de Estado con Luz Led Frecuencia 433MHz [Bateria 1 x Litio 1.5V]
040152;[DHI-ARD1233-W2] Dahua - Detector PIR Inalámbrico Interior Inmunidad de Mascotas Led Indicador 3 Niveles de Sensibilidad Compensación Automática de Temperatura Alarma de Batería Baja Frecuencia 433MHz [Bateria 1 x CR123A]
040153;[DHI-ARD1731-W2] Dahua - Cámara PIR Inalámbrica con Dectector de Movimiento 88 Grados de Apertura 12 Metros de IR Inmunidad de Mascotas PIR con 3 Niveles Ajustables Monitoreo de Temperatura Frecuencia 433MHz [Bateria 3 x CR123A]
040154;[DHI-ARD2231-W2] Dahua - Detector PIR Inalámbrico Doble Tecnología Interior Inmunidad de Mascotas Led Indicador 3 Niveles de Sensibilidad PIR + Microondas Alarma de Batería Baja Frecuencia 433MHz [Bateria 1 x CR123A]
040156;[DHI-ARD2251E-W2(V)] Dahua - Cámara PIR Inalámbrico para Exterior Triple Tecnología Inmunidad a mascotas LED indicador 3 Niveles de Sensibilidad y Detección Precisa Mediante PIR y Microondas Frecuencia 433MHz [Bateria 4 x CR123A]
040155;[DHI-ARD2251E-W2] Dahua - Detector PIR Inalámbrico para Exterior Triple Tecnología Inmunidad a mascotas LED indicador 3 Niveles de Sensibilidad y Detección Precisa Mediante PIR y Microondas Frecuencia 433MHz [Bateria 4 x CR123A]
040151;[DHI-ARD323-W2(S)] Dahua - Contacto Magnético Inalámbrico Interior Diseño Compacto 1 Entrada de Contacto Seco Led Indicador Alarma de Batería Baja Función de Salto de Frecuencia Detección de Intensidad de Señal Frecuencia 433MHz [Bateria 1 x CR123A]
040150;[DHI-ARD323-W2] Dahua - Contacto Magnético Inalámbrico Interior 1 Entrada de Contacto Seco Led Indicador Alarma de Batería Baja Función de Salto de Frecuencia Detección de Intensidad de Señal Frecuencia 433MHz [Bateria 1 x CR123A]
040162;[DHI-ARD512-W2] Dahua - Detector de Rotura de Cristal Inalámbrico Detección de Frecuencias Altas y Bajas Simultaneas Funciona con Cristal Templado Laminado Doble Hoja Armado Indicador Led Frecuencia 433MHz [Bateria 1 x CR123A]
040168;[DHI-ARD821-W2] Dahua - Botón de Pánico Inalámbrico Indicador de Estado con Luz Led IP54 Alarma de Batería Baja Frecuencia 433MHz [Bateria 1 x CR2032]
040169;[DHI-ARD822-W2-B] Dahua - Botón de Pánico Inalámbrico de 2 Botones Indicador de Estado con Luz Led IP54 Alarma de Batería Baja Frecuencia 433MHz [Bateria 1 x CR2032]
040161;[DHI-ARD912-W2(D)] Dahua - Detector de Inundación o Fugas de Agua Muestra La Temperatura Ambiental Ofrece Alarma por Alta Temperatura Sensibilidad Ajustable Frecuencia 433MHz [Bateria 1 x CR123A]
040166;[DHI-ARK30T-W2] Dahua - Teclado Inalámbrico Interior Táctil para Armado y Desarmado Soporta hasta 32 Usuarios con Pin o Tarjetas (IC Mifare) Indicadores Led de Status del Panel Alarma de Batería Baja Frecuencia 433MHz [Bateria 4 x AA]
040172;[DHI-ARM310-W2] Dahua - Expansor Inalámbrico de 1 Zona Conecta 1 Dispositivo Alámbrico Seis tipos de Alarma Salto de Frecuencia Alarma de Batería Baja Frecuencia 433MHz [Bateria 1 x CR123A]
040171;[DHI-ARM320-W2] Dahua - Expansor de Entradas Inalámbricas Alarmas de Intrusión Medica Fuego Emergencia Gas Tamper Frecuencia 433MHz [Bateria 3 x CR123A]
040174;[DHI-ARM7011-W2] Dahua - Relevador Inalámbrico 1 Salida de Relevador Pulso Seco NO/NC Configurable Comunicación Estable Detección de Interferencias 1 Entrada de Tamper Indicador de Estatus Frecuencia 433MHz
040173;[DHI-ARM7012-W2] Dahua - Interruptor Inalámbrico 1 Salida de Relevador NO/NC de 100–240 VAC Max 13 A Entrada de 100-240 Vca 50/60 Hz Comunicación Estable Detector de Interferencias Indicador de Estatus Frecuencia 433MHz
040149;[DHI-ART-ARC3000H-03-FW2] Dahua - Kit de Alarma Inalámbrico con Wi-Fi Ethernet 3G 4G (Dual SIM) Admite 150 Canales Periféricos Inalámbricos Frecuencia 433MHz (Incluye Panel de Alarma Sensor de Movimiento Contacto Magnético y Control Remoto)
040148;[DHI-ART-ARC3000H-03-W2] Dahua - Kit de Alarma Inalámbrico con Wi-Fi y Ethernet Admite 150 Canales Periféricos Inalámbricos Frecuencia 433MHz (Incluye Panel de Alarma Sensor de Movimiento Contacto Magnético y Control Remoto)
040147;[DHI-ART-ARC3800H-03-FW2] Dahua - Kit de Alarma Inalámbrico Hub2 con Wi-Fi Ethernet 3G 4G (Dual SIM) Admite 150 Canales Periféricos Inalámbricos Frecuencia 433MHz (Incluye Panel de Alarma Sensor de Movimiento Contacto Magnético y Control Remoto)
040146;[DHI-ART-ARC3800H-03-W2] Dahua - Kit de Alarma Inalámbrico Hub2 con Wi-Fi y Ethernet Admite 150 Canales Periféricos Inalámbricos Audio Bidireccional Frecuencia 433MHz (Incluye Panel de Alarma Sensor de Movimiento Contacto Magnético y Control Remoto)
090467;"[DHI-ASA1222E-S] Dahua - Control de Asistencia con Pantalla de 2.4"" (1.000 Usuarios 2.000 Huellas 1.000 Claves 100.000 registros) Comunicación TCP/IP Puerto USB para Interiores"
090466;"[DHI-ASA1222E] Dahua - Control de Asistencia con Pantalla de 2.4"" (1.000 Usuarios 2.000 Huellas 1.000 Claves 100.000 registros) Puerto USB para Interiores"
090326;"[DHI-ASA2212GL-D] Dahua - Control de Asistencia con Pantalla de 2.4"" y Batería Incluida (3.000 Usuarios 3.000 Claves 3.000 Tarjetas ID 3.000 Huellas 100.000 Registros) Comunicación TCP/IP Registro Automático Registro P2P y DHCP Puerto USB para Interiores"
090468;"[DHI-ASA2212GL-MEW] Dahua - Control de Asistencia con Pantalla de 2.4"" y Batería (3.000 Usuarios 3.000 Tarjetas IC o ID 3.000 Claves 3.000 Huellas) Comunicación TCP/IP y Wi-Fi Registro Automático Registro P2P y DHCP Puerto USB para Interiores"
090469;"[DHI-ASA3223A-W] Dahua - Control de Asistencia con Pantalla Táctil de 4.3"" con Reconocimiento Facial (2.000 Usuarios 2.000 Rostros 2.000 Claves 300.000 Registros) Comunicación TCP/IP Wi-Fi USB"
090499;[DHI-ASC2202B-D] Dahua - Panel de Control de Acceso de 2 Puertas y 4 Lectoras (Admite 100.000 Usuarios 3.000 huellas 100.000 Tarjetas y 500.000 registros) Con Interlock Anti-passback Desbloqueo Remoto TCP/IP RS-485 y Wiegand PoE para Interiores
090498;[DHI-ASC2202B-S] Dahua - Panel de Control de Acceso de 2 Puertas y 2 Lectoras (Admite 100.000 Usuarios 3.000 huellas 100.000 Tarjetas y 500.000 registros) Con Interlock Anti-passback Desbloqueo Remoto TCP/IP RS-485 y Wiegand PoE para Interiores
090495;[DHI-ASC2202C-D] Dahua - Control de Acceso Gestiona 2 Puertas y 4 Lectoras (Admite 100.000 Usuarios 3.000 huellas 100.000 Tarjetas y 500.000 registros) Con Interlock Anti-passback Desbloqueo Remoto TCP/IP RS-485 y Wiegand para Interiores
090500;[DHI-ASC2204B-S] Dahua - Panel de Control de Acceso de 4 Puertas y 4 Lectoras (Admite 100.000 Usuarios 3.000 huellas 100.000 Tarjetas y 500.000 registros) Con Interlock Anti-passback Desbloqueo Remoto TCP/IP RS-485 y Wiegand PoE para Interiores
090496;[DHI-ASC2204C-D] Dahua - Control de Acceso Gestiona 4 Puertas y 8 Lectoras (Admite 100.000 Usuarios 3.000 huellas 100.000 Tarjetas y 500.000 registros) Con Interlock Anti-passback Desbloqueo Remoto TCP/IP RS-485 y Wiegand para Interiores
090497;[DHI-ASC2208C-S] Dahua - Control de Acceso Gestiona 8 Puertas y 8 Lectoras (Admite 100.000 Usuarios 3.000 huellas 100.000 Tarjetas y 500.000 registros) Con Interlock Anti-passback Desbloqueo Remoto TCP/IP RS-485 y Wiegand para Interiores
090336;[DHI-ASF180A-V1] Dahua - Cerradura Magnetica 12V de 400 Lbs (180 Kgs) Indicador de Estado LED Material Antidesgaste y Magnetismo Anti-Residual Aplicaciones en Puerta de Metal y Madera
090337;[DHI-ASF180L-V1] Dahua - Bracket Base o Soporte Tipo L para Cerradura Magnetica de 400 Lbs (180 Kgs) Compatible con DHI-ASF180A-V1
090332;[DHI-ASF180U-V1] Dahua - Bracket Base o Soporte Tipo U para Cerradura Magnetica de 400 Lbs (180 Kgs) Compatible con DHI-ASF180A-V1
090335;[DHI-ASF180ZL-V1] Dahua - Bracket Base o Soporte Tipo ZL para Cerradura Magnetica de 400 Lbs (180 Kgs) Compatible con DHI-ASF180A-V1
090321;[DHI-ASF280A-V1] Dahua - Cerradura Magnetica 12V de 600 Lbs (280 Kgs) Indicador de Estado LED Material Antidesgaste y Magnetismo Anti-Residual Aplicaciones en Puerta de Metal y Madera
090333;[DHI-ASF280L-V1] Dahua - Bracket Base o Soporte Tipo L para Cerradura Magnetica de 600 Lbs (280 Kgs) Compatible con DHI-ASF280A-V1
090439;[DHI-ASF280U-V1] Dahua - Bracket Base o Soporte Tipo U para Cerradura Magnetica de 600 Lbs (280 Kgs) Compatible con DHI-ASF280A-V1
090322;[DHI-ASF280ZL-V1] Dahua - Bracket Base o Soporte Tipo ZL para Cerradura Magnetica de 600 Lbs (280 Kgs) Compatible con DHI-ASF280A-V1
090334;[DHI-ASF500A] Dahua - Cerradura Magnetica 12-24V de 1100 Lbs (500 Kgs) Indicador de Estado LED Material Antidesgaste y Magnetismo Anti-Residual Aplicaciones en Puerta de Metal y Madera Uso Rudo
090441;[DHI-ASF802] Dahua - Cerradura Hembrilla Contrachapa Eléctrica Tipo Piston 12V Intervalo de Bloqueo 0/3/6/9 Seg Medidas 205 x 42 x 40mm
090442;[DHI-ASF908-V1] Dahua - Botón Liberador de Acero Inoxidable para Controles de Acceso Sin Contacto Medidas 86 x 86 x 25mm
090443;[DHI-ASF909-V1] Dahua - Botón Liberador de Acero Inoxidable para Controles de Acceso Sin Contacto
090444;[DHI-ASGG121F] Dahua - Torniquete Trípode Bidireccional Ancho de Pasaje 600 mm Mas de 2 Millones de Ciclos Dimensiones 350 mm × 300 mm × 950 mm (Largo x Ancho x Alto)
090474;"[DHI-ASI2201H-DW] Dahua - Control de Acceso con Pantalla de 2.4"" (30.000 Usuarios 30.000 Claves 30.000 Tarjetas ID 3.000 Huellas) Comunicación TCP/IP y Wi-Fi Registro Automático Registro P2P y DHCP para Interiores y Exteriores [Serie ASI2]"
090476;"[DHI-ASI2212H-DW] Dahua - Control de Acceso y Asistencia con Pantalla de 2.4"" con Reconocimiento Facial (30.000 Usuarios 30.000 Claves 3.000 Tarjetas ID 3.000 Huellas) Comunicación TCP/IP y Wi-Fi para Interiores y Exteriores [Serie ASI2]"
090472;"[DHI-ASI2212J-PW] Dahua - Control de Acceso con Pantalla de 2.4"" (5.000 Usuarios 5.000 Claves 5.000 Tarjetas IC Mifare 3.000 Huellas) Puerto PoE Comunicación TCP/IP y Wi-Fi Registro Automático Registro P2P y DHCP para Interiores [Serie ASI2]"
090470;"[DHI-ASI2212J] Dahua - Control de Acceso con Pantalla de 2.4"" (5.000 Usuarios 5.000 Claves 5.000 Tarjetas IC Mifare 3.000 Huellas 100.000 Registros) Comunicación TCP/IP Registro Automático Registro P2P y DHCP para Interiores [Serie ASI2]"
090327;"[DHI-ASI3204E-W] Dahua - Control de Acceso y Asistencia con Pantalla de 2.4"" con Reconocimiento Facial (1.000 Usuarios 1.000 Claves 3.000 Tarjetas IC Mifare 3.000 Huellas 100.000 Registros) Comunicación TCP/IP y Wi-Fi para Interiores [Serie ASI3E]"
090324;"[DHI-ASI3213A-W] Dahua - Control de Acceso con Pantalla de 4.3"" y Reconocimiento Facial (3.000 Usuarios 3.000 Rostros 5.000 Tarjetas IC Mifare 3.000 Claves 300.000 Registros) Comunicación TCP/IP y Wi-Fi para Interiores [Serie FACT]"
090325;"[DHI-ASI3214A-W] Dahua - Control de Acceso con Pantalla de 4.3"" y Reconocimiento Facial (3.000 Usuarios 3.000 Rostros 5.000 Tarjetas IC Mifare 3.000 Claves 5.000 Huellas 300.000 Registros) Comunicación TCP/IP y Wi-Fi para Interiores [Serie FACT]"
090477;"[DHI-ASI3223A] Dahua - Control de Acceso con Pantalla de 4.3"" y Reconocimiento Facial (2.000 Usuarios 2.000 Rostros 2.000 Claves 300.000 Registros) Comunicación TCP/IP para Interiores [Serie FACT]"
090483;"[DHI-ASI6213J-MW-V1] Dahua - Control de Acceso con Pantalla Táctil de 4.3"" y Reconocimiento Facial (20.000 Usuarios 20.000 Rostros 50.000 Tarjetas IC Mifare 20.000 Claves) Puerto PoE TCP/IP y Wi-Fi para Interiores y Exteriores [Serie FACT]"
090479;"[DHI-ASI6213S-D] Dahua - Control de Acceso con Pantalla Táctil de 4.3"" y Reconocimiento Facial (6.000 Usuarios 6.000 Rostros 10.000 Tarjetas ID 6.000 Claves 300.000 Registros) Comunicación TCP/IP y Wi-Fi para Interiores y Exteriores [Serie FACT]"
090480;"[DHI-ASI6213S-PW] Dahua - Control de Acceso con Pantalla Táctil de 4.3"" y Reconocimiento Facial (6.000 Usuarios 6.000 Rostros 10.000 Tarjetas IC Mifare 6.000 Claves) Puerto PoE Comunicación TCP/IP y Wi-Fi para Interiores y Exteriores [Serie FACT]"
090478;"[DHI-ASI6213S] Dahua - Control de Acceso con Pantalla Táctil de 4.3"" y Reconocimiento Facial (6.000 Usuarios 6.000 Rostros 10.000 Tarjetas IC Mifare 6.000 Claves 300.000 Registros) Comunicación TCP/IP y Wi-Fi para Interiores y Exteriores [Serie FACT]"
090482;"[DHI-ASI6214S-D] Dahua - Control de Acceso con Pantalla Táctil de 4.3"" y Reconocimiento Facial (6.000 Usuarios 6.000 Rostros 10.000 Tarjetas ID 6.000 Claves 6.000 Huellas) Comunicación TCP/IP para Interiores y Exteriores [Serie FACT]"
090323;"[DHI-ASI6214S-PW] Dahua - Control de Acceso con Pantalla Táctil de 4.3"" y Reconocimiento Facial (6.000 Usuarios 6.000 Rostros 10.000 Tarjetas IC Mifare 6.000 Claves 6 Huellas 300.000 Registros) Puerto PoE Comunicación TCP/IP y Wi-Fi para Interiores y Exteriores [Serie FACT]"
090481;"[DHI-ASI6214S] Dahua - Control de Acceso con Pantalla Táctil de 4.3"" y Reconocimiento Facial (6.000 Usuarios 6.000 Rostros 10.000 Tarjetas IC Mifare 6.000 Claves 6.000 Huellas) Comunicación TCP/IP y Wi-Fi para Interiores y Exteriores [Serie FACT]"
090485;"[DHI-ASI7213S-W] Dahua - Control de Acceso con Pantalla de 7"" y Reconocimiento Facial Cámara [2Mp] (50.000 Usuarios 50.000 Rostros 100.000 Tarjetas IC Mifare 50.000 Claves) TCP/IP y Wi-Fi Registro Automático P2P y DHCP para Interiores [Serie FACT]"
090486;"[DHI-ASI7214S-W] Dahua - Control de Acceso con Pantalla de 7"" y Reconocimiento Facial Cámara [2Mp] (50.000 Usuarios 50.000 Rostros 100.000 Tarjetas IC Mifare 50.000 Claves 10.000 Huellas) TCP/IP y Wi-Fi P2P y DHCP para Interiores [Serie FACT]"
090489;[DHI-ASM100-D-V1] Dahua - Enrolador de Tarjetas ID Conexion USB Plug and Play Interfaz Modulo Acceso de SMART PSS
090488;[DHI-ASM100-V1] Dahua - Enrolador de Tarjetas IC Conexion USB Plug and Play Interfaz Modulo Acceso de SMART PSS
090487;[DHI-ASM101A] Dahua - Enrolador USB Soporta Huellas Digitales Tarjetas ID (125 Khz) y Mifare (13.56 Mhz) Plug and Play para SmartPSS y DSS Pro
090490;[DHI-ASM202] Dahua - Enrolador de Huellas Digitales Conexion USB Plug and Play 500 DPI Interfaz Modulo Acceso de SmartPSS
090505;[DHI-ASR1102A(V3)] Dahua - Lector de Acceso de Reconocimiento de Tarjetas (IC Mifare) de Identificación Sin Contacto y Huellas (3.000) con Retroiluminación Azul Comunicación RS-485 y Wiegand Uso en Interiores
090506;[DHI-ASR1102A-D(V3)] Dahua - Lector de Acceso de Reconocimiento de Tarjetas (ID) de Identificación Sin Contacto y Huellas (3.000) con Retroiluminación Azul Comunicación RS-485 y Wiegand Uso en Interiores
090501;[DHI-ASR1200E] Dahua - Lector de Acceso de Reconocimiento de Tarjetas (IC Mifare) de Identificación Sin Contacto Comunicación RS-485 y Wiegand IP66 Uso en Interiores y Exteriores
090502;[DHI-ASR2102A-D] Dahua - Lector de Acceso de Reconocimiento de Tarjetas (ID) de Identificación Sin Contacto y Huellas (3.000) Comunicación RS-485 IP65 Uso en Interiores y Exteriores
090504;[DHI-ASR2200A-D] Dahua - Lector de Acceso de Reconocimiento de Tarjetas (ID) de Identificación Sin Contacto Comunicación RS-485 y Wiegand IP66 Uso en Interiores y Exteriores
090503;[DHI-ASR2200A] Dahua - Lector de Acceso de Reconocimiento de Tarjetas (IC Mifare) de Identificación Sin Contacto Comunicación RS-485 y Wiegand IP66 Uso en Interiores y Exteriores
040175;[DHI-DB-ARC3000H-W2S] Dahua - Caja de Demostración de Alarma Inalámbrica Incluye ARC3000H-FW2, ARD1731-W2, ARD1233-W2 HY-SA21A-W2 ARD323-W2 ARA12-W2 ARD821-W2 ARK30T-W2 IPC-HDBW2431F-AS-S2 VTH5321GB(W)-W
080167;[DHI-ESL-AP-A] Dahua - Antena Controlador AP [183x183x35mm] Power 48V POE
080200;[DHI-ESL-BA01] Dahua - Heramienta para Desmontar Soportes ESL [80.8x47x5.8mm] Material Acero
080201;[DHI-ESL-BA02] Dahua - Tapa Final de Carril de Estanteria [32x14x11mm] Material PC
080202;[DHI-ESL-BA03] Dahua - Carril Adaptador de Angulo [16.2x13.2x23mm] Material PC
080191;[DHI-ESL-BC01] Dahua - Soporte ESL con Clip Grande Compatible: E015A, E015C, E018A, E021A, E021C, E021C-F, E026A, E026C, E026C-F, E029A, E029C, E037C-N, E042A, E042B-PN Ancho de Agarre 10-25 mm [43x41x40mm] Material PC
080192;[DHI-ESL-BC02] Dahua - Soporte ESL con Clip Grande Compatible: E015A, E015C, E018A, E021A, E021C, E021C-F, E026A, E026C, E026C-F, E029A, E029C, E037C-N, E042A, E042B-PN Ancho de Agarre 10-25 mm [50.6x40.2x41mm] Material PC
080193;[DHI-ESL-BC05] Dahua - Soporte ESL Tipo Abrazadera Grande Compatible: E042A, E042B-PN [54.5x43x140.8mm] Material ABS/SUS304
080194;[DHI-ESL-BC06] Dahua - Soporte ESL de Letrero de Promoción con Riel de Abrazadera [34.6x25.1x13mm] Material ABS 
080184;[DHI-ESL-BH01] Dahua - Soporte ESL Ajustable para Ganchos en T Compatible: E015A, E015C, E018A, E021A, E021C, E021C-F, E026A, E026C, E026C-F, E029A, E029C [32x48x23.1mm] Adecuado para Varillas con Diámetro de 5-7.5mm con Bisagra para la Funcionalidad Abatible Material PC
080185;[DHI-ESL-BH02] Dahua - Soporte ESL para Cañas Compatible: E015A, E015C, E018A, E021A, E021C, E021C-F, E026A, E026C, E026C-F, E029A, E029C [36x20.7x51mm] Adecuado para Varillas con Diámetro de 8-10mm Material PC
080186;[DHI-ESL-BH03] Dahua - Soporte ESL Kit de Suspensión Compatible: E058A-N [100x48x52.1mm] Diámetro Interior del Anillo 42mm Material ABS/SUS304 
080187;[DHI-ESL-BH04] Dahua - Soporte ESL Kit de Palito para Hielo Compatible: E042B-PN [79x54x128mm] Material POM + PC
080188;[DHI-ESL-BH05] Dahua - Soporte ESL para Gancho en U Compatible: E015A, E015C, E018A, E021A, E021C, E021C-F, E026A, E026C, E026C-F, E029A, E029C, E037C-N, E042A, E042B-PN [32x35x38mm] Material ABS 
080189;[DHI-ESL-BH08] Dahua - Soporte ESL con Cinta Adhesiva y Orificios de Montaje Compatible: E015A, E015C, E018A, E021A, E021C, E021C-F, E026A, E026C, E026C-F, E029A, E029C, E037CN, E042A, E042B-PN [55x38x10mm] Material PC
080190;[DHI-ESL-BH09] Dahua - Soporte ESL Magnética Compatible: E015A, E015C, E018A, E021A, E021C, E021C-F, E026A, E026C, E026C-F, E029A, E029C, E037C-N, E042A, E042B-PN [55x38x10mm] Material ABS/Imán 
080176;[DHI-ESL-BR01-1200] Dahua - Soporte ESL de Carril de Estantería Universal #01 Compatible: E015A, E015C, E018A, E021A, E021C, E021C-F, E026A, E026C, E026C-F, E029A, E029C, E037C-N, E042A, E042B-PN [36.5x13/1200mm] Material PVC
080175;[DHI-ESL-BR01-900] Dahua - Soporte ESL de Carril de Estantería Universal #01 Compatible: E015A, E015C, E018A, E021A, E021C, E021C-F, E026A, E026C, E026C-F, E029A, E029C, E037C-N, E042A, E042B-PN [36.5x13/900mm] Material PVC
080178;[DHI-ESL-BR02-1200] Dahua - Soporte ESL de Carril de Estantería Universal #01 Compatible: E015A, E015C, E018A, E021A, E021C, E021C-F, E026A, E026C, E026C-F, E029A, E029C, E037C-N, E042A, E042B-PN [36.5x34.7/1200mm] Material PVC
080177;[DHI-ESL-BR02-900] Dahua - Soporte ESL de Carril de Estantería Universal #01 Compatible: E015A, E015C, E018A, E021A, E021C, E021C-F, E026A, E026C, E026C-F, E029A, E029C, E037C-N, E042A, E042B-PN [36.5x34.7/900mm] Material PVC
080180;[DHI-ESL-BR03-1200] Dahua - Soporte ESL de Carril de Estantería Universal #01 Compatible: E015A, E015C, E018A, E021A, E021C, E021C-F, E026A, E026C, E026C-F, E029A, E029C, E037C-N, E042A, E042B-PN [36.5x32.7/1200mm] Ajustable Según Borde Frontal Material PVC
080179;[DHI-ESL-BR03-900] Dahua - Soporte ESL de Carril de Estantería Universal #01 Compatible: E015A, E015C, E018A, E021A, E021C, E021C-F, E026A, E026C, E026C-F, E029A, E029C, E037C-N, E042A, E042B-PN [36.5x32.7/900mm] Ajustable Según Borde Frontal Material PVC
080181;[DHI-ESL-BR05-1200] Dahua - Soporte ESL de Carril de Estantería Universal #01 Compatible: E015A, E015C, E018A, E021A, E021C, E021C-F, E026A, E026C, E026C-F, E029A, E029C, E037C-N, E042A, E042B-PN [36.5x20.3/1200mm] Ajustable Según Borde Frontal Material PVC
080182;[DHI-ESL-BR06-1200] Dahua - Soporte ESL de Carril de Estantería Universal #01 Compatible: E015A, E015C, E018A, E021A, E021C, E021C-F, E026A, E026C, E026C-F, E029A, E029C, E037C-N, E042A, E042B-PN [37.5x17.1/1200mm] Ajustable Según Borde Frontal Material PVC
080183;[DHI-ESL-BR12-50] Dahua - Soporte ESL de Carril de Estantería Universal #01 Compatible: E015A, E015C, E018A, E021A, E021C, E021C-F, E026A, E026C, E026C-F, E029A, E029C, E037C-N, E042A, E042B-PN [37.5x13/50mm] Ajustable Según Borde Frontal Material PVC
080195;[DHI-ESL-BT01] Dahua - Soporte ESL de Piso Compatible: E042A, E058A-N, E102A-N [180x160x500mm] Material Aluminio 6063/ABS/SUS304 
080196;[DHI-ESL-BT02] Dahua - Soporte ESL de Mesa Compatible: E058A-N [96.5x73.7x72.1mm] Material Acrílico
080197;[DHI-ESL-BT03] Dahua - Soporte ESL de Mesa Compatible: E102A-N [121.6x125.4x107.5mm] Material Acrílico
080198;[DHI-ESL-BT04] Dahua - Soporte ESL de Mesa Compatible: E015A, E015C, E018A, E021A, E021C, E021C-F, E026A, E026C, E026C-F, E029A, E029C [50x23x34.3mm] Material PC
080199;[DHI-ESL-BT05] Dahua - Soporte ESL de Mesa Compatible: E042A, E042B-PN [61.6x62.3x84.6mm] Material PC
080129;"[DHI-ESL-E015A-N] Dahua - Etiqueta ESL [A] 1.5"" 3 Colores B/W/R NFC Carcaza Blanca"
080128;"[DHI-ESL-E015A] Dahua - Etiqueta ESL [A] 1.5"" 3 Colores B/W/R Carcaza Blanca"
080131;"[DHI-ESL-E015C-N] Dahua - Etiqueta ESL [C] 1.5"" 3 Colores B/W/R NFC Carcaza Blanca"
080130;"[DHI-ESL-E015C] Dahua - Etiqueta ESL [C] 1.5"" 3 Colores B/W/R Carcaza Blanca"
080133;"[DHI-ESL-E018A-N] Dahua - Etiqueta ESL [A] 1.8"" 3 Colores B/W/R NFC Carcaza Blanca"
080132;"[DHI-ESL-E018A] Dahua - Etiqueta ESL [A] 1.8"" 3 Colores B/W/R Carcaza Blanca"
080137;"[DHI-ESL-E021A-N] Dahua - Etiqueta ESL [A] 2.1"" 3 Colores B/W/R NFC Carcaza Blanca"
080136;"[DHI-ESL-E021A] Dahua - Etiqueta ESL [A] 2.1"" 3 Colores B/W/R Carcaza Blanca"
080140;"[DHI-ESL-E021C-F] Dahua - Etiqueta ESL [C] 2.1"" Congeladores 3 Colores B/W/R Carcaza Blanca"
080141;"[DHI-ESL-E021C-NF] Dahua - Etiqueta ESL [C] 2.1"" Congeladores 3 Colores B/W/R NFC Carcaza Blanca"
080139;"[DHI-ESL-E021C-N] Dahua - Etiqueta ESL [C] 2.1"" 3 Colores B/W/R NFC Carcaza Blanca"
080138;"[DHI-ESL-E021C] Dahua - Etiqueta ESL [C] 2.1"" 3 Colores B/W/R Carcaza Blanca"
080145;"[DHI-ESL-E026A-N] Dahua - Etiqueta ESL [A] 2.6"" 3 Colores B/W/R NFC Carcaza Blanca"
080144;"[DHI-ESL-E026A] Dahua - Etiqueta ESL [A] 2.6"" 3 Colores B/W/R Carcaza Blanca"
080148;"[DHI-ESL-E026C-F] Dahua - Etiqueta ESL [C] 2.6"" Congeladores 3 Colores B/W/R Carcaza Blanca"
080149;"[DHI-ESL-E026C-NF] Dahua - Etiqueta ESL [C] 2.6"" Congeladores 3 Colores B/W/R NFC Carcaza Blanca"
080147;"[DHI-ESL-E026C-N] Dahua - Etiqueta ESL [C] 2.6"" 3 Colores B/W/R NFC Carcaza Blanca"
080146;"[DHI-ESL-E026C] Dahua - Etiqueta ESL [C] 2.6"" 3 Colores B/W/R Carcaza Blanca"
080153;"[DHI-ESL-E029A-N] Dahua - Etiqueta [A] ESL 2.9"" 3 Colores B/W/R NFC Carcaza Blanca"
080152;"[DHI-ESL-E029A] Dahua - Etiqueta ESL [A] 2.9"" 3 Colores B/W/R Carcaza Blanca"
080155;"[DHI-ESL-E029C-N] Dahua - Etiqueta ESL [C] 2.9"" 3 Colores B/W/R NFC Carcaza Blanca"
080154;"[DHI-ESL-E029C] Dahua - Etiqueta ESL [C] 2.9"" 3 Colores B/W/R Carcaza Blanca"
080156;"[DHI-ESL-E037C-N] Dahua - Etiqueta ESL [C] 3.7"" 3 Colores B/W/R NFC Carcaza Blanca"
080160;"[DHI-ESL-E042A-N] Dahua - Etiqueta ESL [A] 4.2"" 3 Colores B/W/R NFC Carcaza Blanca"
080159;"[DHI-ESL-E042A] Dahua - Etiqueta ESL [A] 4.2"" 3 Colores B/W/R Carcaza Blanca"
080161;"[DHI-ESL-E042B-PN] Dahua - Etiqueta ESL [B] 4.2"" 3 Colores B/W/R NFC Carcaza Blanca"
080162;"[DHI-ESL-E058A-N] Dahua - Etiqueta ESL [A] 5.8"" 3 Colores B/W/R NFC Carcaza Blanca"
080163;"[DHI-ESL-E075B-N] Dahua - Etiqueta ESL [B] 7.5"" 3 Colores B/W/R NFC Carcaza Blanca"
080164;"[DHI-ESL-E102A-N] Dahua - Etiqueta ESL [A] 10.2"" 3 Colores B/W/R NFC Carcaza Blanca"
080165;"[DHI-ESL-E116A-N] Dahua - Etiqueta ESL [A] 11.6"" 3 Colores B/W/R NFC Carcaza Blanca"
080166;"[DHI-ESL-E133A-N] Dahua - Etiqueta ESL [A] 13.3"" 3 Colores B/W/R NFC Carcaza Blanca"
080127;"[DHI-ESL-E4015A-BN] Dahua - Etiqueta ESL [A] 1.5"" 4 Colores B/W/R/Y NFC Carcaza Negra"
080126;"[DHI-ESL-E4015A-N] Dahua - Etiqueta ESL [A] 1.5"" 4 Colores B/W/R/Y NFC Carcaza Blanca"
080135;"[DHI-ESL-E4021A-BN] Dahua - Etiqueta ESL [A] 2.1"" 4 Colores B/W/R/Y NFC Carcaza Negra"
080134;"[DHI-ESL-E4021A-N] Dahua - Etiqueta ESL [A] 2.1"" 4 Colores B/W/R/Y NFC Carcaza Blanca"
080143;"[DHI-ESL-E4026A-BN] Dahua - Etiqueta ESL [A] 2.6"" 4 Colores B/W/R/Y NFC Carcaza Negra"
080142;"[DHI-ESL-E4026A-N] Dahua - Etiqueta ESL [A] 2.6"" 4 Colores B/W/R/Y NFC Carcaza Blanca"
080151;"[DHI-ESL-E4029A-BN] Dahua - Etiqueta [A] ESL 2.9"" 4 Colores B/W/R/Y NFC Carcaza Negra"
080150;"[DHI-ESL-E4029A-N] Dahua - Etiqueta ESL [A] 2.9"" 4 Colores B/W/R/Y NFC Carcaza Blanca"
080158;"[DHI-ESL-E4042A-BN] Dahua - Etiqueta ESL [A] 4.2"" 4 Colores B/W/R/Y NFC Carcaza Negra"
080157;"[DHI-ESL-E4042A-N] Dahua - Etiqueta ESL [A] 4.2"" 4 Colores B/W/R/Y NFC Carcaza Blanca"
080168;[DHI-ESL-License-A1] Dahua - Licencia de Nube Pública de Dahua (Basado por tienda y por año)  de 1 hasta 1000
080169;[DHI-ESL-License-A2] Dahua - Licencia de Nube Pública de Dahua (Basado por tienda y por año)  de 1000 hasta 5000
080170;[DHI-ESL-License-A3] Dahua - Licencia de Nube Pública de Dahua (Basado por tienda y por año)  de 5000 hasta 10.000
080171;[DHI-ESL-License-A4] Dahua - Licencia de Nube Pública de Dahua (Basado por tienda y por año)  de 10.000 hasta 30.000
080172;[DHI-ESL-License-A5] Dahua - Licencia de Nube Pública de Dahua (Basado por tienda y por año)  de 30.000 hasta 50.000
080173;[DHI-ESL-License-B1] Dahua - Licencia Nube Privada Implementación Local
080174;[DHI-ESL-License-C1] Dahua - Licencia APP
040176;"[DHI-HY-1022-P-AB] Dahua - Panel de Detetección de Incendio Direccionable 254 Dispositivos 2 Hilos Sin Polaridad Pantalla de 4.3"" Voltaje de Salida DC 12V-48V Voltaje de Entrada AC90-240V/50Hz 60Hz"
040177;"[DHI-HY-1025-P-AB] Dahua - Panel de Detetección de Incendio Direccionable 254 Dispositivos 2 Hilos Sin Polaridad Pantalla de 4.3"" Voltaje de Salida DC 12V-48V Voltaje de Entrada AC90-240V/50Hz 60Hz"
040183;[DHI-HY-1200-CTXF] Dahua - Estacion Manual de Alarma de Emergencia Direccionable de 2 Hilos Sin Polaridad DC24V [WisuAlarm]
040178;[DHI-HY-1301-CTXF] Dahua - Detector de Humo Fotoeléctrico Direccionable Dual de 2 Hilos Sin Polaridad DC24V [WisuAlarm]
040179;[DHI-HY-1310-CTXF] Dahua - Detector de Calor Direccionable de 2 Hilos Sin Polaridad DC24V [WisuAlarm]
040180;[DHI-HY-1320-CTXF] Dahua - Detector Multisensor (de calor y humo) Direccionable de 2 Hilos Sin Polaridad DC24V [WisuAlarm]
040182;[DHI-HY-1330-CTXF] Dahua - Panel Repetidor Direccionable de 2 Hilos Sin Polaridad DC24V [WisuAlarm]
040187;[DHI-HY-1400-CTXF] Dahua - Modulo de Entrada Direccionable de 2 Hilos Sin Polaridad DC24V [WisuAlarm]
040188;[DHI-HY-1410-CTXF] Dahua - Modulo de Entrada y Salida Direccionable de 2 Hilos Sin Polaridad DC24V [WisuAlarm]
040189;[DHI-HY-1431R-CTXF] Dahua - Módulo Aislador Direccionable de 2 Hilos Sin Polaridad DC24V Soporta hasta 32 Dispositivos hasta 1500 metros [WisuAlarm]
040185;[DHI-HY-1500-CTXF] Dahua - Lampara Estroboscópica con Sirena Direccionable de 2 Hilos Sin Polaridad Volumen de 75 dB–115 dB DC24V [WisuAlarm]
040184;[DHI-HY-ANDZ] Dahua - Base para Estación Manual con Conector en la Estructura [WisuAlarm]
040194;[DHI-HY-BM-1712] Dahua - Codificador con Pantalla LCD para Configuración y Gestión de Dispositivos [WisuAlarm]
040195;[DHI-HY-C102-4] Dahua - Panel de Control de Alarma Contra Incendios Convencional de 4 Zonas Interfaz Ethernet Interfaz RS-485 Alimentación principal de 90 VCA a 270 VCA [WisuAlarm]
040196;[DHI-HY-C102-8] Dahua - Panel de Control de Alarma Contra Incendios Convencional de 8 Zonas Interfaz Ethernet Interfaz RS-485 Alimentación principal de 90 VCA a 270 VCA [WisuAlarm]
040200;[DHI-HY-C121-CTXF] Dahua - Estacion Manual de Alarma de Emergencia Convencional de 2 Hilos Sin Polaridad DC16V-DC28V [WisuAlarm]
040197;[DHI-HY-C131-CTXF] Dahua - Detector de Humo Fotoelectrico Dual Convencional de 2 Hilos Sin Polaridad DC16V-DC28V [WisuAlarm]
040198;[DHI-HY-C132-CTXF] Dahua - Detector de Calor Convencional de 2 Hilos Sin Polaridad DC16V-DC28V [WisuAlarm]
040199;[DHI-HY-C133-CTXF] Dahua - Detector de Humo Fotoeléctrico Convencional de 4 hilos DC9V-DC28V [WisuAlarm]
040201;[DHI-HY-C151-CTXF] Dahua - Sirena con Estrobo Convencional 75dB DC16V-DC28V [WisuAlarm]
040202;[DHI-HY-C152] Dahua - Campana de Alarma de Incendio 24V 95dB DC24V [WisuAlarm]
040217;[DHI-HY-FT121LDN-TD1F4] Dahua - Cámara IP con PoE de Detección de Llama Análisis Térmico Luz Estroboscópica Audio e Intercomunicador Remoto Compatible con GB/T 28182 y ONVIF IP66
040213;[DHI-HY-GA40A] Dahua - Detector de Gas Metano (CH4) Independiente Sensor de Gas Catalítico Salida de Relevador Salida de Válvula Detección de Temperatura Ambiente Alarma de 70 dB LED Indicadores Certificación CE [WisuAlarm]
040214;[DHI-HY-GB40A] Dahua - Detector de Gas Propano (CH3H8) Independiente Sensor de Gas Catalítico Salida de Relevador Salida de Válvula Detección de Temperatura Ambiente Alarma de 70 dB LED Indicadores Certificación CE [WisuAlarm]
040208;[DHI-HY-GC20D-R8] Dahua - Alarma Detector con Sensor de Monoxido de Carbono CO Autonomo  Inalámbrico Interconectado [WisuAlarm]
040207;[DHI-HY-GC20D] Dahua - Alarma Detector con Sensor de Monoxido de Carbono CO Independiente [WisuAlarm]
040204;[DHI-HY-GC30A-R8] Dahua - Alarma Detector de Monóxido de Carbono Inalámbrico Interconectado Sensor Electroquímico de CO de Alto Rendimiento para una Detección Precisa de Fugas de Monóxido de Carbono Pantalla retroiluminada [WisuAlarm]
040203;[DHI-HY-GC30A] Dahua - Alarma Detector de Monóxido de Carbono Independiente Sensor Electroquímico de CO de Alto Rendimiento para una Detección Precisa de Fugas de Monóxido de Carbono Pantalla retroiluminada [WisuAlarm]
040209;[DHI-HY-GW01A] Dahua - Gateway Inalámbrico Compatible con Productos Interconectados Inalámbricos WisuLink Comunicación Dual Basada en Ethernet y Wi-Fi [WisuAlarm]
040206;[DHI-HY-HT10A-R8] Dahua - Alarma Detector de Calor Inalámbrico Interconectado Detección de Incendios Clase A1 (54 °C a 65 °C) [WisuAlarm]
040205;[DHI-HY-HT10A] Dahua - Alarma Detector de Calor Independiente Detección de Incendios Clase A1 (54 °C a 65 °C) [WisuAlarm]
040191;[DHI-HY-JX20-CTXF] Dahua - División y Transferencia de Cables Incorpora 20 Grupos de Bloques de Terminales
040192;[DHI-HY-JX40-CTXF] Dahua - División y Transferencia de Cables Incorpora 40 Grupos de Bloques de Terminales
040190;[DHI-HY-MKDZ2] Dahua - Base de Montaje Módulos Direccionables [WisuAlarm]
040193;[DHI-HY-MX04-CTXF] Dahua - Gabinete Para Modulos con Conector En La Estructura Para Fácil Instalación Soporta Hasta 4 Modulos Wisualarm
040160;[DHI-HY-SA21A-W2] Dahua - Detector de Humo Inalámbrico Sensor Fotoeléctrico de Doble Cámara Sirena Interna de 85dB Función de Prueba y Silenciar Alarma Visual y Sonora Indicador Led Frecuencia 433MHz [Bateria 3 x CR123A]
040210;[DHI-HY-SA2FA] Dahua - Sensor Inteligente Humo Independiente Alarma Wi-Fi Led Batería Reemplazable [WisuAlarm]
040212;[DHI-HY-SA40A-R8] Dahua - Detector de Humo Inalámbrico Interconectado hasta con 24 Dispositivos Sensor Fotoeléctrico Sonido de Alarma de 85dB Alarma Visual y Audible [WisuAlarm]
040211;[DHI-HY-SA40A] Dahua - Detector de Humo Independiente Sensor Fotoeléctrico Sonido de Alarma de 85dB Alarma Visual y Audible [WisuAlarm]
040216;[DHI-HY-SAV849HAN-ET] Dahua - Cámara IP [5MP] con IA para Detección de Incendio de Temperatura y Humedad Detector Fotoelectrico Buzzer de 85 dB WDR Entrada y Salida de Alarma IR de 20 Metros PoE Microfono y Altavoz Ranura MicroSD [WisuAlarm]
040215;[DHI-HY-SAV849HAN-E] Dahua - Cámara IP [5MP] con IA para Detección de Incendio Detector Fotoelectrico Buzzer de 85 dB WDR Entrada y Salida de Alarma IR de 20 Metros PoE Microfono y Altavoz Ranura MicroSD [WisuAlarm]
040186;[DHI-HY-SGDZ] Dahua - Base para Lampara Estroboscópica con Conector de Facil Instalación [WisuAlarm]
040181;[DHI-HY-TCDZ] Dahua - Base para Detector de Humo con Conector de Facil Instalación [WisuAlarm]
040219;[DHI-HY-YSX1022-81] Dahua - Maletín DEMO de Sistema Direccionable Incluye DHI-HY-1022/DHI-HY-1301-CTXF/DHI-HY-1310-CTXF/ DHI-HY-1200B-CTXF/DHI-HY-1500-CTXF/DHI-HY-1330-CTXF / DHI-HY-1410-CTXF/DHI-HY-1400-CTXF/DHI-HY-1431-CTXF
040220;[DHI-HY-YSXC102-81] Dahua - Maletín DEMO de Sistema Convencional de Incendio Incluye DHI-HY-C102-4/DHI-HY-C131/DHI-HY-C132/DHI-HY-C132/DHI-HY-C151/ DHI-HY-C133-CTXF /DHI-HY-C152
090449;[DHI-IPMECD-1061-R] Dahua - Barrera Vehicular Motorizada  Motor 24V Sin Escobillas Velocidad de Apertura/Cierre Ajustable entre 2 y 6 segundos Compatible con Brazo Plegable de 3 a 4 Metros Dimensiones 285mm × 200mm × 940mm IP54
090445;[DHI-IPMECD-1062-R] Dahua - Barrera Vehicular Motorizada Motor 24V Sin Escobillas Velocidad de Apertura/Cierre Ajustable entre 2 y 6 segundos Compatible con Brazo Telescópico Recto Ajustable de 2.7 a 4.5 Metros Dimensiones 285mm × 200mm × 940mm IP54
090459;[DHI-IPMECD-2061-R] Dahua - Barrera Vehicular Motorizada Motor 24V Sin Escobillas Velocidad de Apertura/Cierre Ajustable entre 1.4 y 6 segundos Compatible con Brazo Plegables de 3 a 5 Metros Dimensiones 340mm × 260mm × 978mm IP54
090452;[DHI-IPMECD-2062-R] Dahua - Barrera Vehicular Motorizada Motor 24V Sin Escobillas Velocidad de Apertura/Cierre Ajustable entre 1.4 y 6 segundos Compatible con Brazo Telescópico Recto Ajustable de 2.7 a 6 Metros Dimensiones 340mm × 260mm × 978mm IP54
090463;[DHI-IPMECD-2067-R] Dahua - Barrera Vehicular Motorizada  Motor 24V Sin Escobillas Velocidad de Apertura/Cierre Ajustable entre 1.4 y 6 segundos Compatible con Brazo Cilíndrico de 3 a 4 Metros Dimensiones 340mm × 260mm × 978mm IP54
090518;[DHI-ISC-H001] Dahua - Detector de Metales Portatil 2 Niveles de Sensibilidad 9V Sonido y Vibracion Indicador Visual
011010;[DHI-ITALE-160BA-IR8-C] Dahua - Iluminador todo en uno 60W LED de luz Cálida LED de alto rendimiento Sincronización de Captura Mantenimiento RS-485 Brillo Ajustable Flash Estroboscópico IP66
011008;[DHI-ITC413-PW4D-Z1] Dahua - Cámara Bullet IP ANPR 2K [4MP] con Audio Lente Motizado 2.7-12mm ANPR (Reconocimiento de Matrículas) Detección hasta 80Km/h WizMind IP67 [Metal/Plástico] [Serie Project]
011007;[DHI-ITC413-PW4D-Z3] Dahua - Cámara Bullet IP ANPR 2K [4MP] con Audio Lente Motizado 8-32mm ANPR (Reconocimiento de Matrículas) Detección hasta 120Km/h IP67 [Metal/Plástico] [Serie Project]
011009;[DHI-ITC431-RW1F-IRL8] Dahua - Cámara Bullet IP ANPR 2K [4MP] con Audio Lente Motizado 10-50mm ANPR (Reconocimiento de Matrículas) Detección hasta 180Km/h IP67 [Metal/Plástico] [Serie Project]
090330;"[DHI-KTA02M] Dahua - Kit de Videoportero Analógico con Frente de Calle Metálico y Cámara de [1.3Mp] con monitor TFT de 7"" (Admite 2 Estaciones de Puerta + 3 Monitores)"
090328;"[DHI-KTA03M] Dahua - Kit de Videoportero Analógico con Frente de Calle Metálico y Cámara de [1.3Mp] con monitor TFT de 7"" (Admite 2 Estaciones de Puerta + 3 Monitores)"
090338;"[DHI-KTP02] Dahua - Kit de Videoportero IP con Monitor Táctil de 7"" Frente de Calle con Apertura remota y Tarjetas Mifare (IC Card) Incluye Switch PoE de 4 Puertos 10/100"
090516;"[DHI-KTP03] Dahua - Kit de Videoportero con Puerto PoE IP Monitor de 7"" Frente de Calle con Camara de [2Mp] Apertura de Puerta Soporta hasta 10.000 Tarjetas (IC Mifare) [Incluye 1 x DHI-VTO2111D-P-S3 1 x DHI-VTH2621G-P 1 x DH-PFS3006-4ET-36]"
090511;"[DHI-KTW02] Dahua - Kit de Videoportero con Puerto PoE IP y Wi-Fi Monitor de 7"" Frente de Calle con Camara de [2Mp] Ranura MicroSD hasta (max. 256 GB) Apertura de Puerta Soporta Hasta 3000 Tarjetas IC Mifare"
061520;[DHI-LM19-A202F] Dahua - Monitor de 18.5 Pulgadas Full HD Especial para Videovigilancia Ideal para trabajo 24/7 Angulo de 90 Grados de Visualización Entrada HDMI&VGA VESA
061645;"[DHI-LM19-A202Y] Dahua - Monitor Led de 19"" (18.5 Pulgadas) Full HD con Entrada HDMI y VGA Tiempo de Respuesta de 5Ms 60Hz VESA 75×75mm"
061522;[DHI-LM20-A202S] Dahua - Monitor de 19.5 Pulgadas Full HD Especial para Videovigilancia Ideal para trabajo 24/7 Angulo de 90 Grados de Visualización Entrada HDMI&VGA VESA
061646;"[DHI-LM22-B200S-B3-V2] Dahua - Monitor de 22"" (21.45 Pulgadas) Full HD con Entrada HDMI y VGA 1920×1080 Altavoces Integrados Tiempo de Respuesta de 5Ms 100Hz"
061519;[DHI-LM24-A200Y] Dahua - Monitor de 24 Pulgadas Full HD Especial para Videovigilancia Ideal para trabajo 24/7 Marco Ultra Delgado Angulo de 178 Grados de Visualización Entrada HDMI&VGA VESA
061647;"[DHI-LM24-B200S-B3-V2] Dahua - Monitor de 24"" (23.8 Pulgadas) Full HD con Entrada HDMI y VGA 1920×1080 Altavoces Integrados Tiempo de Respuesta de 5Ms 100Hz"
061612;"[DHI-LM24-B201S] Dahua - Monitor de 24"" (23.8 Pulgadas) Full HD con Entrada HDMI y VGA 1920×1080 Altavoces Integrados Tiempo de Respuesta de 5Ms 100Hz"
061648;"[DHI-LM24-E230C] Dahua - Monitor Gaming Curvo de 24"" (23.6 Pulgadas) Full HD con Entradas 2 HDMI y 1 DP 1920×1080 Tiempo de Respuesta de 5Ms 180Hz"
061521;"[DHI-LM27-B200S-B3-V2] Dahua - Monitor de 27"" (27 Pulgadas) Full HD con Entrada HDMI y VGA 1920×1080 Altavoces Integrados Tiempo de Respuesta de 5Ms 100Hz"
061649;"[DHI-LM27-E230C-A5-V2] Dahua - Monitor Gaming Curvo de 27"" (27 Pulgadas) Full HD con Entradas 2 HDMI y 1 DP 1920×1080 Tiempo de Respuesta de 1Ms 180Hz"
061650;"[DHI-LM27-E240A] Dahua - Monitor Gaming Curvo de 27"" (27 Pulgadas) Full HD con Entradas 2 HDMI y 2 DP 1920×1080 Tiempo de Respuesta de 1Ms Overclocked 300Hz"
061651;"[DHI-LM30-E330CW-V1] Dahua - Monitor Gaming Curvo de 30"" (30 Pulgadas) Full HD con Entradas 2 HDMI y 2 DP 2560×1080 Tiempo de Respuesta de 1Ms 200Hz"
061652;"[DHI-LM34-E330CA-A5-V1] Dahua - Monitor Gaming Curvo de 34"" (34 Pulgadas) Full HD con Entradas 2 HDMI y 2 DP 3440×1440 Tiempo de Respuesta de 1Ms 180Hz"
061509;"[DHI-LPH65-MC480-U] Dahua - Pantalla Interactiva Tactil 65"" Android 13 Ultra HD 4K 3840×2160 de Camara Web 48MP"
061511;"[DHI-LPH75-MC480-U] Dahua - Pantalla Interactiva Tactil 75"" Android 13 Ultra HD 4K 3840×2160 de 75"" Camara Web 48MP"
061564;"[DHI-LPH86-MC480-U] Dahua - Pantalla Interactiva Tactil 86"" Android 15 Ultra HD 4K 3840×2160 de 75"" Camara Web 8MP"
010963;[DHI-NVR1108HS-8P-S3/H] Dahua - NVR Compacto de 8 Canales con 8 PoE y H.265 1 HDD de hasta 8Tb [Serie 1]
010965;[DHI-NVR2116-I2] Dahua - NVR de 16 Canales con Inteligencia Artificial WizSense H.265+ con 4 Canales con SMD Plus 1 HDD de hasta 10Tb 1 Canal con Reconocimiento Facial [Serie 2]
011122;[DHI-NVR2116HS-I2] Dahua - NVR de 16 Canales 4K con Inteligencia Artificial WizSense H.265+ con 6 Canales con SMD Plus 1 HDD de hasta 10Tb 1 Canal con Reconocimiento Facial [Serie 2]
010964;[DHI-NVR2216-16P-4KS3] Dahua - NVR de 16 Canales con 16 PoE y H.265 con Inteligencia Artificial 2 HDD de hasta 20Tb [Serie 2]
010966;[DHI-NVR2216-I2] Dahua - NVR de 16 Canales con Inteligencia Artificial WizSense H.265+ con 4 Canales con SMD Plus 2 HDD de hasta 10Tb 1 Canal con Reconocimiento Facial [Serie 2]
011120;[DHI-NVR4216-16P-EI] Dahua - NVR de 16 Canales con 16 PpE IP [16Mp] con Tecnología WizSense y Smart H.265+ 2 HDD SMD Plus Conteo de Personas [Serie 4]
011123;[DHI-NVR4216-4KS3] Dahua - NVR de 16 Canales IP 4K con Tecnología WizSense y Smart H.265+ 2 HDD SMD Plus Conteo de Personas [Serie 4]
011119;[DHI-NVR4216-EI] Dahua - NVR de 16 Canales IP [16Mp] con Tecnología WizSense y Smart H.265+ 2 HDD SMD Plus Conteo de Personas [Serie 4]
011118;[DHI-NVR4232-4KS3] Dahua - NVR de 32 Canales IP 4K con Tecnología WizSense y Smart H.265+ 2 HDD SMD Plus Conteo de Personas [Serie 4]
011015;[DHI-NVR4232-EI] Dahua - NVR de 32 Canales IP 4K con Tecnología WizSense y Smart H.265+ 2 HDD SMD Plus Conteo de Personas
011013;[DHI-NVR5216-EI] Dahua - NVR de 16 Canales IP 4K con Tecnología Acupick WizSense y Smart H.265+ Rendimiento de 384 Mbps 4 HDD IA Avanzada Incluye E/S de Alarma y Audio [Serie 5]
011121;[DHI-NVR5232-16P-EI] Dahua - NVR de 32 Canales con 16 PoE IP 4K con Tecnología Acupick WizSense y Smart H.265+ Rendimiento de 384 Mbps 4 HDD IA Avanzada Incluye E/S de Alarma y Audio [Serie 5]
011012;[DHI-NVR5232-EI] Dahua - NVR de 32 Canales IP 4K con Tecnología Acupick WizSense y Smart H.265+ Rendimiento de 384 Mbps 4 HDD IA Avanzada Incluye E/S de Alarma y Audio [Serie 5]
011011;[DHI-NVR5424-24P-EI] Dahua - NVR de 24 Canales con 24 PoE y H.265 con tecnología Acupick WizSense y Smart 4 HDD de hasta 16Tb c/u [Serie 5]
011014;[DHI-NVR5864-XI] Dahua - NVR de 64 Canales IP 4K [32Mp] con Tecnología WizMind y Smart H.265+ con 32 Canales SMD Plus Metadatos ANPR Análisis Estereoscópico Mapa de Calor y Conteo de Personas [Serie 5]
061510;"[DHI-PKC-MS0A] Dahua - Soporte Móvil para Pantallas Interactivas de 55"" 65"" y 75"" de Acero Color Plata Titanio"
090514;"[DHI-VTH2621G-P] Dahua - Monitor [Negro] para Videoportero IP Touch de 7"" con Puerto PoE (Admite 9 Extensiones Villa 4 de Apartamento) Uso en Interiores"
090509;"[DHI-VTH2621G-WP] Dahua - Monitor [Negro] para Videoportero IP y Wi-Fi Touch de 7"" con Puerto PoE (Admite 9 Extensiones Villa 4 de Apartamento 1 Monitor Principal 2 Monitores de Extensión) Uso en Interiores"
090515;"[DHI-VTH2621GW-P] Dahua - Monitor [Blanco] para Videoportero IP Touch de 7"" con Puerto PoE (Admite 9 Extensiones Villa 4 de Apartamento) Uso en Interiores"
090510;"[DHI-VTH2621GW-WP] Dahua - Monitor [Blanco] para Videoportero IP y Wi-Fi Touch de 7"" con Puerto PoE (Admite 9 Extensiones Villa 4 de Apartamento 1 Monitor Principal 2 Monitores de Extensión) Uso en Interiores"
090517;[DHI-VTM504] Dahua - Maletín de Demostración (demo box) Diseñado Específicamente para Presentar y Transportar Sistemas de Videoporteros IP de Dahua
090513;[DHI-VTO2101E-P-S2] Dahua - Frente de Calle para Videoportero IP Antivandalico IK10 Funcion Independiente Metalico IP65 Camara de [2Mp] Soporta Mensajes de Video y Audio PoE 802.3 af
090512;[DHI-VTO2111D-P-S3] Dahua - Estación de Puerta IP Videoportero con PoE Videollamada Bidireccional con Monitores Desbloqueo con Tarjetas (IC) APP y Monitores IP65 IK04 Uso en Interiores y Exteriores
090508;[DHI-VTO2211G-WP-S2] Dahua - Estación de Puerta IP Videoportero con PoE y Wi-Fi Videollamada Bidireccional con Monitores Desbloqueo con Tarjetas (IC) APP y Monitores Admite Micro SD card (max. 256 GB) IP65 Uso en Intetiores y Exteriores
090507;[DHI-VTO2311R-WP] Dahua - Estación de Puerta IP Videoportero con PoE y Wi-Fi Videollamada Bidireccional con Monitores Desbloqueo con Tarjetas (IC) APP y Monitores Admite Micro SD card (max. 256 GB) IP65 Uso en Interiores y Exteriores
050446;[DL-012-FJ] DuraLED - Lampara Panel LED 9W 6500K Luz Fria Redonda Empotrar Infinity [Sin borde]
050450;[DL-016-FJ] DuraLED - Lampara Panel LED 9W 6500K Luz Fria Cuadrada Empotrar Infinity [Sin borde]
150010;[DL-024-AG-(OPEN-BOX)] DuraLED - Lampara Panel LED 36W 6500K Luz Fria Tipo Colmena Redonda Empotrar Borde Blanco (OPEN-BOX)
050458;[DL-024-AG] DuraLED - Lampara Panel LED 36W 6500K Luz Fria Tipo Colmena Redonda Empotrar Borde Blanco
150019;[DL-027-AG-(OPEN-BOX)] DuraLED - Lampara Panel LED 36W 6500K Luz Fria Tipo Colmena Redonda Empotrar Borde Negro (OPEN-BOX)
150008;[DL-029-AG-(OPEN-BOX)] DuraLED - Lampara Panel LED 18W 6500K Luz Fria Tipo Colmena Redonda Empotrar Borde Dorado (OPEN-BOX)
050463;[DL-029-AG] DuraLED - Lampara Panel LED 18W 6500K Luz Fria Tipo Colmena Redonda Empotrar Borde Dorado
050587;[DL-038-CCT] DuraLED - Lampara Panel LED 6W CCT 3en1 3000K-4500K-6500K Cuadrada Empotrar Infinity [Sin borde]
050588;[DL-039-CCT] DuraLED - Lampara Panel LED 12W CCT 3en1 3000K-4500K-6500K Cuadrada Empotrar Infinity [Sin borde]
021233;[DP245E88TGY] Panduit - Patch Panel 24 Puertos CAT5e (Categoria 5e)
021365;[DP485E88TGY] Panduit - Patch Panel Modular Recto Blindado 2RU de 48 Puertos Mini-Com
050804;[DRIVER-12W-18W] Lucerna - Driver para panel Led 12W- 18W
050807;[DRIVER-3W-20W-E] Lucerna - Driver de EmeRGEncia 3W-20w ideal para panel led - tubos led - bulbos
050808;[DRIVER-3W-60W-E] Lucerna - Driver de EmeRGEncia 3W-60w ideal para panel led - tubos led - bulbos
050806;[DRIVER-3W-70W-E] Lucerna - Driver de EmeRGEncia 3W-70w ideal para panel led 
050801;[DRIVER-3W] Lucerna - Driver para panel Led 3w 
050805;[DRIVER-48W] Lucerna - Driver para panel Led 12W- 18W
050802;[DRIVER-6W] Lucerna - Driver para panel Led 6w 
050803;[DRIVER-9W-12W] Lucerna - Driver para panel Led 9W - 12W
021715;[DRL-48V120W1AA] Dahua - Fuente de Alimentación de 48 VDC 2.5 Amp Instalación Sobre Riel Din para Switch PFS4210-8GT-DP
010504;[DS-1005KI] Hikvision - Joystick USB Compatible con DVRs NVRs iVMS-4200 Soporta Hikvision HiLook
010505;"[DS-1100KI] Hikvision - Joystick IP con Pantalla Táctil de 7"" Compatible con Cámaras IP PTZ IP DVRs NVRs Soporta Hikvision HiLook"
010834;[DS-1105KI(B)] Hikvision - Joystick USB Compatible con DVRs NVRs iVMS-4200
010838;[DS-1200KI(B)(O-STD)] Hikvision - Controlador Joystick IP para DVR NVR y PTZ a través de red Soporta RS-485
010420;[DS-1200KI] Hikvision - Controlador Joystick IP para DVR NVR y PTZ a través de red Soporta RS-485
010699;[DS-1253ZJ-M] Hikvision - Impermeable Parasol para Lluvia para Cámara Domo Exterior
010731;[DS-1260ZJ] Hikvision - Caja de Conexiones de Exterior para Cámaras Tipo Bullet / IP66
011072;[DS-1272ZJ-110-TRS] Hikvision - Montaje Metálico de Pared para Exterior
010635;[DS-1272ZJ-110] Hikvision - Montaje Base Metálico de Pared para Exterior Compatible con Domo DS-2CD21XX
011073;[DS-1273ZJ-135] Hikvision - Montaje de Pared con Caja de Conexiones para Domos HIKVISION
010841;[DS-1275ZJ-SUS] Hikvision - Montaje para Poste Compatible con PTZ Hikvision Acero Inoxidable
010886;[DS-1276ZJ-SUS] Hikvision - Montaje de Esquina para Cámaras Tipo Bala y Domo
011074;[DS-1280ZJ-DM18] Hikvision - Caja de Conexiones de Exterior para Cámaras Tipo Mini Domo IP66
010636;[DS-1280ZJ-S] Hikvision - Caja de Conexiones de Exterior con Tapa para Cámaras Tipo Domo, Turret y Bala IP66
011068;[DS-1280ZJ-XS] Hikvision - Caja de Conexiones de Metal Compatible con DS-2CD20XX B8-TURBOGXX THC-B120-XX THC-BXX THC-TXX
010885;[DS-1281ZJ-DM23] Hikvision - Montaje en Techo Inclinado para Cámara Tipo Domo Aleación de Aluminio
011070;[DS-1473ZJ-155] Hikvision - Montaje de Pared para Domos DS-2CD27X5FWD-IZS DS-2CD27X3G0-IZS
010698;[DS-1475ZJ-SUS] Hikvision - Montaje para Poste de Cámaras Domo/Bullet DS-2CD27XX / DS-2CD26XX
010506;"[DS-1600KI] Hikvision - Controlador IP Joystick con Pantalla Táctil de 10.1"" S.O. Android ver. 4.4 Compatible con Cámaras IP PTZ IP DVRs NVRs Soporta Hikvision HiLook"
010477;[DS-1602ZJ-BOX-POLE] Hikvision - Montaje de Poste con Caja de Conexión para Cámaras Domos PTZ
010507;[DS-1602ZJ-Pole] Hikvision - Montaje Base de Poste para Domo PTZ Hikvision
010310;[DS-1602ZJ] Hikvision - Montaje de Pared para Interior o Exterior Compatible con Cámaras Domos PTZ
010915;[DS-1603ZJ-P] Hikvision - Montaje Vertical de Pared Color Plata Exterior
010739;[DS-1604ZJ] Hikvision - Montaje de Pared para Exterior Compatible con Domos PTZ
010476;[DS-1660ZJ] Hikvision - Montaje de Pared para Interior o Exterior Compatible con Cámaras Domos PanoVu 
010508;[DS-1692ZJ] Hikvision - Base Soporte De Pared Para Domo Hikvision
011181;[DS-1H18-A] Hikvision - Video Balun HD 720p 1080p hasta 3MP 4MP 5MP 8MP 4K hasta 400 Metros
020509;[DS-1LC1SCA-200B] Hikvision - Cable Coaxial RG59 [Bobina 200 Metros]
020510;[DS-1LC1SCA2C-200B] Hikvision - Cable Coaxial RG59 [Bobina 200 Metros]
021454;[DS-1LN6-UE-W(O-STD) blue 305m] Hikvision - Cable UTP CAT6 (Categoria 6) 100% Cobre Interior (Azul) [Caja 305 Metros]
020939;[DS-1LN6U-SC0] Hikvision - Cable UTP CAT6 (Categoria 6) 100% Cobre Interior (Naranja) [Caja 305 Metros]
010509;[DS-2907ZJ] Hikvision - Tripode Universal Compatible Con Cámaras Térmicas
010858;[DS-2AE4215T-D] Hikvision - Cámara HD Domo PTZ 1080P [2MP]15x
010238;[DS-2AE4215TI-D] Hikvision - Cámara HD Domo PTZ 1080P [2MP] 23X 360° RS-485
010780;"[DS-2AE4225T-D3] Hikvision - Cámara Domo Con Pantalla de 4"" [2MP] 25X con Tecnología DarkFighter "
010648;[DS-2AE4225T-D] Hikvision - Cámara HD Domo PTZ 1080P [2MP] 25X 360° DarkFighter
010245;[DS-2AE4225TI-D] Hikvision - Cámara HD Domo PTZ 1080P [2MP] 25X 360° RS-485
010859;[DS-2AE5225T-A] Hikvision - Cámara HD Domo PTZ 1080P [2MP] 25X
010323;[DS-2AE5225TI-A] Hikvision - Cámara HD Domo PTZ 1080P [2MP] 25X 360°
010620;[DS-2AE5232T-A3] Hikvision - Cámara HD Domo PTZ 1080P [2MP] 32X 360° RS-485
010687;[DS-2AE7225TI-A(D)] Hikvision - Cámara HD Domo PTZ 1080P [2MP] 25X 360°
010129;[DS-2AE7230TI-A] Hikvision - Cámara HD Domo PTZ 1080P [2MP] 30X 360° RS-485
010421;[DS-2CD1023G0-IUF(2.8mm)] Hikvision - Cámara HD Bullet con Audio IP 1080P [2MP] Lente 2.8mm [Metalico]
010158;[DS-2CD1023G0E-I(2.8mm)] Hikvision - Cámara HD Bullet IP 1080P [2MP] Lente 2.8mm [Metalico]
010801;[DS-2CD1023G2-LIU(2.8mm)] Hikvision - Cámara HD Bullet ColorVU Dual Ligth con Audio IP 1080P [2MP] Lente 2.8mm [Metal/Plástico]
010257;[DS-2CD1027G0-L(2.8mm)] Hikvision - Cámara HD Bullet ColorVU IP 1080P [2MP] Lente 2.8mm [Metalico]
010624;[DS-2CD1027G0-LUF(2.8mm)] Hikvision - Cámara HD Bullet ColorVU IP 1080P [2MP] Lente 2.8mm [Metalico]
010701;[DS-2CD1027G2-L(2.8mm)] Hikvision - Cámara HD Bullet con Audio ColorVU IP 1080P [2MP] Lente 2.8mm [Metalico]
010700;[DS-2CD1027G2-LUF(2.8mm)] Hikvision - Cámara HD Bullet con Audio ColorVU IP 1080P [2MP] Lente 2.8mm [Metalico]
011038;[DS-2CD1027G2H-LIU(2.8mm)] Hikvision - Cámara HD Bullet con Audio ColorVU Smart Hybrid Light IP 1080P [2MP] Lente 2.8mm [Metal/Plástico]
010206;[DS-2CD1043G0-I(2.8mm)] Hikvision - Cámara HD Bullet IP 2K [4MP] Lente 2.8mm [Metal/Plástico]
010669;[DS-2CD1043G2-LIU(2.8mm)] Hikvision - Cámara HD Bullet con Audio IP 2K [4MP] Lente 2.8mm Acusense Dual Light [Metal/Plástico]
010889;[DS-2CD1043G2-LIUF/SL(2.8mm)(O-STD)] Hikvision - Cámara HD Bullet con Audio de 2 Vias IP 2K [4MP] Lente 2.8mm Acusense Dual Light [Metal/Plástico]
010386;[DS-2CD1047G0-L(2.8mm)] Hikvision - Cámara HD Bullet Hikvision IP ColorVU 2K [4MP] Lente 2.8mm [Metalico]
010768;[DS-2CD1047G2H-LIU(2.8mm)] Hikvision - Cámara HD Bullet Hikvision IP ColorVU Dual Ligth 2K [4MP] Lente 2.8mm [Metal/Plástico]
010363;[DS-2CD1053G0-I(2.8mm)] Hikvision - Cámara HD Bullet IP 3K [5MP] Lente 2.8mm [Metal/Plástico]
010364;[DS-2CD1057G0-L(2.8mm)] Hikvision - Cámara HD Bullet ColorVU IP 3K [5MP] Lente 2.8mm [Metalico]
010458;[DS-2CD1057G0-LUF(2.8mm)] Hikvision - Cámara HD Bullet ColorVU IP 3K [5MP] Lente 2.8mm [Metalico]
010860;[DS-2CD1063G2-LIUF] Hikvision - Cámara de Red Tipo Bullet Fija Hibrida 6MP
010840;[DS-2CD1067G2-L(2.8mm)(O-STD)] Hikvision - Cámara HD Domo ColorVU IP [6MP] Lente 2.8mm [Metalico]
010899;[DS-2CD1067G2H-LIU(2.8mm)(O-STD)] Hikvision - Cámara HD Bullet Dual Light IP [6MP] Lente 2.8mm [Metal/Plástico]
010361;[DS-2CD1083G0-I(2.8mm)] Hikvision - Cámara HD Bullet IP 4K [8MP] Lente 2.8mm [Metal/Plástico]
010451;[DS-2CD1083G0-IUF(2.8mm)] Hikvision - Cámara HD Bullet con Audio IP 4K [8MP] Lente 2.8mm [Metal/Plástico]
010781;[DS-2CD1083G2-LIUF(2.8mm)] Hikvision - Cámara Bullet [8MP] Dual Light (30 mts IR + 20 mts Luz Blanca) / Micrófono Integrado / ACUSENSE Lite
010510;[DS-2CD1123G0-IUF(2.8mm)] Hikvision - Cámara HD Domo con Audio IP 1080P [2MP] Lente 2.8mm [Metalico]
010162;[DS-2CD1123G0E-I(2.8mm)] Hikvision - Cámara HD Domo IP 1080P [2MP] Lente 2.8mm [Metal/Plástico]
010667;[DS-2CD1123G2-LIU(2.8mm)] Hikvision - Cámara HD Domo con Audio IP 1080P [2MP] Lente 2.8mm Acusense Dual Light [Metal/Plástico]
011037;[DS-2CD1127G0(2.8mm)] Hikvision - Cámara HD Domo ColorVU IP 1080P [2MP] Lente 2.8mm [Metal/Plástico]
010625;[DS-2CD1127G0-LUF(2.8mm)] Hikvision - Cámara HD Domo ColorVU IP 1080P [2MP] Lente 2.8mm [Metal/Plástico]
011039;[DS-2CD1127G2H-LIU(2.8mm)] Hikvision - Cámara HD Domo ColorVU Smart Hybrid Light IP 1080P [2MP] Lente 2.8mm [Metal/Plástico]
010288;[DS-2CD1143G0-I(2.8mm)] Hikvision - Cámara HD Domo IP 2K [4MP] Lente 2.8mm [Metal/Plástico]
010670;[DS-2CD1143G2-LIU(2.8mm)] Hikvision - Cámara HD Domo con Audio IP 2K [4MP] Lente 2.8mm Acusense Dual Light [Metal/Plástico]
010702;[DS-2CD1147G0-L(2.8mm)] Hikvision - Cámara HD Domo ColorVU IP 2K [4MP] Lente 2.8mm [Metal/Plástico]
010900;[DS-2CD1147G2H-LIU(2.8mm)(O-STD)] Hikvision - Cámara HD Domo Dual Light IP 2K [4MP] Lente 2.8mm [Metal/Plástico]
010326;[DS-2CD1153G0-I(2.8mm)] Hikvision - Cámara HD Domo IP 3K [5MP] Lente 2.8mm [Metal/Plástico]
010502;[DS-2CD1153G0-IUF(2.8mm)] Hikvision - Cámara HD Domo con Audio IP IP 3K [5MP] Lente 2.8mm [Metal/Plástico]
010653;[DS-2CD1157G0-L(2.8mm)] Hikvision - Cámara HD Domo ColorVU IP 3K [5MP] Lente 2.8mm [Metal/Plástico]
010654;[DS-2CD1157G0-LUF(2.8mm)] Hikvision - Cámara HD Domo ColorVU IP 3K [5MP] Lente 2.8mm [Metal/Plástico]
010793;[DS-2CD1163G2-LIUF] Hikvision - Cámara Domo IP [6Mp] 30 mts IR + 30 mts Luz Blanca Micrófono Integrado Antivandálico IK08 ACUSENSE Lite Exterior IP67 H.265 PoE ONVIF Micro SD Lente 2.8 mm
010901;[DS-2CD1167G2H-LIU(2.8mm)(O-STD)] Hikvision - Cámara HD Domo Dual Light IP [6MP] Lente 2.8mm [Metal/Plástico]
010360;[DS-2CD1183G0-I(2.8mm)] Hikvision - Cámara HD Domo IP 4K [8MP] Lente 2.8mm [Metal/Plástico]
010449;[DS-2CD1183G0-IUF(2.8mm)] Hikvision - Cámara HD Domo con Audio IP 4K [8MP] Lente 2.8mm [Metal/Plástico]
011040;[DS-2CD1183G2-LIUF(2.8mm)] Hikvision - Cámara HD Domo con Audio Smart Hybrid Light IP 4K [8MP] Lente 2.8mm [Metal/Plástico]
010473;[DS-2CD1323G0-IUF(2.8mm)] Hikvision - Cámara HD Domo con Audio IP 1080P [2MP] Lente 2.8mm [Metal/Plástico]
010163;[DS-2CD1323G0E-I(2.8mm)] Hikvision - Cámara HD Domo IP 1080P [2MP] Lente 2.8mm [Metal/Plástico]
010790;[DS-2CD1323G2-LIU] Hikvision - Cámara Domo IP [2MP] Lente 2.8mm Acusense Light
010291;[DS-2CD1327G0-L(2.8mm)] Hikvision - Cámara HD Domo IP 1080P [2MP] Lente 2.8mm [Metal/Plástico]
010626;[DS-2CD1327G0-LUF(2.8mm)] Hikvision - Cámara HD Domo ColorVU IP 1080P [2MP] Lente 2.8mm [Metal/Plástico]
010655;[DS-2CD1327G2-L(2.8mm)] Hikvision - Cámara HD Domo ColorVU IP 1080P [2MP] Lente 2.8mm [Metal/Plástico]
010732;[DS-2CD1327G2-LUF(2.8mm)] Hikvision - Cámara HD Domo ColorVU IP 1080P [2MP] Lente 2.8mm IP67 [Metal/Plástico]
010916;[DS-2CD1327G2H-LIU(2.8mm)] Hikvision - Cámara HD Domo ColorVU Dual Ligth con Audio IP 1080P [2MP] Lente 2.8mm [Metal/Plástico]
010303;[DS-2CD1343G0-I(2.8mm)] Hikvision - Cámara HD Domo IP 2K [4MP] Lente 2.8mm [Metal/Plástico]
010763;[DS-2CD1343G2-LIU(2.8mm)] Hikvision - Cámara HD Domo IP ColorVU Dual Ligth 2K [4MP] Lente 2.8mm [Metal/Plástico]
011077;[DS-2CD1343G2-LIUF/SL(2.8mm)(O-STD)] Cámara IP 4MP Hikvision Mic Luz Blanca 2.8mm
010297;[DS-2CD1347G0-L(2.8mm)] Hikvision - Cámara HD Domo IP 2K [4MP] Lente 2.8mm [Metal/Plástico]
010861;[DS-2CD1347G2-L] Hikvision - Cámara de Red Tipo Domo ColorVu 4MP
010902;[DS-2CD1347G2H-LIU(2.8mm)(O-STD)] Hikvision - Cámara HD Domo Dual Light IP 2K [4MP] Lente 2.8mm [Metal/Plástico]
010328;[DS-2CD1353G0-I(2.8mm)] Hikvision - Cámara HD Domo IP 3K [5MP] Lente 2.8mm [Metal/Plástico]
010466;[DS-2CD1353G0-IUF(2.8mm)] Hikvision - Cámara HD Domo con Audio IP 3K [5MP] Lente 2.8mm [Metal/Plástico]
010365;[DS-2CD1357G0-L(2.8mm)] Hikvision - Cámara HD Domo IP 3K [5MP] Lente 2.8mm [Metal/Plástico]
010456;[DS-2CD1357G0-LUF(2.8mm)] Hikvision - Cámara HD Domo ColorVU IP 3K [5MP] Lente 2.8mm [Metal/Plástico]
010797;[DS-2CD1363G2-LIUF(2.8mm)(O-STD)] Hikvision - Cámara Domo/Turret IP [6Mp] 30 mts IR + 30 mts Luz Blanca Micrófono Integrado ACUSENSE Lite Exterior IP67 H.265 PoE ONVIF Micro SD Lente 2.8 mm
010903;[DS-2CD1367G2H-LIU(2.8mm)(O-STD)] Hikvision - Cámara HD Domo Dual Light IP [6MP] Lente 2.8mm [Metal/Plástico]
010359;[DS-2CD1383G0-I(2.8mm)] Hikvision - Cámara HD Domo IP 4K [8MP] Lente 2.8mm [Metal/Plástico]
010450;[DS-2CD1383G0-IUF(2.8mm)] Hikvision - Cámara HD Domo con Audio IP 4K [8MP] Lente 2.8mm [Metal/Plástico]
010802;[DS-2CD1383G2-LIUF(2.8mm)] Hikvision - Cámara HD Domo con Audio IP 4K [8MP] Lente 2.8mm [Metal/Plástico]
010161;[DS-2CD1623G0-IZ(2.8-12mm)] Hikvision - Cámara HD Bullet IP 1080P [2MP] Varifocal [Metalico]
010289;[DS-2CD1643G0-IZ(2.8mm)] Hikvision - Cámara HD Bullet IP 2K [4MP] Lente 2.8mm [Metalico]
010800;[DS-2CD1643G2-LIZU(2.8-12mm)(O-STD)] Hikvision - Cámara Bullet de Red IP 4MP Doble Luz MD 2.0 Varifocal Motorizada
010299;[DS-2CD1653G0-IZ(2.8-12mm)] Hikvision - Cámara HD Bullet IP 3K [5MP] Varifocal [Metalico]
010798;[DS-2CD1663G2-LIZ(S)U] Hikvision - Cámara Bullet IP 6MP Varifocal 2.8mm
010164;[DS-2CD1723G0-I(2.8-12mm)] Hikvision - Cámara HD Domo IP 1080P [2MP] Varifocal [Metalico]
011081;[DS-2CD1723G0-IZ(2.8-12mm)(C)(O-STD)] Hikvision - Cámara Domo IP [2Mp]  30 mts IR EXIR Exterior IP67 IK10 Audio y Alarmas PoE [Lente Mot. 2.8 a 12 mm]
010358;[DS-2CD1723G0-IZ(2.8-12mm)(O-STD)] Hikvision - Cámara HD Domo IP 1080P [2MP] Lente Varifocal [Metal/Plástico]
010290;[DS-2CD1743G0-IZ(2.8mm)] Hikvision - Cámara HD Domo IP 2K [4MP] Lente 2.8mm [Metalico]
010064;[DS-2CD1743G2-LIZU(2.8-12mm)(O-STD)] Hikvision - Cámara HD Domo Smart Hybrid Light IP 2K [4MP] Con Audio Lente Varifocal [Metal/Plástico]
010298;[DS-2CD1753G0-IZ(2.8mm)] Hikvision - Cámara HD Domo IP 3K [5MP] Lente 2.8mm [Metal/Plástico]
010792;[DS-2CD1763G2-LIZSU(2.8-12mm)(O-STD)] Hikvision - Cámara de red Con Domo 6MP Varifocal MD 2.0
010511;[DS-2CD1A43G0-IZU(2.8-12mm)] Hikvision - Cámara HD Bullet con Audio IP PTZ 2K [4MP] Lente Varifocal Motorizado [Metalico]
011079;[DS-2CD1T63G2P-LIUF/SL(2.8mm)(O-STD)] Hikvision - Cámara Bullet IP [6Mp] 2 Lentes de Lente 2.8 mm (Imagen Panorámica 180) 30 mts IR Luz Intermitente y Alerta de Audio Audio Bidireccional ACUSENSE Micro SD
010160;[DS-2CD2021G1-I(2.8mm)] Hikvision - Cámara HD Bullet IP 1080P [2MP] Lente 2.8mm [Metal/Plástico]
010228;[DS-2CD2026G2-IU/SL(2.8mm)] Hikvision - Cámara HD Bullet IP 1080P [2MP] Lente 2.8mm [Metalico]
010512;[DS-2CD2043G2-IU(2.8mm)] Hikvision - Cámara HD Bullet con Audio IP AcuSense 2K [4MP] Lente 2.8mm [Metalico]
011041;[DS-2CD2043G2-LI2U(2.8mm)] Hikvision - Cámara HD Bullet con Audio IP Smart Hybrid Light AcuSense 2K [4MP] Lente 2.8mm [Metalico]
010513;[DS-2CD2046G2-IU/SL(2.8mm)] Hikvision - Cámara HD Bullet con Luz Estroboscópica IP AcuSense 2K [4MP] Lente 2.8mm [Metalico]
011076;[DS-2CD2047G3-LI2UY/SL(2.8mm)(O-STD)] Hikvision - Cámara HD Bullet con Audio IP Smart Hybrid Light ColorVu 2K [4MP] Lente 2.8mm [Metalico]
010514;[DS-2CD2063G2-I(2.8mm)] Hikvision - Cámara HD Bullet IP AcuSense 3K [6MP] Lente 2.8mm [Metalico]
010515;[DS-2CD2063G2-IU(2.8mm)] Hikvision - Cámara HD Bullet con Audio IP AcuSense 3K [6MP] Lente 2.8mm [Metalico]
010362;[DS-2CD2083G2-IU(2.8mm)] Hikvision - Cámara HD Bullet IP 4K [8MP] Lente 2.8mm [Metal/Plástico]
010296;[DS-2CD2086G2-I(2.8mm)] Hikvision - Cámara HD Bullet Hikvision IP AcuSense 4K [8MP] Lente 2.8mm [Metalico]
010516;[DS-2CD2121G0-I(2.8mm)] Hikvision - Cámara HD Domo IP 1080P [2MP] Lente 2.8mm [Metal/Plástico]
010292;[DS-2CD2143G0-I(2.8mm)] Hikvision - Cámara HD Domo IP 2K [4MP] Lente 2.8mm [Metalico]
010756;[DS-2CD2143G2-I(2.8mm)] Hikvision - Cámara HD Domo IP 2K [4MP] Lente 2.8mm [Metalico] AcuSense 
010453;[DS-2CD2146G2-ISU(2.8mm)] Hikvision - Cámara HD Domo IP AcuSense 2K [4MP] Lente 2.8mm [Metalico]
010454;[DS-2CD2147G2-SU(2.8mm)] Hikvision - Cámara HD Domo ColorVU con Audio IP 2K [4MP] Lente 2.8mm [Metalico]
010518;[DS-2CD2163G2-IS(2.8mm)] Hikvision - Cámara HD Domo IP AcuSense con Audio y Alarma 3K [6MP] Lente 2.8mm [Metal/Plástico]
010519;[DS-2CD2166G2-ISU(2.8mm)] Hikvision - Cámara HD Domo IP AcuSense con Audio y Alarma 3K [6MP] Lente 2.8mm [Metal/Plástico]
010520;[DS-2CD2183G2-IU(2.8mm)] Hikvision - Cámara HD Bullet con Audio IP AcuSense 4K [8MP] Lente 2.8mm [Metal/Plástico]
010295;[DS-2CD2186G2-ISU(2.8mm)] Hikvision - Cámara HD Domo IP AcuSense 4K [8MP] Lente 2.8mm [Metalico]
010522;[DS-2CD2346G2-I(2.8mm)] Hikvision - Cámara HD Domo IP AcuSense 2K [4MP] Lente 2.8mm [Metalico]
011082;[DS-2CD2347G2P-LSU/SL(2.8mm)(C)(O-STD)] Hikvision - Cámara Turret IP Panorámica [4Mp] 2 Lentes 2.8 mm (180) Imagen a Color 24/7 (ColorVu) PoE IP67 ACUSENSE Luz Estroboscópica y Alarma Audible 30 mts Luz Blanca Microfono
011078;[DS-2CD2347G3-LI2UY(2.8mm)(O-STD)] Hikvision - Cámara Turret IP [4Mp] [Dual Light + ColorVu 3.0 + HikAI] 30 mts IR + Luz Blanca 2 Microfonos Integrados ACUSENSE 3.0 Metal NEMA 4X ACUSEARCH [Lente 2.8mm]
010776;[DS-2CD2367G2P-LSU/SL(2.8MM)] Hikvision - Cámara Domo IP Con Sensor Dual Para Exteriores de 6 MP
011100;[DS-2CD2387G2P-LSU/SL(4MM)] Hikvision - Cámara Turret IP Panorámica [8Mp] 2 Lentes 2.8 mm (180) Imagen a Color 24/7 (ColorVu) PoE IP67 WDR 130 ACUSENSE Luz Estroboscópica y Alarma Audible 30 mts Luz Blanca Microfono
010818;[DS-2CD2423G0-IW(2.8mm)(W)(O-STD)] Hikvision - Cámara Wifi de Cubo Fijo WDR [2MP]
010357;[DS-2CD2520F(2.8mm)] Hikvision - Cámara HD Domo IP 1080P [2MP] Lente 2.8mm [Metalico]
010293;[DS-2CD2643G2-IZS(2.8-12mm)] Hikvision - Cámara HD Bullet IP 2K [4MP] Varifocal [Metalico]
010627;[DS-2CD2647G2T-LZS(2.8-12mm)] Hikvision - Cámara Bullet IP ColorVu 2K [4MP] Varifocal Motorizado [Metalico]
010500;[DS-2CD2683G2-IZS(2.8-12mm)] Hikvision - Cámara HD Bullet IP 4K [8MP] Lente Varifocal 2.8mm a 12 mm [Metalico]
010322;[DS-2CD2720F-IS(2.8-12mm)] Hikvision - Cámara HD Domo IP 1080P [2MP] con Audio Lente Varifocal [Metalico]
010523;[DS-2CD2721G0-IZS(2.8-12mm)] Hikvision - Cámara HD Domo IP 1080P [2MP] Lente Varifocal Motorizado [Metalico]
010526;[DS-2CD2743G1-IZS(2.8-12mm)] Hikvision - Cámara HD Domo con Audio Y Alarma IP 2K [4MP] Lente Varifocal Motorizado [Metalico]
010294;[DS-2CD2743G2-IZS(2.8-12mm)] Hikvision - Cámara HD Domo IP 2K [4MP] Varifocal [Metal/Plástico]
010904;[DS-2CD2743G2-LIZS2U(2.8-12mm)(O-STD)] Hikvision - Cámara HD Domo Hybrid Light IP 2K [4MP] Acusense Varifocal [Metal/Plástico]
010499;[DS-2CD2783G2-IZS(2.8-12mm)] Hikvision - Cámara HD Domo IP 4K [8MP] Lente Varifocal 2.8mm a 12 mm [Metal/Plástico]
010369;[DS-2CD2955FWD-IS] Hikvision - Cámara HD Domo Fisheye IP 3K [5MP] Lente 1.05mm [Metal/Plástico]
010905;[DS-2CD2955G0-ISU(1.05mm)(O-STD)] Hikvision - Cámara HD Domo Fisheye IP 3K [5MP] Lente 1.05mm [ADC12]
010531;[DS-2CD2T46G2-ISU/SL(2.8mm)] Hikvision - Cámara HD Bullet con Luz Estroboscópica IP AcuSense 2K [4MP] Lente 2.8mm [Metalico]
010832;[DS-2CD2T63G2-2I(2.8mm)] Hikvision - Cámara HD Bullet IP [6MP] Lente 2.8mm Acusense [Metal/Plástico]
011129;[DS-2CD2T66G2P-ISU/SL(2.8MM)] Hikvision - Cámara Bullet IP PoE [6MP] 2 Lentes de 2.8mm Hasta 40 mts IR Acusense Micro SD [Metalico]
010455;[DS-2CD2T83G2-2I(2.8mm)] Hikvision - Cámara HD Bullet IP AcuSense 4K [8MP] Lente 2.8mm [Metalico]
010623;[DS-2CD3123G0-I(2.8mm)] Hikvision - Cámara HD Domo IP 1080P [2MP] Lente 2.8mm [Metalico]
010532;[DS-2CD3643G1-IZS(2.7-13.5mm)] Hikvision - Cámara HD Bullet IP 2K [4MP] Lente Varifocal Motorizado [Metalico]
010533;[DS-2CD3756G2T-IZS(2.7-13.5mm)] Hikvision - Cámara HD Domo IP 3K [5MP] Lente Varifocal Motorizado [Metal/Plástico]
010703;[DS-2CD3B46G2T-IZHSY(2.8-12mm)] Hikvision - Cámara HD Bullet IP 2K [4MP] DarkFighter Lente Varifocal Motorizado [Metalico]
010241;[DS-2CD4126FWD-IZ(2.8-12mm)] Hikvision - Cámara HD Domo IP 1080P [2MP] Varifocal [Metalico]
010535;[DS-2CD6365G0E-IVS(1.27mm)] Hikvision - Cámara Fish Eye IP 3K [6MP] Lente 1.27mm Gran Angular 360° Exterior Ip67
010719;[DS-2CD6365G1-IVS] Hikvision - Cámara HD Fisheye con Audio IP [6MP] 180°/360° Dewarping Heat Map HEOP 2.0 Conteo de Personas IP67 IK10 1
010536;[DS-2CD6825G0/C-IVS(2mm)] Hikvision - Cámara IP Dual 1080P [2MP] Lente 2mm Conteo de Personas Conteo de Aforo PoE
011088;[DS-2CD6D44G1-IZS(2.8-8mm)(O-STD)] Hikvision - PanoVu Series Cámara Vista Panorámica 360 4 Lentes Mot. 2.8 a 8 mm [4Mp por Lente] 16 Mp en Total DARKFIGHTER Exterior IP67 IK10 PoE+ 30 mts IR Micro SD
010779;[DS-2CD6D52G0-IHS] Hikvision - Cámara Domo IP PANOVU  [5MP] Bidireccional Para Exteriores
011086;[DS-2CD6D55G2-IZHS(2.8-8mm/2mm)(O-STD)] Hikvision - 
010240;[DS-2CE10DF0T-F(2.8mm)] Hikvision - Cámara HD Bullet ColorVU 1080P [2MP] Lente 2.8mm [Metalico]
010474;[DS-2CE10DF0T-FS(2.8mm)] Hikvision - Cámara HD Bullet ColorVU con Audio 1080P [2MP] Lente 2.8mm [Metalico]
010862;[DS-2CE10DF0T-LFS(2.8mm)] Hikvision - Cámara HD Bullet ColorVU [2MP] Lente 2.8mm [Metal/Plástico]
010803;[DS-2CE10DF0T-LPFS(2.8mm)] Hikvision - Cámara HD Bullet ColorVU Dual Ligth con Audio 1080P [2MP] Lente 2.8mm [Plástico]
011178;[DS-2CE10DF0T-LPTS(2.8mm)] Hikvision - Cámara HD Bullet Smart Hybrid Light con Audio Bidireccional 1080P [2MP] Lente 2.8mm [Plástico]
010210;[DS-2CE10DF0T-PF(2.8mm)] Hikvision - Cámara HD Bullet ColorVU 1080P [2MP] Lente 2.8mm [Plástico]
010471;[DS-2CE10DF0T-PFS(2.8mm)] Hikvision - Cámara HD Bullet ColorVU con Audio 1080P [2MP] Lente 2.8mm [Plástico]
010227;[DS-2CE10DF3T-F(2.8mm)] Hikvision - Cámara HD Bullet ColorVU 1080P [2MP] Lente 2.8mm [Metal/Plástico]
010351;[DS-2CE10DF3T-FS(2.8mm)] Hikvision - Cámara HD Bullet ColorVU 1080P [2MP] Lente 2.8mm [Metalico]
010203;[DS-2CE10DF3T-PF(2.8mm)] Hikvision - Cámara HD Bullet ColorVU 1080P [2MP] Lente 2.8mm [Plástico]
010350;[DS-2CE10DF3T-PFS(2.8mm)] Hikvision - Cámara HD Bullet ColorVU 1080P [2MP] Lente 2.8mm [Plástico]
010354;[DS-2CE10KF0T-FS(2.8mm)] Hikvision - Cámara HD Bullet ColorVU 3K [5MP] Lente 2.8mm [Metalico]
010863;[DS-2CE10KF0T-LFS(2.8mm)] Hikvision - Cámara Bullet  Turbo HD [5MP] Lente 2.8mm [Metal]
010769;[DS-2CE10KF0T-LPFS(2.8mm)] Hikvision - Cámara HD Bullet ColorVU Dual Ligth [3K] Lente 2.8mm [Plástico]
010353;[DS-2CE10KF0T-PFS(2.8mm)] Hikvision - Cámara HD Bullet ColorVU 3K [5MP] Lente 2.8mm [Plástico]
010757;[DS-2CE10UF3T-E(2.8mm)] Hikvision - Cámara HD Bullet Hikvision IP67 ColorVU 4K [8MP] Lente 2.8mm [Metalico]
010211;[DS-2CE12DF0T-F(2.8mm)] Hikvision - Cámara HD Bullet ColorVU 1080P [2MP] Lente 2.8mm [Metalico]
010617;[DS-2CE12DF0T-LFS(2.8mm)] Hikvision - Cámara HD Bullet con Audio ColorVU 1080P [2MP] Lente 2.8mm [Metalico]
010253;[DS-2CE12DF3T-F(2.8mm)] Hikvision - Cámara HD Bullet ColorVU 1080P [2MP] Lente 2.8mm [Metalico]
021750;[DS-2CE12DF3T-LXTS] Hikvision - Cámara HD Bullet Smart-Hybrid Light 1080P [2MP] Lente 2.8mm con Audio Integrado Bidireccional [Metal/Plástico]
010733;[DS-2CE12DF3T-PIRXOS(2.8mm)] Hikvision - Cámara HD Bullet ColorVU 1080P [2MP] Lente 2.8mm/ Sensor Pir / Sirena y Salida de Audio Integrado [Metal/Policarbonato]
010401;[DS-2CE12KF0T-FS(2.8mm)] Hikvision - Cámara HD Bullet ColorVU con Audio 3K [5MP] Lente 2.8mm [Metal/Plástico]
010804;[DS-2CE12KF0T-LFS(2.8mm)] Hikvision - Cámara HD Bullet ColorVU Dual Ligth con Audio 3K [5MP] Lente 2.8mm [Metalico]
010709;[DS-2CE12UF3T-E(2.8mm)] Hikvision - Cámara HD Bullet Hikvision IP67 ColorVU 4K [8MP] Lente 2.8mm [Metalico]
010183;[DS-2CE16C0T-IRPF(2.8mm)] Hikvision - Cámara HD Bullet 720P [1MP] Lente 2.8mm [Plástico]
010658;[DS-2CE16C0T-IT1F(2.8mm)] Hikvision - Cámara HD Bullet 720P [1MP] Lente 2.8mm [Metalico]
010659;[DS-2CE16C0T-IT3F(2.8mm)] Hikvision - Cámara HD Bullet 720P [1MP] Lente 2.8mm [Metalico]
010895;[DS-2CE16D0T-EXIF(2.8mm)(O-STD)] Hikvision - Cámara HD Bullet 1080P [2MP] Lente 2.8mm [Metalico]
010894;[DS-2CE16D0T-EXIPF(2.8mm)(O-STD)] Hikvision - Cámara HD Bullet 1080P [2MP] Lente 2.8mm [Plástico]
010258;[DS-2CE16D0T-IF(2.8mm)] Hikvision - Cámara HD Bullet Hikvision 1080P [2MP] Lente 2.8mm [Metalico]
010155;[DS-2CE16D0T-IRF(2.8mm)] Hikvision - Cámara HD Bullet 1080P [2MP] Lente 2.8mm [Metalico]
010156;[DS-2CE16D0T-IRPF(2.8mm)] Hikvision - Cámara HD Bullet 1080P [2MP] Lente 2.8mm [Plástico]
010306;[DS-2CE16D0T-ITFS(2.8mm)] Hikvision - Cámara HD Bullet con Audio 1080P [2MP] Lente 2.8mm [Metalico]
010272;[DS-2CE16D0T-ITPFS(2.8mm)] Hikvision - Cámara HD Bullet con Audio 1080P [2MP] Lente 2.8mm [Plástico]
011102;[DS-2CE16D0T-LFS(2.8mm)(O-STD)] Hikvision - Cámara HD Bullet 1080P [2MP] Smart Hybrid Light con Audio Lente 2.8mm [Metalico]
010618;[DS-2CE16D0T-LPFS(2.8mm)] Hikvision - Cámara HD Bullet con Audio 1080P [2MP] Lente 2.8mm [Plástico]
010906;[DS-2CE16D0T-LPTS(2.8mm)(O-STD)] Hikvision - Cámara HD Bullet con Audio Bidireccional 1080P [2MP] Lente 2.8mm [Plástico]
010907;[DS-2CE16D0T-LXTS(2.8mm)(O-STD)] Hikvision - Cámara HD Bullet con Audio Bidireccional y Sirena 1080P [2MP] Lente 2.8mm [Metalico]
010190;[DS-2CE16D0T-VFIR3F(2.8-12mm)] Hikvision - Cámara HD Bullet 1080P [2MP] Varifocal [Metalico]
010607;[DS-2CE16D8T-IT3ZE(2.7-13.5mm)] Hikvision - Cámara HD Bullet 1080P [2MP] Varifocal Motorizado [Metalico]
010740;[DS-2CE16H0T-ITF(2.8mm)] Hikvision - Cámara HD Bullet 3K [5MP] Lente 2.8mm [Metalico]
010311;[DS-2CE16H0T-ITFS(2.8mm)] Hikvision - Cámara HD Bullet con Audio 3K [5MP] Lente 2.8mm [Metalico]
010233;[DS-2CE16H0T-ITPF(2.8mm)] Hikvision - Cámara HD Bullet 3K [5MP] Lente 2.8mm [Plástico]
010331;[DS-2CE16H0T-ITPFS(2.8mm)] Hikvision - Cámara HD Bullet con Audio 3K [5MP] Lente 2.8mm [Plástico]
011176;[DS-2CE16K0T-EXLF(2.8mm)] Hikvision - Cámara HD Bullet Smart Hybrid Light 3K Lente 2.8mm [Metalico]
010059;[DS-2CE16K0T-EXLPF(2.8mm)(O-STD)] Hikvision - Cámara HD Bullet Smart Hybrid Light 3K Lente 2.8mm [Plastico]
010707;[DS-2CE16K0T-LFS(2.8mm)] Hikvision - Cámara HD Bullet con Audio Hibrida ColorVU/B/N con Audio 3K [5MP] Lente 2.8mm [Metalico]
010481;[DS-2CE16K0T-LPFS(2.8mm)] Hikvision - Cámara HD Bullet Hibrida ColorVU/B/N con Audio 3K [5MP] Lente 2.8mm [Plastico]
011130;[DS-2CE16K0T-LPTS] Hikvision - Cámara HD Bullet Smart Hybrid Light con Audio Bidireccional 3K Lente 2.8mm [Plastico]
011131;[DS-2CE16K0T-LXTS] Hikvision - Cámara HD Bullet Smart Hybrid Light con Audio Bidireccional y Sirena 3K Lente 2.8mm [Metalico]
010280;[DS-2CE16U1T-IT3F(2.8mm)] Hikvision - Cámara HD Bullet 4K [8MP] Lente 2.8mm [Metal/Plástico]
010615;[DS-2CE16U1T-IT5F(3.6mm)] Hikvision - Cámara HD Bullet 4K [8MP] Lente 3.6mm [Metal/Plástico]
010278;[DS-2CE16U1T-ITF(2.8mm)] Hikvision - Cámara HD Bullet 4K [8MP] Lente 2.8mm [Metalico]
010279;[DS-2CE16U1T-ITPF(2.8mm)] Hikvision - Cámara HD Bullet 4K [8MP] Lente 2.8mm [Plástico]
010606;[DS-2CE17D0T-IT3F(2.8mm)] Hikvision - Cámara HD Bullet 1080P [2MP] Lente 2.8mm [Metal/Plástico]
010329;[DS-2CE17D0T-IT3F(3.6mm)] Hikvision - Cámara HD Bullet 1080P [2MP] Lente 3.6mm [Metal/Plástico]
010660;[DS-2CE17D0T-IT5F(3.6mm)] Hikvision - Cámara HD Bullet 1080P [2MP] Lente 3.6mm [Metal/Plástico]
010274;[DS-2CE17H0T-IT1F(2.8mm)] Hikvision - Cámara HD Bullet Hikvision 3K [5MP] Lente 2.8mm [Metal/Plástico]
010613;[DS-2CE17H0T-IT3F(2.8mm)] Hikvision - Cámara HD Bullet Hikvision 3K [5MP] Lente 2.8mm [Metal/Plástico]
010614;[DS-2CE17H0T-IT5F(3.6mm)] Hikvision - Cámara HD Bullet Hikvision 3K [5MP] Lente 3.6mm [Metal/Plástico]
010708;[DS-2CE17K0T-LFS(2.8mm)] Hikvision - Cámara HD Bullet con Audio Hibrida ColorVU/B/N 3K [5MP] Lente 2.8mm [Metal/Plástico]
010346;[DS-2CE19D0T-VFIT3F(2.7-13.5mm)] Hikvision - Cámara HD Bullet 1080P [2MP] Varifocal [Metal/Plástico]
010273;[DS-2CE19H0T-AIT3ZF(2.7-13.5mm)] Hikvision - Cámara HD Bullet 3K [5MP] Varifocal [Metal/Plástico]
010538;[DS-2CE19U1T-IT3ZF(2.7-13.5mm)] Hikvision - Cámara HD Bullet 4K [8MP] Lente Varifocal Motorizado [Metalico]
010052;[DS-2CE56C0T-IRPF(2.8mm)] Hikvision - Cámara HD Domo 720P [1MP] Lente 2.8mm [Plástico]
010219;[DS-2CE56D0T-IRF(2.8mm)] Hikvision - Cámara HD Domo 1080P [2MP] Lente 2.8mm [Metal/Plástico]
010165;[DS-2CE56D0T-IRMF(2.8mm)] Hikvision - Cámara HD Domo 1080P [2MP] Lente 2.8mm [Metalico]
010153;[DS-2CE56D0T-IRMMF(2.8mm)] Hikvision - Cámara HD Domo 1080P [2MP] Lente 2.8mm [Plástico]
010154;[DS-2CE56D0T-IRPF(2.8mm)] Hikvision - Cámara HD Domo 1080P [2MP] Lente 2.8mm [Plástico]
010345;[DS-2CE56D0T-IT1F(2.8mm)] Hikvision - Cámara HD Domo 1080P [2MP] Lente 2.8mm [Plastico]
010539;[DS-2CE56D0T-IT3F(2.8mm)] Hikvision - Cámara HD Domo 1080P [2MP] Lente 2.8mm [Plastico]
010220;[DS-2CE56H0T-IRMMF(2.8mm)] Hikvision - Cámara HD Domo 3K [5MP] Lente 2.8mm [Plástico]
010610;[DS-2CE57H8T-VPITF(2.8mm)] Hikvision - Cámara HD Domo 3K [5MP] Lente 2.8mm [Metalico]
010611;[DS-2CE57H8T-VPITF(3.6mm)] Hikvision - Cámara HD Domo 3K [5MP] Lente 3.6mm [Metalico]
010673;[DS-2CE5AD0T-VPIT3F(2.7-13.5mm)] Hikvision - Cámara HD Domo IP67 1080P [2MP] Lente Varifocal [Metalico/Plastico]
010612;[DS-2CE5AH0T-AVPIT3ZF(2.7-13.5mm)] Hikvision - Cámara HD Domo 3K [5MP] Varifocal Motorizado [Metalico]
010710;[DS-2CE5AH0T-VPIT3ZE/2.7-13.5mm] Hikvision - Cámara HD Domo 3K [5MP] Lente Varifocal Motorizado [Metalico]
010734;[DS-2CE5AU1T-VPIT3ZF2.7-13.5mm] Hikvision - Cámara HD Domo 4K [8MP] Lente Motorizado 2.7 a 13.5mm / 40 mts IR EXIR/ IP67 [Metalico]
010771;[DS-2CE70DF0T-LPFS(2.8mm)] Hikvision - Cámara HD Domo ColorVU Dual Ligth con Audio 1080P [2MP] Lente 2.8mm [Plástico]
010213;[DS-2CE70DF0T-MF(2.8mm)] Hikvision - Cámara HD Domo ColorVU 1080P [2MP] Lente 2.8mm [Metalico]
010542;[DS-2CE70DF0T-MF(3.6mm)] Hikvision - Cámara HD Domo ColorVU 1080P [2MP] Lente 3.6mm [Plástico]
010475;[DS-2CE70DF0T-MFS(2.8mm)] Hikvision - Cámara HD Domo ColorVU Dual Ligth con Audio 1080P [2MP] Lente 2.8mm [Metalico]
010212;[DS-2CE70DF0T-PF(2.8mm)] Hikvision - Cámara HD Domo ColorVU 1080P [2MP] Lente 2.8mm [Plástico]
010472;[DS-2CE70DF0T-PFS(2.8mm)] Hikvision - Cámara HD Domo ColorVU Dual Ligth con Audio 1080P [2MP] Lente 2.8mm [Plástico]
010202;[DS-2CE70DF3T-MF(2.8mm)] Hikvision - Cámara HD Domo ColorVU 1080P [2MP] Lente 2.8mm [Metalico]
010348;[DS-2CE70DF3T-MFS(2.8mm)] Hikvision - Cámara HD Domo ColorVU 1080P [2MP] Lente 2.8mm [Metalico]
010632;[DS-2CE70DF3T-PF(2.8mm)] Hikvision - Cámara HD Domo ColorVU [2MP] Lente 2,8mm [Plástico]
010864;[DS-2CE70KF0T-LMFS(2.8mm)] Hikvision - Cámara Domo con Audio 3K ColorVu Lente 2.8mm [Metalico]
010770;[DS-2CE70KF0T-LPFS(2.8mm)] Hikvision - Cámara HD Domo ColorVU Dual Ligth [3K] Lente 2.8mm [Plástico]
010352;[DS-2CE70KF0T-MFS(2.8mm)] Hikvision - Cámara HD Domo ColorVU 3K [5MP] Lente 2.8mm [Metalico]
010478;[DS-2CE70KF0T-PFS(2.8mm)] Hikvision - Cámara HD Domo ColorVU con Audio 3K [5MP] Lente 2.8mm [Plastico]
010254;[DS-2CE72DF0T-F(2.8mm)] Hikvision - Cámara HD Domo ColorVU 1080P [2MP] Lente 2.8mm [Metal/Plastico]
010349;[DS-2CE72DF3T-FS(2.8mm)] Hikvision - Cámara HD Domo ColorVU 1080P [2MP] Lente 2.8mm [Metal/Plástico]
010444;[DS-2CE72DF3T-PIRXOS(2.8mm)] Hikvision - Cámara HD Domo ColorVU con Audio 1080P [2MP] Lente 2.8mm [Metal/Plástico] Sensor PIR y Sirena
010400;[DS-2CE72KF0T-FS(2.8mm)] Hikvision - Cámara HD Domo ColorVU 3K [5MP] Lente 2.8mm [Metal/Plástico]
010805;[DS-2CE72KF0T-LFS(2.8mm)] Hikvision - Cámara HD Domo ColorVU Dual Ligth 3K [5MP] Lente 2.8mm [Metal/Plástico]
010720;[DS-2CE72UF3T-E] Hikvision - Cámara HD Domo 4K [8MP] ColorVU Lente 2.8mm [Metal/Plástico]
010896;[DS-2CE76D0T-EXIMF(2.8mm)(O-STD)] Hikvision - Cámara HD Domo 1080P [2MP] Lente 2.8mm [Metalico]
010794;[DS-2CE76D0T-EXIPF] Hikvision - Cámara Domo 2MP EXIPF IP67
010443;[DS-2CE76D0T-ITMFS(2.8mm)] Hikvision - Cámara HD Domo con Audio Hikvision 1080P [2MP] Lente 2.8mm [Metalico]
010482;[DS-2CE76D0T-ITPF(2.8mm)] Hikvision - Cámara HD Domo 1080P [2MP] Lente 2.8mm [Plástico]
010185;[DS-2CE76D0T-ITPFS(2.8mm)] Hikvision - Cámara HD Domo con Audio 1080P [2MP] Lente 2.8mm [Plástico]
010619;[DS-2CE76D0T-LMFS(2.8mm)] Hikvision - Cámara HD Domo con Audio 1080P [2MP] Lente 2.8mm [Metalico]
010470;[DS-2CE76D0T-LPFS(2.8mm)] Hikvision - Cámara HD Domo con Audio y Luz 1080P [2MP] Lente 2.8mm [Plástico]
010275;[DS-2CE76H0T-ITMF(2.8mm)] Hikvision - Cámara HD Domo 3K [5MP] Lente 2.8mm [Metalico]
010479;[DS-2CE76H0T-ITMFS(2.8mm)] Hikvision - Cámara HD Domo con Audio 3K [5MP] Lente 2.8mm [Metalico]
010168;[DS-2CE76H0T-ITPF(2.8mm)] Hikvision - Cámara HD Domo 3K [5MP] Lente 2.8mm [Plástico]
010191;[DS-2CE76H0T-ITPFS(2.8mm)] Hikvision - Cámara HD Domo con Audio 3K [5MP] Lente 2.8mm [Plástico]
011177;[DS-2CE76K0T-EXLMF(2.8mm)] Hikvision - Cámara HD Domo Smart Hybrid Light  3K Lente 2.8mm [Metalico]
010060;[DS-2CE76K0T-EXLPF(2.8mm)(O-STD)] Hikvision - Cámara HD Domo Smart Hybrid Light  3K Lente 2.8mm [Plastico]
010735;[DS-2CE76K0T-LMFS(2.8mm)] Hikvision - Cámara HD Domo 4 en 1 3K [5MP] Lente 2.8mm [Metalico]
010480;[DS-2CE76K0T-LPFS(2.8mm)] Hikvision - Cámara HD Domo Hibrida ColorVU/B/N con Audio 3K [5MP] Lente 2.8mm [Plastico]
010281;[DS-2CE76U1T-ITMF(2.8mm)] Hikvision - Cámara HD Domo 4K [8MP] Lente 2.8mm [Metalico]
010277;[DS-2CE76U1T-ITPF(2.8mm)] Hikvision - Cámara HD Domo 4K [8MP] Lente 2.8mm [Plástico]
010398;[DS-2CE78D0T-IT3FS(2.8mm)] Hikvision - Cámara HD Domo con Audio [2MP] Lente 2.8mm [Metal/Plástico]
010917;[DS-2CE78D0T-LTS(2.8mm)] Hikvision - Cámara HD Domo con Audio Bidireccional [2MP] Lente 2.8mm [Metal/Plástico]
010399;[DS-2CE78H0T-IT1F(2.8mm)] Hikvision - Cámara HD Domo 3K [5MP] Lente 2.8mm [Metal/Plástico]
010608;[DS-2CE78H0T-IT3F(2.8mm)] Hikvision - Cámara HD Domo 3K [5MP] Lente 2.8mm [Metal/Plástico]
010609;[DS-2CE78H0T-IT3FS(2.8mm)] Hikvision - Cámara HD Domo con Audio 3K [5MP] Lente 2.8mm [Metal/Plástico]
010741;[DS-2CE78K0T-LFS(2.8mm)] Hikvision - Cámara HD Torreta/Domo 3K Smart Hybrid Light con Audio Lente 2.8mm [Metal/Plástico]
011132;[DS-2CE78K0T-LTS] Hikvision - Cámara HD Torreta/Domo 3K Smart Hybrid Light con Audio Bidireccional Lente 2.8mm [Metal/Plástico]
010282;[DS-2CE78U1T-IT3F(2.8mm)] Hikvision - Cámara HD Domo 4K [8MP] Lente 2.8mm [Metal/Plástico]
010396;[DS-2CE79D0T-VFIT3F(2.7-13.5mm)] Hikvision - Cámara HD Domo 1080P [2MP] Varifocal 2.7-13.5mm [Metal/Plástico]
010276;[DS-2CE79H0T-IT3ZF(2.7-13.5mm)] Hikvision - Cámara HD Domo 3K [5MP] Varifocal [Metalico]
010616;[DS-2CE79U1T-IT3ZF(2.7-13.5mm)] Hikvision - Cámara HD Domo 4K [8MP] Varifocal Motorizado [Metalico]
010778;[DS-2CV1021G0-IDW1] Hikvision - Cámara Bullet IP 1080P [2MP] Intemperie IP66 con Micrófono Lente 2.8mm
011084;[DS-2CV1F43G2-LIDWF(2.8mm)(B)(O-STD)] Hikvision - Cámara WiFi Domo IP [4Mp] Dual Light (30 mts IR + 30 mts Luz Blanca) Acusense Audio Bidireccional (Micrófono y Bocina)
010671;[DS-2CV2041G2-IDW(2.8mm)] Hikvision - Cámara HD Bullet con Audio IP Wi-fi 2K [4MP] Lente 2.8mm [Metalico]
010544;[DS-2CV2121G2-IDW(2.8mm)] Hikvision - Cámara HD Domo con Audio IP 1080P [2MP] Lente 2.8mm [Metal/Plástico]
010672;[DS-2CV2141G2-IDW(2.8mm)] Hikvision - Cámara HD Domo con Audio IP Wi-fi 2K [4MP] Lente 2.8mm [Metalico]
010252;[DS-2DE2A204IW-DE3(2.8-12mm)] Hikvision - Cámara HD Mini Domo IP PTZ 1080P [2MP] Zoom 4X Varifocal [Aluminio]
010368;[DS-2DE2A404IW-DE3(2.8-12mm)] Hikvision - Cámara HD Domo PTZ IP 2K [4MP] Varifocal [Metal/Plástico]
010918;[DS-2DE2C200MWG/W(2.8mm)] Hikvision - Cámara PT IP [2Mp] Lente 4 mm 30 mts IR Wi-Fi Acusense Lite Autoseguimiento Micrófono y Bocina Interconstruido Exterior
010912;[DS-2DE2C400IWG-K/4G/C09S20] Hikvision - Kit Solar IP All in One Camara Domo Mini PT IP [4Mp] Lente 2.8 mm
011101;[DS-2DE2C400MWG-4G(2.8mm)] Hikvision - Cámara Domo PT IP [4Mp]  Dual Light (30 mts IR + 30 mts Luz Blanca) Acusense  IP66 Micrófono y Bocina Integrado (Audio de Dos Vías)  Incluye Montaje de Pared o Techo Lente 4 mm
011133;[DS-2DE2C400MWG-E] Hikvision - Cámara [FlexVu] Domo PT IP [4Mp] Lente 4mm Dual Light (30 mts IR + 30 mts Luz Blanca) Autoseguimiento en Humanos PoE IP66 Micrófono y Bocina Integrado (Audio de Dos Vías) Micro SD
010366;[DS-2DE3A400BW-DE/W] Hikvision - Cámara HD Domo PT IP 2K [4MP] Lente 4mm [Metal/Plástico]
010367;[DS-2DE4225IW-DE] Hikvision - Cámara HD Domo PTZ IP 1080P [2MP] Lente 4.8mm [Metal/Plástico]
010483;[DS-2DE4425IW-DE] Hikvision - Cámara HD Domo PTZ IP 2K [4MP] 25X 360° Acusense
010545;[DS-2DE5232IW-AE] Hikvision - Cámara Domo IP PTZ 1080P [2MP] 32X Zoom IR 150 mts IP67 IK10 Hi-Poe DarkFighter
010628;[DS-2DE5425IW-AE] Hikvision - Cámara HD Domo PTZ 2K [4MP] 25X 360° RS-485
010715;[DS-2DE7232IW-AE] Hikvision - Cámara Domo IP PTZ 1080P [2MP] 32X Zoom IR 150 mts
010546;[DS-2DE7A225IW-AEB] Hikvision - Cámara Domo IP PTZ 1080P [2MP] 25X Zoom IR 200 mts IP66 Sirena Hi-Poe Acusense
010547;[DS-2DE7A232IW-AEB] Hikvision - Cámara Domo IP PTZ 1080P [2MP] 32X Zoom IR 200 mts IP66 Hi-Poe Acusense
010634;[DS-2DE7A432IW-AEB(T5)] Hikvision - Cámara HD Domo PTZ [4MP] 32X Zoom / Autoseguimiento 2.0 / Hi-PoE / DarkFighter Ir Netword Speed
010744;[DS-2DE7A812MCG-EB] Hikvision - Cámara Domo PTZ IP [8MP] Megapixel / 12X Zoom / ColorVu / 100 mts Luz Blanca / 150 mts IR / ACUSENSE
011134;[DS-2DF7A836IXG-ELY] Hikvision - Cámara PTZ IP Darkfighter 2.0 IR [8MP] 36x Serie 7A
010716;[DS-2DF8442IXS-AELY] Hikvision - Cámara HD Domo PTZ 2K [4MP] 42X 360° Zoom IR 400 mts AutoSeguimiento Detección de Rostros
011135;[DS-2DT8C442MXG-LWT] Hikvision - Cámara PTZ IP [4Mp] 42X Zoom Dual Light Polimero Anticorrosivo (Ideal para Zonas Costeras o Alta Salinidad) AutoSeguimiento DARKFIGHTER EIS Exterior IP67
080123;[DS-2PA1201-WRD] Hikvision - Fuente de Poder Regulada 12V/ 1 Amp / Uso para Exterior / Conector Block
011136;[DS-2SE2C400MWG-E/14] Hikvision - [TandemVu] PTZ IP [4Mp] con Cámara Panoramica [4Mp] 4X Zoom Dual Light (40 mts IR + 30 mts Luz Blanca) ACUSENSE IP66 PoE+DARKFIGHTER Micro SD Incluye Base para Techo o Pared
011137;[DS-2SE3C404MWG-E/14] Hikvision - [TandemVu] PTZ IP [4Mp] con Cámara Panoramica [4Mp] 4X Zoom Dual Light (40 mts IR + 30 mts Luz Blanca) ACUSENSE IP66 PoE+ DARKFIGHTER Micro SD Incluye Base para Techo o Pared
011113;[DS-2SE4C415MWG-E/14(F0)] Hikvision - Cámara Domo PTZ IP [4Mp] 15X Zoom 100 mts IR IP66 PoE+ Entrada y Salida de Audio y Alarma
011138;[DS-2SE4C425MWG-E(14F0)] Hikvision - [TandemVu] Domo PTZ IP [4Mp] con Cámara Fija [4M] 25X Zoom 100 mts IR IP66 ACUSENSE PoE+ Entrada-Salida de Audio y Alarma Ultra Baja Iluminación Micro SD
011036;[DS-2SE4C425MWG-E/26(F0)] Hikvision - Cámara PTZ y Panoramica IR TandemVu 6 + 4MP 25X
010833;[DS-2SE7C432MW-AEB(14F1)(P3)] Hikvision - Cámara HD Domo IP [4MP] PTZ Doble Canal Acusense 32x Zoom Optico 16x Zoom Digital
010919;[DS-2SF8C442MXG-ELW/26(F0))(B)] Hikvision - [TandemVu] Cámara Domo PTZ IP [4Mp] con Cámara Panoramica 180º de [6Mp] 42X Zoom 300 mts IR y 30 mts Luz Blanca IP67 IK10 Autoseguimiento Wiper Deep learning
010837;[DS-2SF8C448MXG1-EL/14(F1)(O-STD)] Hikvision - Cámara PTZ IP TandemVu 8C Series [4MP] 48X DarkFighter
011045;[DS-2TD2608-2/QA] Hikvision - Cámara Bullet IP Dual Térmica 2.6 mm (96 x 72) Óptico 6 mm [4Mp] Detección de Intrusión por VCA 30 mts 30 mts Luz Blanca Exterior IP67 PoE Sirena y Luz ColorVu y ACUSENSE
010705;[DS-2TD2617-10/QA] Hikvision - Cámara HD Bullet IP Dual Térmica 9.7mm Óptico 8mm [4MP] Detección de Personas 285 mts 40 mts IR Exterior IP67 PoE Termométrica Detección de Temperatura Sirena y Luz
010706;[DS-2TD2628-10/QA] Hikvision - Cámara HD Bullet IP Dual Térmica 9.7mm Óptico 8mm [4MP] 30 mts IR Exterior IP67 PoE Termométrica Detección de Temperatura Sirena y Luz Intermitente
010552;[DS-2TP21B-6AVF/W] Hikvision - Cámara Térmica WIFI Industrial IP Térmico 6.2 mm IP54 Wi-Fi Alta Precisión
010553;[DS-2TP31B-3AUF] Hikvision - Cámara Térmica Industrial de Seguridad Lente Térmico 3 mm 2 Metros de Distancia IP54 Grabación en SD
011139;[DS-2XC3646G0H-LIZSU] Hikvision - Cámara Bullet IP [4Mp] Polimero Anticorrosivo (ideal Para Zonas Costeras O Alta Salinidad) Colorvu Dual Light (50 Mts Ir + 50 Mts Luz Blanca) Exterior Ip68 Ik10 Onvif Lente Motorizado 2.7 a 13.5mm
010799;[DS-2XC6047G0-LS(2.8mm)(O-STD)(PA)] Hikvision - Cámara Bullet IP 4MP ColorVu 2.8mm
010869;[DS-2XS2T41G0-ID-4G-C04S05] Hikvision - Kit Solar IP All in One Camara Bullet 4MP lente 4mm
010777;[DS-2XS2T41G1-ID/4G/C05S07(4mm)] Hikvision - Kit Solar IP All in One Doble Detección (Radar + PIR) [4MP] Lente 4 mm Panel Solar Batería de Respaldo de Litio 10Ah 4G Audio de Dos Vías
010920;[DS-2XS3Q47G1-LDH/4G/C18S40(4mm)] Hikvision - Kit Solar IP All in One Cámara PT ColorVu [4Mp] Lente 4 mm Panel Solar Batería de Respaldo de Litio 23.2Ah (Hasta 24 Días) Conexión 4G
021930;[DS-3D501R-3] Hikvision - Receptor de Fibra Gigabit 3 km Puerto RJ45 auto-adaptativo 10/100/1000 Mbps 1 Puerto de Fibra Óptica SC de 1000 Mbps Carcasa Metálica
021929;[DS-3D501T-3] Hikvision - Transmisor de Fibra Gigabit 3 km Puerto RJ45 auto-adaptativo 10/100/1000 Mbps 1 Puerto de Fibra Óptica SC de 1000 Mbps Carcasa Metálica
021606;[DS-3E0103DP-E/R(O-STD)] Hikvision - Extensor PoE+ (30W Entrada) 100 Mbps con 2 Salidas PoE+ (30W Salida) Uso Interior Hasta 2 Cámaras IP
020990;[DS-3E0105D-E(O-STD)/US] Hikvision - Switch de Escritorio de 5 Puertos a 10/100 Mbps
021815;[DS-3E0105D-O(O-STD)] Hikvision - Switch No Administrable de 5 Puertos para Escritorio Fast Ethernet 10/100 Mbps
020308;[DS-3E0105P-E/M(C)(O-STD)] Hikvision - Switch POE 4 Puertos a 10/100 Mbps + 1 Puerto Uplink
021811;[DS-3E0106HP-E(O-STD)] Hikvision - Switch PoE+ No Administrable 3 Puertos 10/100 Mbps 802.3 af/at (30 W) + 1 Puerto 10/100 Mbps Hi-PoE (60 W) 2 Puertos 10/100 Mbps Uplink Modo Extendido hasta 300 Metros 60W
021075;[DS-3E0106P-E/M] Hikvision - Switch POE 4 Puertos a 10/100 Mbps + 2 Puertos 10/100 Mbps Uplink 35W
020991;[DS-3E0108D-E(O-STD)/US] Hikvision - Switch de Escritorio de 8 Puertos a 10/100 Mbps
021814;[DS-3E0108D-O(O-STD)] Hikvision - Switch No Administrable de Escritorio de 8 Puertos Fast Ethernet 10/100 Mbps
020309;[DS-3E0109P-E/M(B)] Hikvision - Switch POE 8 Puertos a 10/100 Mbps + 1 Puerto Uplink
022003;[DS-3E0109P-E/M(C)] Hikvision - Switch POE 8 Puertos a 10/100 Mbps + 1 Puerto Uplink (115W - 300m)
021114;[DS-3E0109P-E] Hikvision - Switch POE 8 Puertos a 10/100 Mbps + 1 Puerto Uplink
021812;[DS-3E0310HP-E(O-STD)] Hikvision - Switch PoE+ No Administrable 7 Puertos 10/100 Mbps 802.3 af/at (30 W) 1 Puerto 10/100 Mbps Hi-PoE (90 W) 2 Puertos 1000 Mbps Uplink Modo Extendido hasta 300 Metros 110W
021076;[DS-3E0310P-E/M] Hikvision - Switch POE 8 Puertos a 10/100 Mbps + 2 Puertos 10/100/1000 Mbps Uplink 30W
020988;[DS-3E0318P-E/M] Hikvision - Switch POE 16 Puertos 10/100 Mbps + 1 Puerto Gigabit + 1 Puerto SFP
020605;[DS-3E0318P-E] Hikvision - Switch POE 16 Puertos 10/100 Mbps + 2 Puertos Gigabit + 2 Puertos SFP
020989;[DS-3E0326P-E/M] Hikvision - Switch POE 24 Puertos 10/100 Mbps + 1 Puerto SFP + 1 Puerto Uplink
020650;[DS-3E0326P-E] Hikvision - Switch POE 24 Puertos 10/100 Mbps + 2 Gigabit Combos
022002;[DS-3E0502P-E] Hikvision - Inyector PoE 1 Puerto Gigabit PoE de Salida (para alimentar el dispositivo) y 1 Puerto Gigabit RJ45 de Entrada (uplink)
021607;[DS-3E0503DP-E/R(O-STD)] Hikvision - Extensor PoE+ (30W Entrada) 1000 Mbps con 2 Salidas PoE+ (30W Salida) Uso Interior Hasta 2 Cámaras IP
021077;[DS-3E0505-E] Hikvision - Switch de Escritorio de 5 Puertos a 10/100/1000 Mbps
020635;[DS-3E0505D-E] Hikvision - Switch de Escritorio de 5 Puertos a Gigabit
021733;[DS-3E0505D-O] Hikvision - Switch de Escritorio No Administrable de 5 Puertos a 10/100/1000 Mbps
020602;[DS-3E0505P-E/M] Hikvision - Switch de Escritorio de 4 Puertos POE Gigabit + 1 Puerto Uplink
022001;[DS-3E0505P-E/M] Hikvision - Switch de Escritorio de 4 Puertos POE Gigabit + 1 Puerto Uplink
021078;[DS-3E0508-E(B)] Hikvision - Switch de Escritorio de 8 Puertos a 10/100/1000 Mbps
021245;[DS-3E0508D-E(O-STD)/US] Hikvision - Switch de Escritorio de 8 Puertos a 10/100/1000 Mbps
020606;[DS-3E0508D-E(O-STD)] Hikvision - Switch 8 Puertos 10/100/1000 Mbps
021734;[DS-3E0508D-O] Hikvision - Switch de Escritorio No Administrable de 8 Puertos a 10/100/1000 Mbps
021244;[DS-3E0508P-O] Hikvision - Switch POE 8 Puertos Gigabit con 4 Puertos POE
020603;[DS-3E0510P-E/M] Hikvision - Switch POE 8 Puertos Gigabit + 1 Puerto Gigabit + 1 Puerto SFP
021079;[DS-3E0516-E(B)] Hikvision - Switch de Escritorio de 16 Puertos a 10/100/1000 Mbps
021611;[DS-3E0516-E(C)] Hikvision - Switch de Escritorio de 16 Puertos a 10/100/1000 Mbps
021789;[DS-3E0516P-O(O-STD)] Hikvision - Switch Gigabit de 16 Puertos con 8 Puertos POE+ 8 Puertos Gigabit
020746;[DS-3E0518P-E/M] Hikvision - Switch POE 16 Puertos Gigabit + 2 Puertos Uplink
021080;[DS-3E0524-E(B)] Hikvision - Switch de Escritorio de 24 Puertos a 10/100/1000 Mbps
021612;[DS-3E0524-E(C)] Hikvision - Switch de Escritorio de 24 Puertos a 10/100/1000 Mbps
020747;[DS-3E0526P-E/M] Hikvision - Switch POE 24 Puertos Gigabit + 2 Puertos Uplink
021229;[DS-3E0526P-E] Hikvision - Switch POE 24 Puertos Gigabit + 1 Puerto Ethernet de Enlace Ascendente + 1 Puerto Uplink SFP
021613;[DS-3E1105P-EI/M-V2] Hikvision - Switch POE+ 4 Puertos a 10/100 Mbps + 1 Puerto Uplink Modo Extendido hasta 300 Metros 45W
020607;[DS-3E1105P-EI] Hikvision - Switch POE 4 Puertos a 10/100 Mbps + 1 Puerto Uplink
021456;[DS-3E1106HP-EI(O-STD)] Hikvision - Switch POE 2 Puertos 10/100 PoE RJ45 + 2 Puertos 10/100 Ethernet RJ45
021081;[DS-3E1309P-EI/M] Hikvision - Switch Monitoreable POE 8 Puertos a 10/100 Mbps + 1 Puerto 10/100/1000 Mbps Uplink 110W
021455;[DS-3E1310HP-EI(O-STD)] Hikvision - Switch POE 2 Puertos Gigabit Puertos POE + 8 Puertos 10/100 PoE RJ45
021382;[DS-3E1310P-SI]  Hikvision - Switch PoE Administrable de Rack 1U 8 Puertos a Gigabit
021385;[DS-3E1318P-EI/M(O-STD)]  Hikvision - Switch 16 Puertos Poe - 2 Puertos 1000 Mbps + 2 Puertos SFP
021383;[DS-3E1326P-EI/M(O-STD)]  Hikvision - Switch Smart PoE Fast Internet de 24 Puertos
021810;[DS-3E1505P-EI(O-STD)] Hikvision - Switch Gigabit PoE+ Administrable 4 Puertos 1000 Mbps PoE+ 1 Puerto 1000 Mbps Uplink Configuración Nube Hik-PartnerPro Modo Extendido hasta 300 Metros 60W
021458;[DS-3E1505P-EI/M(O-STD)] Hikvision - Switch Smart PoE Gigabit de 4 Puertos
021896;[DS-3E1506P-EI/M(O-STD)] Hikvision - Switch Gigabit PoE Administrable 4 Puertos 1000 Mbps PoE + 2 Puertos 1000 Mbps RJ45 45W
021608;[DS-3E1510P-EI/M(O-STD)] Hikvision - Switch Gigabit PoE+ Administrable 8 Puertos 1000 Mbps PoE+ 2 Puertos 1000 Mbps de Uplink Configuración Nube Hik-PartnerPro Modo Extendido hasta 300 Metros 60W
021246;[DS-3E1510P-SI] Hikvision - Switch POE 8 Puertos Gigabit Puertos POE + 2 Puerto Fibra Optica Gigabit
021384;[DS-3E1518P-EI/M] Hikvision - Switch Gigabit Administrable 16 Puertos PoE / 1 Puerto UPLINK / 1 SFP
021247;[DS-3E1518P-SI] Hikvision - Switch POE 16 Puertos Gigabit Puertos POE + 2 Puerto Fibra Optica Gigabit
021349;[DS-3E1526P-EI/M] Hikvision - Switch Gigabit Administrable POE 24 Puertos a 10/100/1000 Mbps + 1 Puerto Gigabit + 1 Puerto SFP
021117;[DS-3E1526P-SI] Hikvision - Switch Administrable POE 24 Puertos a 10/100/1000 Mbps + 2 Puertos SFP 370W
021813;[DS-3E1552P-SI(O-STD)] Hikvision - Switch PoE+ Administrable 48 Puertos 1000 Mbps PoE+ 2 Puertos 1000 Mbps Uplink 2 Puertos SFP 470W
020941;[DS-3E2318P] Hikvision - Switch POE Gestionable 16 Puertos POE con 2 Puertos Gigabit + Como Puertos Uplink
020992;[DS-3E2528] Hikvision - Switch Gigabit Administrable 24 Puertos 10/100/1000 Mbps 4 Puertos SFP de Uplink
021609;[DS-3E3730(O-STD)] Hikvision - Switch Core Gigabit Administrable Capa 3 24 Puertos 1000 Mbps 6 Puertos SFP+ 10 G de Uplink IGMP VLAN GRMP
021610;[DS-3E3740(O-STD)] Hikvision - Switch Core Gigabit Administrable Capa 3 32 Puertos 1000 Mbps 8 Puertos SFP+ 10 G de Uplink IGMP VLAN GRMP
020942;[DS-3T0306HP-E/HS] Hikvision - Switch Industrial No Administrable 3 Puertos Gigabit PoE (30 W) + 1 Puerto Gigabit PoE (60 W) + 2 Puertos SFP (65W)
021451;[DS-3T1512HP-SI-8P4F(O-STD)/No Power unit] Hikvision - Switch Industrial Administrable Gigabit 6 Puertos Gigabit PoE+ 30W + 2 Puertos Gigabit PoE++ (60 W) 2 Puertos SFP 120W Total 48 a 57 VCD 
021347;[DS-3WAP522-SI] Hikvision - Punto de Acceso Omnidireccional de Techo o Pared WiFi5 PoE Interior 1200 Mbps 20 dBi
021348;[DS-3WAP622G-SI] Hikvision - Punto de Acceso Omnidireccional de Techo o Pared WiFi 6 Gigabit PoE Interior 1775 Mbps 20 dBi
020608;[DS-3WF01C-2N] Hikvision - Punto de Acceso CPE Inalambrico Ascensores de 6dBi en 2.4Ghz a 300Mbps
021452;[DS-3WF02-5AC/D(O-STD)] Hikvision - Kit de Puente Inalámbrico 5Ghz 867Mbps 5KM
020648;[DS-3WF03C-D] Hikvision - Punto de Acceso PTP Y PTMP en 5 GHz 300 Mbps Antena Sectorial H:40° MIMO 2X2 15dBi
021614;[DS-3WF0BC-2NT] Hikvision - Kit Completo (Transmisor - Receptor) para Enlace PTP en 2.4 GHz Aplicación para Elevadores Antena Integrada de 7 dBi 2 x 2 MIMO Autoajuste de Potencia 200 Metros de Distancia
021615;[DS-3WF0FC-2N/O] Hikvision - Punto de Acceso (AC) PTP y PTMP en 5 GHz Hasta 867 Mbps Antena Sectorial de H: 35 MIMO 2X2 12 dBi de Ganancia Uso en Exterior
021788;[DS-3WF3000-EI-5AC/P(O-STD)] Hikvision - Kit Punto de Acceso (AC) PTP y PTMP en 5 GHz PoE Hasta 867 Mbps Salida PoE (Alimenta una Cámara) Antena Sectorial de H: 50 MIMO 2X2 8 dBi de Ganancia Uso en Exterior
010836;[DS-4604ZJ-PAAC(O-STD)] Hikvision - Montaje en Pared 124 mm × 189 mm × 397 mm
010554;[DS-6908UDI(C)(STD)] Hikvision - Decodificador de Vídeo de 8 Salidas HDMI 4K Soporta hasta 64 Canales de Vídeo Simultáneos Videowall
061165;[DS-6910UDI(C)(STD)] Hikvision - Decodificador de Vídeo de 10 Salidas HDMI 4K Soporta hasta 160 Canales de Vídeo Simultáneos Videowall
010555;[DS-6916UDI] Hikvision - Decodificador de Vídeo de 16 Salidas HDMI 4K Soporta hasta 128 Canales de Vídeo Simultáneos Videowall
010304;[DS-7104HGHI-K1] Hikvision - DVR 1080P [2MP] Lite Pentahibrido 4 Canales TurboHD + 1 Canal IP
010437;[DS-7104HGHI-M1] Hikvision - DVR 1080P [2MP] Lite Pentahibrido 4 Canales TurboHD + 1 Canal IP
010265;[DS-7104HQHI-K1] Hikvision - DVR 1080P [2MP] Lite Pentahibrido 4 Canales TurboHD + 1 Canales IP
010661;[DS-7104HUHI-K1] Hikvision - DVR 4K [8MP] Pentahibrido 4 Canales TurboHD + 2 Canales IP
011083;[DS-7104NI-Q1/4P(STD)(D)] Hikvision - NVR 2K [4MP] 4 Canales IP 4 Puertos POE
010243;[DS-7104NI-Q1/4P] Hikvision - NVR 2K [4MP] 4 Canales IP 4 Puertos POE
010882;[DS-7104NI-S1/W] Hikvision - NVS (Hub) [4Mp] 4 Canales IP Soporta Memoria Micro SD de 512 GB 2 Antenas WiFi Se Conecta a Hik-Connect
010302;[DS-7108HGHI-K1] Hikvision - DVR 1080P [2MP] Lite Pentahibrido 8 Canales TurboHD + 2 Canales IP
011071;[DS-7108HGHI-M1/T(STD)] Hikvision - DVR 1080P [2MP] Lite Pentahibrido 8 Canales TurboHD + 2 Canales IP
010436;[DS-7108HGHI-M1] Hikvision - DVR 1080P [2MP] Lite Pentahibrido 8 Canales TurboHD + 2 Canales IP
010204;[DS-7108HQHI-K1] Hikvision - DVR 2K [4MP] Pentahibrido 8 Canales TurboHD + 2 Canales IP
010817;[DS-7108NI-Q1/8P(STD)(C)] Hikvision - NVR 2K [4MP] 8 Canales IP 8 Puertos POE
010307;[DS-7108NI-Q1/8P(STD)(D)] Hikvision - NVR 2K [4MP] 8 Canales IP 8 Puertos POE
010169;[DS-7116HGHI-K1] Hikvision - DVR 1080P [2MP] lite Pentahibrido 16 Canales TurboHD + 2 Canales IP
010893;[DS-7116HGHI-M1(STD)(E)] Hikvision - DVR 1080P [2MP] Lite Pentahibrido 16 Canales TurboHD + 2 Canales IP
011067;[DS-7116HGHI-M1(STD)(F)] Hikvision - DVR 1080P [2MP] Lite Pentahibrido 16 Canales TurboHD + 2 Canales IP
011069;[DS-7116HGHI-M1/T(STD)] Hikvision - DVR 1080P [2MP] Lite Pentahibrido 16 Canales TurboHD + 2 Canales IP
010467;[DS-7116HGHI-M1] Hikvision - DVR 1080P [2MP] Lite Pentahibrido 16 Canales TurboHD + 2 Canales IP
010198;[DS-7116HQHI-K1] Hikvision - DVR 2K [4MP] Pentahibrido 16 Canales TurboHD + 2 Canales IP
010865;[DS-7204HGHI-F1(S)] Hikvision - DVR 1080P [2MP] Lite Pentahibrido 4 Canales TurboHD + 1 Canales IP
010622;[DS-7204HGHI-K1] Hikvision - DVR 1080P [2MP] Lite Pentahibrido 4 Canales TurboHD + 1 Canales IP
010468;[DS-7204HGHI-M1] Hikvision - DVR 1080P [2MP] Lite Pentahibrido 4 Canales TurboHD + 1 Canal IP
010266;[DS-7204HQHI-K1] Hikvision - DVR 2K [4MP] Pentahibrido 4 Canales TurboHD + 2 Canales IP
010300;[DS-7208HGHI-K1] Hikvision - DVR 1080P [2MP] Lite Pentahibrido 8 Canales TurboHD + 2 Canales IP
011075;[DS-7208HGHI-M1/T(STD)] Hikvision - DVR 1080P [2MP] Lite Pentahibrido 8 Canales TurboHD + 2 Canales IP
010438;[DS-7208HGHI-M1] Hikvision - DVR 1080P [2MP] Lite Pentahibrido 8 Canales TurboHD + 2 Canales IP
010192;[DS-7216HGHI-K1] Hikvision - DVR 1080P [2MP] Pentahibrido 16 Canales TurboHD + 2 Canales IP
010890;[DS-7216HGHI-M1(STD)(E)] Hikvision - DVR 1080P [2MP] Lite Pentahibrido 16 Canales TurboHD + 2 Canales IP
010061;[DS-7216HGHI-M1(STD)(F)] Hikvision - DVR 1080P [2MP] Lite Pentahibrido 16 Canales TurboHD + 2 Canales IP
010469;[DS-7216HGHI-M1] Hikvision - DVR 1080P [2MP] Lite Pentahibrido 16 Canales TurboHD + 2 Canales IP
010205;[DS-7216HUHI-K2] Hikvision - DVR 4K [8MP] Pentahibrido 16 Canales 4K TurboHD + 16 Canales IP
010866;[DS-7216HUHI-M2/X] Hikvision - DVR 4K [8MP] 16 Canales TurboHD + 16 Canales IP
010223;[DS-7224HGHI-K2] Hikvision - DVR 1080P [2MP] Lite Pentahibrido 24 Canales TurboHD + 2 Canales IP
010921;[DS-7232HGHI-M2] Hikvision - DVR 1080P [2MP] Lite Pentahibrido 32 Canales TurboHD + 2 Canales IP Acusense Audio por Coaxitron
010556;[DS-7332HQHI-K4] Hikvision - DVR 2K [4MP] Pentahibrido 32 Canales TurboHD + 2 Canales IP
010267;[DS-7332HUHI-K4] Hikvision - DVR 4K [8MP] Pentahibrido 32 Canales TurboHD + 16 Canales IP
010408;[DS-7604NI-Q1/4P(STD)(D)] Hikvision - NVR 4K [8MP] 4 Canales IP 4 Puertos POE Salida de vídeo 4K
010922;[DS-7604NXI-K1/4P(D)] Hikvision - NVR 4K [8MP] 4 Canales IP 4 Puertos POE Salida de vídeo 4K AcuSense
010714;[DS-7604NXI-K1/4P] Hikvision - NVR 4K [8MP] 4 Canales IP 4 Puertos POE Salida de vídeo 4K AcuSense
010424;[DS-7608NI-K1] Hikvision - NVR 4K [8MP] 8 Canales IP Salida de vídeo 4K
010405;[DS-7608NI-K2/8P] Hikvision - NVR 4K [8MP] 8 Canales IP 8 Puertos POE Salida de vídeo 4K
010151;[DS-7608NI-K2] Hikvision - NVR 4K [8MP] 8 Canales IP Salida de vídeo 4K
010713;[DS-7608NI-Q1/8P] Hikvision - NVR 4K [8MP] 8 Canales IP 8 Puertos POE Salida de vídeo 4K AcuSense
010657;[DS-7608NI-Q1] Hikvision - NVR 4K [8MP] 8 Canales IP Salida de vídeo 4K
010816;[DS-7608NI-Q2/8P(STD)(C)] Hikvision - NVR 4K [8MP] 8 Canales IP 8 Puertos POE Salida de vídeo 4K
010244;[DS-7608NI-Q2/8P(STD)(D)] Hikvision - NVR 4K [8MP] 8 Canales IP 8 Puertos POE Salida de vídeo 4K
010685;[DS-7608NI-Q2] Hikvision - NVR 4K [8MP] 8 Canales IP Salida de vídeo 4K
011152;[DS-7608NXI-I2/8P/Vpro] Hikvision - NVR [32Mp] (8K) Reconocimiento Facial 8 Canales IP 8 Puertos PoE+ 2 Bahías de Disco Duro HDMI en 4K Acusense Soporta POS AcuSearch AcuSeek
011151;[DS-7608NXI-K1/8P(D)] Hikvision - NVR 4K [8MP] 8 Canales IP 8 Puertos POE Salida de vídeo 4K
010712;[DS-7608NXI-K1/8P] Hikvision - NVR 4K [12MP] 8 Canales IP 8 Puertos POE Salida de vídeo 4K
010738;[DS-7608NXI-K2/8P] Hikvision - NVR 4K [8MP] 8 Canales IP / 8 Puertos PoE / Soporta Cámaras con AcuSense
010629;[DS-7616NI-I2/16P] Hikvision - NVR 4K [8MP] 16 Canales IP 16 Puertos POE Salida de vídeo 4K
010557;[DS-7616NI-K1] Hikvision - NVR 4K [8MP] 16 Canales IP Salida de vídeo 4K
010284;[DS-7616NI-K2/16P] Hikvision - NVR 4K [8MP] 16 Canales IP 16 Puertos POE Salida de vídeo 4K
010152;[DS-7616NI-K2] Hikvision - NVR 4K [8MP] 16 Canales IP Salida de vídeo 4K
011058;[DS-7616NI-M2/16P(STD)] Hikvision - NVR 8K 16 Canales IP 16 Puertos POE
010283;[DS-7616NI-Q2/16P] Hikvision - NVR 4K [8MP] 16 Canales IP 16 Puertos POE Salida de vídeo 4K
010465;[DS-7616NI-Q2] Hikvision - NVR 4K [8MP] 16 Canales IP Salida de vídeo 4K
010908;[DS-7616NXI-K2(D)(STD)] Hikvision - NVR 4K [8MP] 16 Canales IP Salida de vídeo 4K AcuSense
010923;[DS-7616NXI-K2/16P(D)] Hikvision - NVR 4K [8MP] 16 Canales IP 16 Puertos POE Salida de vídeo 4K AcuSense
010559;[DS-7616NXI-K2/16P] Hikvision - NVR 4K [8MP] 16 Canales IP 16 Puertos POE Salida de vídeo 4K AcuSense
010558;[DS-7616NXI-K2] Hikvision - NVR 4K [8MP] 16 Canales IP Salida de vídeo 4K AcuSense
010560;[DS-7716NI-I4/16P] Hikvision - NVR 4K [12MP] 16 Canales IP 16 Puertos POE Salida de vídeo 4K
010355;[DS-7716NI-K4/16P] Hikvision - NVR 4K [8MP] 16 Canales IP 16 Puertos POE Salida de vídeo 4K
010462;[DS-7716NI-Q4/16P] Hikvision - NVR 4K [8MP] 16 Canales IP 16 Puertos POE Salida de vídeo 4K
010686;[DS-7716NXI-K4/16P] Hikvision - NVR 4K [12MP] 16 Canales IP 16 Puertos POE Salida de vídeo 4K AcuSense
010423;[DS-7732NI-I4/16P] Hikvision - NVR 4K [12MP] 32 Canales IP 16 Puertos POE Salida de vídeo 4K
010428;[DS-7732NI-I4/24P] Hikvision - NVR 4K [12MP] 32 Canales IP 24 Puertos POE Salida de vídeo 4K
010356;[DS-7732NI-K4/16P] Hikvision - NVR 4K [8MP] 32 Canales IP 16 Puertos POE Salida de vídeo 4K
010503;[DS-7732NI-K4] Hikvision - NVR 4K [8MP] 32 Canales IP Salida de vídeo 4K
010561;[DS-7732NI-M4/16P] Hikvision - NVR 4K [32MP] 32 Canales IP 16 Puertos POE Salida de vídeo 4K AcuSense
010461;[DS-7732NXI-I4/16P/S] Hikvision - NVR 4K [12MP] 32 Canales IP 16 Puertos POE Salida de vídeo 4K AcuSense
010839;[DS-7732NXI-K4(D)(STD)] Hikvision - NVR 4K [12MP] 32 Canales IP Salida de vídeo 4K AcuSense
010897;[DS-7732NXI-K4(D)(STD)] Hikvision - NVR 4K [8MP] 32 Canales IP VGA, HDMI, 4 Sata hasta 10TB
010909;[DS-7732NXI-K4/16P(D)(STD)] Hikvision - NVR 4K [12MP] 32 Canales IP 16 Puertos POE+ Salida de vídeo 4K AcuSense Switch PoE 300 mts Alarmas I/O
010460;[DS-7732NXI-K4/16P] Hikvision - NVR 4K [12MP] 32 Canales IP 16 Puertos POE Salida de vídeo 4K AcuSense
010459;[DS-7732NXI-K4] Hikvision - NVR 4K [12MP] 32 Canales IP Salida de vídeo 4K AcuSense
010562;[DS-9000AI-S16-D] Hikvision - NVR 4K [12MP] 128 Canales IP Doble Placa 16 Sata Raid 16 Alarma
010564;[DS-96128NI-I16] Hikvision - NVR 4K [12MP] 128 Canales IP 16 Sata Raid 16 Alarma
011091;[DS-96128NI-M16(STD)] Hikvision - NVR 32 Megapixel (8K) 128 Canales IP AcuSense ANPR Conteo de Personas 16 Bahías de Disco Duro 2 Tarjetas de Red Soporta RAID con Hot Swap 2 HDMI en 8K POS Alarmas I/O Smart Search
010743;[DS-96256NI-I16] Hikvision - NVR 4K [12MP] 256 Canales IP 16
010565;[DS-96256NI-I24/H] Hikvision - NVR 4K [12MP] 256 Canales IP 24 Sata Hot Plug 16 Alarma Video Wall 6 HDMI
010063;[DS-9632NI-M8(STD)] Hikvision - NVR 32 Megapixel (8K) 32 Canales IP AcuSense ANPR Conteo de Personas Heat Map 8 Bahías de Disco Duro 2 Tarjetas de Red Soporta RAID con Hot Swap 2 HDMI en 8K Soporta POS Alarmas I/O ACU
010566;[DS-9664NI-I16] Hikvision - NVR 4K [12MP] 64 Canales IP 16 Sata Raid 16 Alarma
010567;[DS-9664NI-I8] Hikvision - NVR 4K [12MP] 64 Canales IP 8 Sata Raid 16 Alarma AcuSense 2 Puertos de Red Soporta POS
010721;[DS-9664NI-M8] Hikvision - NVR 8K [32MP] / 64 Canales IP / AcuSense
020943;[DS-A71024R] Hikvision - Servidor de Almacenamiento en Red Soporta 24 Discos Duros RAID iSCSI Graba 320 Canales IP Controlador Simple
061429;"[DS-D2046EL-0A(O-STD)(1 IN 1 Package)] Hikvision - Pantalla LCD de 46"" y 1,7 mm Entrada de señal 4K Bucle Automático de hasta 30 Pantallas con Interfaces HDMI"
060940;"[DS-D2046LU-Y] Hikvision - Monitor LCD Full HD 4K de 46"" Uso 24-7 Entradas VGA×1 HDMI×1 DVI×1 DP×1 USB×1 Compatible VESA"
061538;"[DS-D2046TL-1B(O-STD)] Hikvision - Pantalla LCD 46"" para TV WALL Entrada HDMI - VGA - DVI - DP Monitor Robusto Bisel Delgado (2.5 mm) Soportan Daisy Chain (Conexión en Cadena sin Software)"
061125;[DS-D2049LU-Y(O-STD)(1 IN 1 Package)] Hikvision - Video Wall Pantalla LCD de 49 pulgadas y 3,5 mm
061433;"[DS-D2055HR-G(O-STD)(1 IN 1 Package)] Hikvision - Pantalla LCD 55"" para Videowall Entrada HDMI - VGA - DVI - DP Monitor Robusto 0.88 mm GAP Daisy Chain (Conexion en Cadena sin Software)"
061161;"[DS-D2055UL-1B] Hikvision - Pantalla LCD 55"" para Videowall Entrada HDMI - VGA - DVI - DP Monitor Robusto Bisel Delgado (3.5 mm) Daisy Chain (Conexion en Cadena sin Software)"
061127;[DS-D4215MI-070H(B)] Hikvision - Poster Led de Piso 3rd Gen P1.5 Poster
010630;[DS-D42B02-N] Hikvision - Controlador LED Capacidad de Carga de Hasta 1.300.000 píxeles
060941;[DS-D42C08-H] Hikvision - Controlador para Videowall 4K (3840 X 1080) 8 Salidas de Video Compatible con Pantallas LED para Interior Compatible con DS-D4418FI-CAF y DS-D4425FI-CAF
010631;[DS-D4426RI-CBF] Hikvision - Pantalla LED para Interiores Modular SMD 3-in-1 P2.6 Tamaño De Píxel 2.6 mm
060201;"[DS-D5019QE-B] Hikvision - Monitor LCD Profesional de 18.5"" Resolución 1366 x 768p Entradas de Vídeo HDMI/VGA Compatible con VESA"
061353;"[DS-D5022F2-1V1] Hikvision - Monitor LED Full HD (1080p) de 21.5"" Entrada HDMI/VGA Compatible VESA (75x75) Uso 16/7 Backlight E-LED Ultra Delgado"
061625;"[DS-D5022F2-1V2(O-STD)(American)] Hikvision - Monitor LED Full HD (1080p) de 21.5"" Entrada HDMI/VGA Compatible VESA (75x75) Uso 16/7 Backlight E-LED Ultra Delgado"
060828;"[DS-D5022FN-C] Hikvision - Monitor LED Full HD de 22"" Uso 24-7 Entrada HDMI/VGA Compatible VESA"
060346;"[DS-D5022QE-E] Hikvision - Monitor LED HDMI VGA 22"""
061164;"[DS-D5024F2-AV2(O-STD)(US)] Hikvision - Monitor VA FHD de 23,8"" 100 Hz 1920x1080 de 8 bits HDMI/VGA Soporte VESA"
061626;"[DS-D5024F2-BP2(O-STD)(US)] Hikvision - Monitor VA FHD de 23,8"" 100 Hz 1920x1080 de 8 bits HDMI/VGA Soporte VESA"
060829;"[DS-D5024FN-B] Hikvision - Monitor LED Full HD de 24"" Uso 24-7 Entrada HDMI/VGA Compatible VESA"
061045;"[DS-D5024FN11] Hikvision - Monitor LED Full FHD IPS de 24"" Uso 24-7 Entrada HDMI/VGA Compatible VESA"
061667;"[DS-D5027F2-1P2] Hikvision - Monitor LED Full HD de 27"" Uso 24-7 Entrada HDMI y VGA Compatible VESA"
060938;"[DS-D5027FN] Hikvision - Monitor LED Full HD de 27"" Uso 24-7 Entrada HDMI Compatible VESA"
061348;"[DS-D5032F3-1V0S(American Standard)] Hikvision - Monitor LED 32"" 2 Altavoces Potentes Entradas HDMI y VGA Uso 7-12 Montaje VESA (100 X 100) Calibración Inteligente de Imagen"
061166;"[DS-D5032F3-1V0S/British Standard] Hikvision - Monitor LED 32"" 2 Altavoces Potentes Entradas HDMI y VGA Uso 7-12 Montaje VESA (100 X 100) Calibración Inteligente de Imagen"
060830;"[DS-D5032QE] Hikvision - Monitor LED Full HD con Altavoces de 32"" Uso 24-7 Entrada HDMI/VGA Compatible VESA"
060831;"[DS-D5043QE] Hikvision - Monitor LED Full HD con Altavoces de 43"" Uso 24-7 Entrada HDMI/VGA Compatible VESA"
060834;"[DS-D5050UC-C] Hikvision - Monitor LED Full HD 4K con Altavoces de 50"" Uso 24-7 Entrada HDMI/VGA Compatible"
060806;"[DS-D5ABKY2-B] Hikvision - Soporte Móvil para Pantallas Interactivas de 86"" de Acero Gris Plata"
060805;"[DS-D5ABKY2-S] Hikvision - Soporte Móvil para Pantallas Interactivas de 55"" 65"" y 75"" de Acero Gris Plata"
060797;"[DS-D5B55RB/A]  Hikvision - Pantalla Interactiva Tactil Ultra HD 4K 3840 × 2160 de 55"" [Incluye Base de Pared]"
060801;"[DS-D5B55RB/B]  Hikvision - Pantalla Interactiva Tactil Ultra HD 4K 3840 × 2160 de 55"" con Cámara y Microfono [Incluye Base de Pared]"
060943;"[DS-D5B65RB/D] Hikvision - Pantalla Interactiva Tactil Android 11Ultra HD 4K 3840 × 2160 de 65"" con Cámara y Microfono [Incluye Base de Pared]"
061441;"[DS-D5B65RB/EL] Hikvision - Pantalla Interactiva Tactil Android 13 Ultra HD 4K 3840 × 2160 de 65"""
060945;"[DS-D5B75RB/D] Hikvision - Pantalla Interactiva Tactil Android 11 Ultra HD 4K 3840 × 2160 de 75"" con Cámara y Microfono [Incluye Base de Pared]"
060956;"[DS-D5B86RB/D] Hikvision - Pantalla Interactiva Tactil Android 11 Ultra HD 4K 3840 × 2160 de 86"" [Incluye Base de Pared]"
061305;"[DS-D5B86RB/EL] Hikvision - Pantalla Interactiva Tactil Android 11 Ultra HD 4K 3840 × 2160 de 86"" [Incluye Base de Pared]"
061442;"[DS-D5C65RB/A(EDLA)] Hikvision - Pantalla Interactiva Tactil Android 13 Ultra HD 4K 3840 × 2160 de 65"" sin camara"
061044;"[DS-D5C65RB/B(EDLA)] Hikvision - Pantalla Interactiva Tactil Ultra HD 4K 3840 × 2160 de 65"" con Cámara y Microfono [Incluye Base de Pared]"
061015;"[DS-D5C65RB/B]  Hikvision - Pantalla Interactiva Tactil Ultra HD 4K 3840 × 2160 de 65"" con Cámara y Microfono [Incluye Base de Pared]"
061304;"[DS-D5C75RB/B(EDLA)] Hikvision - Pantalla Interactiva Tactil Ultra HD 4K 3840 × 2160 de 75"" con Cámara y Microfono [Incluye Base de Pared]"
061016;"[DS-D5C75RB/B]  Hikvision - Pantalla Interactiva Tactil Ultra HD 4K 3840 × 2160 de 75"" con Cámara y Microfono [Incluye Base de Pared]"
061438;"[DS-D5C86RB/B(EDLA)] Hikvision - Pantalla Interactiva Touch de 86"" Android 13 (Actualizable a Android 14) Certificado EDLA Camara Web 8 MP Resolucion 4k"
061101;"[DS-D5C86RB/B]  Hikvision - Pantalla Interactiva Tactil Android 13 Ultra HD 4K 86"" con Cámara y Microfono [Incluye Base de Pared]"
060835;"[DS-D6032FN-B] Hikvision - Pantalla LED Full HD con Altavoces de 32"" Uso 24-7 Entrada HDMI/VGA Android 8.1"
060978;"[DS-D6043UL-B/S] Hikvision - Pantalla de 43"" 4K para Publicidad Digital Base para Piso (Totem) Puertos USB Entrada de Video HDMI y VGA WiFi Altavoz Integrada"
060977;"[DS-D6055UL-B/S] Hikvision - Pantalla de 55"" 4K para Publicidad Digital Base para Piso (Totem) Puertos USB Entrada de Video HDMI y VGA "
090105;[DS-D60C-B] Hikvision - Caja de Publicidad Digital Salida HDMI 2 Entradas USB 1 Entrada Micro SD Bluethooth 4.0 WiFi
061010;[DS-DM1940W] Hikvision - Montaje de Pred Universal para Pantallas Compatible VESA 100 x 100 / 200 x 200 Color Nergro
061011;[DS-DM4255W] Hikvision - Montaje de Pred Universal para Pantallas Compatible VESA 100 x 100 / 200 x 200 / 400 x 300 / 400 x 400 Color Nergro
061432;[DS-DN4601W] Hikvision - Soporte de Pared VESA 600(H)mm × 400(V)mm  Dimensiones (W×H×D) 736mm × 577.5mm × 65mm (28.98'' × 22.74'' × 2.56'')
061349;[DS-DN4655W/U-T1] Hikvision - Soporte/Base de Pared para Monitores Vesa 600(H)mm×400(V) mm Medidas 762mm×523mm×85 mm
060939;[DS-DN4655W/U] Hikvision - Soporte/Base de Pared para Monitores Vesa 600(H)mm×400(V) mm Medidas 762mm×523mm×85 mm
061431;[DS-DN46C2M/B] Hikvision - Soporte Modular Dimensiones (W×H×D) 1022mm × 800mm × 830mm (40.24'' × 31.5'' × 32.68'')
061430;[DS-DN46T1M/F] Hikvision - Soporte Modular VESA 600(H)mm × 400(V)mm Dimensiones (W×H×D) 796mm × 577mm × 200mm (31.34'' × 22.72'' × 7.87'')
061126;[DS-DN4901W] Hikvision - Soporte de pared Pantalla LCD VESA 600(H)mm x 400(V)mm
061162;"[DS-DN5501W-U1] Hikvision - Montaje para Pared Compatible con Monitor de 55"" Especial para Videowall Compatible con DS-D2055NL-B/G - DS-D2055LU-Y"
010439;[DS-E04HGHI-B] Hikvision - eDVR 1080P [2MP] Lite Pentahibrido 4 Canales TurboHD + 1 Canal IP eSSD Incluido [300 GB]
010764;[DS-E04NI-Q1/4P(SSD1T)] Hikvision - NVR + SSD [4MP] 4 Canales IP 4 Puertos PoE 1 SSD de 1 TB AcuSense Diseño Compacto y Cero Ruido
010440;[DS-E08HGHI-B] Hikvision - eDVR 1080P [2MP] Lite Pentahibrido 8 Canales TurboHD + 2 Canales IP eSSD Incluido [480 GB]
010765;[DS-E08NI-Q1/8P(SSD1T)] Hikvision - NVR + SSD [4MP] 8 Canales IP 8 Puertos PoE 1 SSD de 1 TB AcuSense Diseño Compacto y Cero Ruido
010568;[DS-HilookI-DVR-204Q-K1] HiLook - DVR 1080P [2MP] Lite Pentahibrido 4 Canales TurboHD + 2 Canales IP
090183;[DS-K1104MK] Hikvision - Lector de Tarjetas MIFARE y Contraseñas Wiegand W26 - W34 y RS-485 IP65 IK10 Estetico y Facil de Utilizar Indicador LED
090184;[DS-K1104M] Hikvision - Lector de Tarjetas MIFARE Wiegand W26 - W34 y RS-485 IP65 IK10 Estetico y Facil de Utilizar Indicador LED
090433;[DS-K1105EMB] Hikvision - Lector de Tarjetas PRO M1 y EM [125 KHz] Slim Sin Teclado
090435;[DS-K1105EMKB-QR] Hikvision - Lector de Tarjetas PRO EM [125 KHz] con Teclado y Escáner de Código QR
090434;[DS-K1105EMKB] Hikvision - Lector de tarjetas PRO M1 y EM [125 KHz] con Teclado Numérico
090086;[DS-K1107AE] Hikvision - Lector de tarjetas EM [Frecuencia: 125 KHz] Protocolo RS-485, OSDP y Wiegand [W26/W34]
090087;[DS-K1107AM] Hikvision - Lector de tarjetas Mifare [Frecuencia: 13,56 KHz] Protocolo RS-485, OSDP y Wiegand [W26/W34]
090119;[DS-K1108AE] Hikvision - Lector de Tarjetas Proximidad Mifare Protocolo RS-485 Wiegand [W26, W34] y OSDP
090190;[DS-K1108AMK] Hikvision - Lector de Tarjetas Proximidad Pro 1108A Series
090123;[DS-K1108AM] Hikvision - Lector de Tarjetas Proximidad Mifare Protocolo RS-485 Wiegand [W26, W34] y OSDP
090274;[DS-K1109DKB-QR(STD)] Hikvision - Lector de Tarjetas PROX EM y de Códigos QR Teclado para Contraseña Compatible con Controladores DSK2600 Series Hikvision Comunicación RS485 y WIEGAND
090235;[DS-K1109DKFB] Hikvision - Lector de Tarjetas
090275;[DS-K1109EKFB(STD)] Hikvision - Lector de Tarjetas PROX EM Teclado para Contraseña Compatible con Controladores DSK2600 Series Hikvision Comunicación RS485 y WIEGAND
090046;[DS-K1200MF] Hikvision - Lector de Tarjetas/Huellas Mifare RS-485
090089;[DS-K1201AEF] Hikvision - Lector de huellas y tarjetas EM Protocolo RS-485
090075;[DS-K1201AMF] Hikvision - Lector de Tarjetas/Huellas M1 RS-485
090057;[DS-K1801E] Hikvision - Lector de Tarjetas Proximidad EM Wiegand
090058;[DS-K1802E] Hikvision - Lector de Tarjetas Proximidad EM Wiegand
090076;[DS-K1802M] Hikvision - Lector de Tarjetas MIFARE Wiegand
090096;[DS-K1A340WX] Hikvision - Control de Asistencia WiFi/Touch con Reconocimiento Facial
090118;[DS-K1A802AEF] Hikvision - Control Biometrico de Asistencia TCP/IP y Wifi
090070;[DS-K1A8503EF] Hikvision - Control Biometrico de Asistencia
090093;[DS-K1A8503MF-B] Hikvision - Control Biometrico de Asistencia TCP/IP
090053;[DS-K1A8503MF] Hikvision - Control Biometrico de Asistencia
090107;[DS-K1F100-D8E] Hikvision - Enrolador USB de Tarjetas para iVMS-4200
090121;[DS-K1F600U-D6E-F] Hikvision - Enrolador IP de Rostros, Huellas y Tarjetas [MIFARE y EM] para iVMS-4200
090106;[DS-K1F820-F] Hikvision - Enrolador USB de Huellas para iVMS-4200
090233;[DS-K1T320EFWX(O-STD)] Hikvision - Terminal de Reconocimiento Facial + tarjeta + huella Pantalla Tactil LCD
090237;[DS-K1T320EFWX-B(O-STD)] Hikvision - Terminal de Reconocimiento Facial +Tarjeta  + Huella Pantalla Tactil
090134;[DS-K1T320EFX] Hikvision - Terminal Min Moe Facial Tarjetas EM y Huella para Control de Acceso o Asistencia
090135;[DS-K1T320EWX] Hikvision - Terminal Min Moe WiFi Facial y Tarjetas EM para Control de Acceso o Asistencia
090234;[DS-K1T320MFWX(O-STD)] Hikvision - Terminal de Reconocimiento Facial + tarjeta + huella Pantalla Tactil LCD
090232;[DS-K1T320MFWX-B] Hikvision - Terminal de Reconocimiento Facial + tarjeta + huella Pantalla Tactil LCD
090136;[DS-K1T320MFX] Hikvision - Terminal Min Moe Facial Tarjetas MIFARE y Huella para Control de Acceso o Asistencia
090133;[DS-K1T320MWX] Hikvision - Terminal Min Moe WiFi Facial y Tarjetas MIFARE para Control de Acceso o Asistencia
090239;[DS-K1T321EFWX-B] Hikvision - Terminal de Acceso Facial Serie Value
090210;[DS-K1T321EFWX] Hikvision - Terminal Min Moe Wifi Facial Tarjeta Mifare Control de Acceso o Asistencia/ 500 Rostros y Lector de Tarjetas PROX EM
090302;[DS-K1T321MFWX-B(O-STD)/S] Hikvision - Terminal Facial Min Moe WIFI con Batería de Respaldo Acceso y Asistencia 500 Rostros y Lector de Tarjetas MIFARE HIK-IA
090238;[DS-K1T321MFWX-B] Hikvision - Terminal de Acceso Facial Serie Value
090191;[DS-K1T321MFWX] Hikvision - Terminal Min Moe Wifi Facial Tarjeta Mifare Control de Acceso o Asistencia
090320;[DS-K1T323MBFWX-E1(O-STD)] Hikvision - Terminal Facial Min Moe WiFi y PoE con Lector de Huella Tarjetas Virtuales Bluetooth con HikConnect Teams 1000 Rostros y 3,000 Huellas para Exterior IP65
090341;[DS-K1T323MBWX-QRE1(O-STD)] Hikvision - Terminal Facial Min Moe WiFi y PoE con Lector Tarjetas Virtuales Bluetooth con HikConnect Teams 1000 Rostros para Exterior IP65
090052;[DS-K1T331W] Hikvision - Control Acceso y Asistencia WiFi de Reconocimiento Facial
090094;[DS-K1T341AMF] Hikvision - Control Biometrico de Acceso con Reconocimiento Facial TCP/IP
090073;[DS-K1T341AM] Hikvision - Control de Acceso Reconocimiento Facial
090131;[DS-K1T341CMFW] Hikvision - Terminal WiFi de Reconocimiento Facial Soporta P2P Hik-Connect 3.000 Usuarios QR y Videoportero
090171;[DS-K1T341CMW] Hikvision - Terminal Min Moe WiFi Facial y Tarjetas MIFARE para Control de Acceso
090240;[DS-K1T342EFWX-E1] Hikvision - Control Biometrico de Acceso Min Moe PoE y Wifi con Reconocimiento Facial  y Huella con Lector PROX
090100;[DS-K1T342EFWX] Hikvision - Control Biometrico de Acceso Wifi y Tarjetas EM con Reconocimiento Facial TCP/IP
090236;[DS-K1T342MFWX-E1] Hikvision - Terminal de Reconocimiento Facial
090099;[DS-K1T342MFWX] Hikvision - Control Biometrico de Acceso Wifi y Tarjetas Mifare con Reconocimiento Facial TCP/IP
090276;"[DS-K1T342MX(O-STD)] Hikvision - Terminal de Reconocimiento Facial pantalla táctil LCD de 4,3"" Módulo de Lectura de Tarjetas M1 "
090098;[DS-K1T343EWX] Hikvision - Control de Acceso y Asistencia WiFi/Touch Tarjetas EM y Facial
090097;[DS-K1T343MWX] Hikvision - Control de Acceso y Asistencia WiFi/Touch Tarjetas MIFARE y Facial
090291;"[DS-K1T344EBFWX-E1] Hikvision - Terminal Facial Min Moe con Lector de Huellas y Tarjetas MIFARE 3000 Rostros 3000 Huellas Pantalla 4.5"" Administrable en la Nube con Hik-Connect Teams Exterior IP65 PoE WiFi"
090244;"[DS-K1T344MBFWX-E1(O-STD)] Hikvision - Terminal Facial Min Moe con Lector de Huellas y Tarjetas MIFARE Pantalla 4.5""  IP65 PoE WiFi"
090293;"[DS-K1T344MBWX-E1] Hikvision - Terminal Facial Min Moe con Boton de Llamada Fisico 3000 Rostros Pantalla 4.5"" Administrable en la Nube con Hik-Connect Teams Exterior IP65 PoE WiFi HIK-IA"
090294;"[DS-K1T344MBWX-QRE1] Hikvision - Terminal Facial Min Moe con Lector de QRs Fiscio Ultra Rápido y Tarjetas MIFARE 3000 Rostros Pantalla 4.5"" Administrable en la Nube con HikConnect Teams Exterior IP65 PoE WiFi HIK-IA"
090256;[DS-K1T502DBWX-C] Hikvision - Terminal de control de acceso
090282;"[DS-K1T670MFWX] Hikvision - Terminal Facial Min Moe WiFi 6.000 Rostros Pantalla 7"" Administrable en la Nube con Hik-Connect 6 Exterior IP65 LED Rojo/Verde Indicador de Acceso"
090257;"[DS-K1T670MWX-QR] Hikvision - Terminal Facial Min Moe WiFi Lector de QRs Físico de Alta Velocidad 6.000 Rostros Pantalla 7"" Administrable en la Nube con Hik-Connect 6 Exterior IP65 LED Rojo/Verde Indicador de Acceso"
090071;[DS-K1T671MF] Hikvision - Control de Acceso Touch Reconocimiento Facial
090138;[DS-K1T671TM-3XF] Hikvision - Terminal De Reconocimiento Facial Y Lector De Temperatura
090120;"[DS-K1T673DWX ] Hikvision - Control de Acceso Facial WiFi con pantalla de 7"" IP65 Soporta Módulo Lector de Huella, QR y Bluetooth"
090069;[DS-K1T8003EF] Hikvision - Control de Acceso y Asistencia Biometrico
090064;[DS-K1T8003MF] Hikvision - Control de Acceso y Asistencia Biometrico
090108;[DS-K1T802M] Hikvision - Control de Acceso Independiente TCP/TP
090091;[DS-K1T804AEF] Hikvision - Control Biométrico WiFi de Acceso y Asistencia Lectura de Huella y Tarjetas EM TCP/IP
090092;[DS-K1T804AMF] Hikvision - Control Biométrico WiFi de Acceso y Asistencia Lectura de Huella y Tarjetas Mifare1 TCP/IP
090090;[DS-K1T804BEF] Hikvision - Control Biométrico WiFi de Acceso y Asistencia Lectura de Huella y Tarjetas EM TCP/IP
090077;[DS-K1T804BMF] Hikvision - Biometrico Stand Alone con Lector de Proximidad MIFARE
090172;[DS-K1T805EBFWX] Hikvision - Terminal de Control de Acceso Tarjeta EM Card, Huella Digital, PIN y Bluetooth
090173;[DS-K1T805EBWX] Hikvision - Terminal de Control de Acceso Tarjeta EM Card, PIN y Bluetooth
090174;[DS-K1T805MBFWX] Hikvision - Terminal de Control de Acceso Tarjeta M1 Card, Huella Digital, PIN y Bluetooth
090305;[DS-K1T807EBFWX-E1(O-STD)] Hikvision - Terminal de Control de Acceso y Asistencia PoE y WiFi con Huella Tarjeta EM PIN Exterior IP65
090304;[DS-K1T807MBFWX-E1(O-STD)] Hikvision - Terminal de Control de Acceso y Asistencia PoE y WiFi con Huella Tarjeta Mifare PIN y Bluetooth Exterior IP65
090307;[DS-K1T809EX(O-STD)] Hikvision - Terminal de Accesos Slim Compacto para tarjetas EM y Teclado
090306;[DS-K1T809MX(O-STD)] Hikvision - Terminal de Accesos Slim Compacto para tarjetas M1 y Teclado
090067;[DS-K1TA70MI-T] Hikvision - Control Acceso y Asistencia de Reconocimiento Facial Termografía
090258;[DS-K2210(O-STD)] Hikvision - Controlador master para ascensor 128 Pisos
090132;[DS-K2602T] Hikvision - Controlador de Acceso Integrable con Videovigilancia 2 Puertas
090129;[DS-K2604T] Hikvision - Controlador de Acceso Integrable con Videovigilancia 4 Puertas
090283;[DS-K2622X] Hikvision - Controlador de Acceso 2 Puertas Administrable en la Nube con Hik-Connect Teams Interfaz Web 4 Lectores de Huella o Tarjeta Incluye Gabinete y Fuente de Alimentación 12 Vcd 8A 
090284;[DS-K2624X] Hikvision - Controlador de Acceso 4 Puertas Administrable en la Nube con Hik-Connect Teams Interfaz Web 8 Lectores de Huella o Tarjeta Incluye Gabinete y Fuente de Alimentación 12Vcd 8A
090229;[DS-K2702WX-E1] Hikvision - Controlador WiFi de 2 Puertas Administrable en la Nube Interfaz Web Expandible con Módulo DS-K2M002X (hasta 126 Puertas) PoE Wiegand 4 Lectoras de Huella y Tarjeta
090228;[DS-K2704X] Hikvision - Controlador de 4 Puertas Administrable en la Nube Interfaz Web Expandible con Módulo DS-K2M002X (hasta 128 Puertas) 200.000 Tarjetas Wiegand 8 Lectoras de Huella y Tarjeta
090259;[DS-K2708X] Hikvision - Controlador de 8 Puertas  SERIE ULTRA Montaje en Pared
090175;[DS-K2801] Hikvision - Controlador de Acceso Integrable con Videovigilancia 1 Puerta y 2 Lectores
090103;[DS-K2802] Hikvision - Controlador de Acceso Integrable con Videovigilancia 2 Puertas
090078;[DS-K2804] Hikvision - Controlador de Acceso Integrable con Videovigilancia 4 Puertas
090153;[DS-K2812] Hikvision - Controlador de Acceso Integrable con Videovigilancia 2 Puertas y 4 Lectores
090154;[DS-K2814] Hikvision - Controlador de Acceso Integrable con Videovigilancia 4 Puertas y 4 Lectores
090432;[DS-K2M0016A] Hikvision - Distribuidor Esclavo para Controlador de Ascensor 16 Pisos
090230;[DS-K2M002X] Hikvision - Expansor de 2 Puertas para Paneles de Control de Acceso DS-K27 Series Comunicación RS-485 4 Entradas y 2 Salidas Auxiliares
090139;[DS-K3B530X-L/MPg-Dp90] Hikvision - Torniquete Posición Izquierdo Tipo Swing para Carril de 90 cms Incluye Lector de Tarjeta MIFARE TCP/IP
090140;[DS-K3B530X-M/MPg-Dp90] Hikvision - Torniquete Posición Central Tipo Swing para Carril de 90 cms Incluye Lector de Tarjeta MIFARE TCP/IP
090141;[DS-K3B530X-R/MPg-Dp90] Hikvision - Torniquete Posición Derecho Tipo Swing para Carril de 90 cms Incluye Lector de Tarjeta MIFARE TCP/IP
090178;[DS-K3G200LX-R/Dm55] Hikvision - Torniquete Trípode de Acero Inoxidable con Indicadores de Entrada-Salida
090273;[DS-K3G301LX-R/Dm55(O-STD)] Hikvision - Torniquete Trípode Bidireccional de Acero Inoxidable 2 Millones de Ciclos MCBF Interior y Exterior Protegido Tipo Puente
090272;[DS-K3G301LX-R/Pg-Dm55(O-STD)] Hikvision - Torniquete Trípode Bidireccional de Acero Inoxidable 2 Millones de Ciclos MCBF Interior y Exterior Protegido Tipo Puente
090179;[DS-K3G501LX-R/Pg-Dm55] Hikvision - Torniquete Trípode Bidireccional de Acero Inoxidable
090296;[DS-K3G501X-R/M] Hikvision - Torniquete Trípode de Acero Inoxidable Bidireccional Entrada-Salida
090194;[DS-K4E100] Hikvision - Cerradura Electromecánica Inteligente Superficial Acero inoxidable
090192;[DS-K4H250-LZ] Hikvision - Kit de Montaje Base Z y L para Cerradura Magnética Compatible con DS-K4H258S Uso en Puerta de Madera y Metal
090245;[DS-K4H250S] Hikvision - Cerradura Electromagnetica Electroimán 600 lbs Operación 12 VDC o 24 VDC Led Indicativo Salida de Contacto Seco
090277;[DS-K4H255-LZ(O-STD)] Hikvision - Kit de montajes Z y L para Cerradura Magnética Compatible con DS-K4H255S Uso en Puerta de Madera y Metal
090260;[DS-K4H255S] Hikvision - Cerradura Electromagnetica Electroimán 600 lbs Montaje en puerta normal de vidrio
090085;[DS-K4H258-LZ] Hikvision - Kit de Montaje Base Z y L para Cerradura Magnética Compatible con DS-K4H258S Uso en Puerta de Madera y Metal
090155;"[DS-K4H258-U] Hikvision - Montaje Base en ""U"" para Instalación de Cerradura Electromagnética"
090137;[DS-K4H258D-LZ] Hikvision - Kit de Montaje Base Z y L para Cerradura Magnética Compatible con DS-K4H258D Uso en Puerta de Madera y Metal
090127;[DS-K4H258D] Hikvision - Cerradura Magnética Dual de 600 Lbs [280 Kg]
090084;[DS-K4H258S] Hikvision - Cerradura Magnética de 600 Lbs [280 Kg]
090195;[DS-K4H450-LZ] Hikvision - Kit de Montaje Base Z y L para Cerradura Magnética Compatible con DS-K4H450D Uso en Puerta de Madera y Metal
090193;[DS-K4H450S] Hikvision - Cerradura Magnética Dual de 1200 Lbs [500Kg]
090117;[DS-K4T108-U1] Hikvision - Soporte/Base en U de Cerradura Tipo Piston
090068;[DS-K4T108] Hikvision - Cerradura Hembrilla Electrica Tipo Piston 12V
090176;[DS-K7M101-E0] Hikvision - Tarjeta de Proximidad EM (125 Mhz)
090013;[DS-K7P01] Hikvision - Boton Apertura NC/NO
090014;[DS-K7P02] Hikvision - Boton Apertura NC/NO
090292;[DS-K7P03(O-NEU)] Hikvision - Boton de Salida Sin Contacto Perfil Ancho Fabricado en Aluminio NC / NO
090101;[DS-K7P04] Hikvision - Botón de Salida sin Contacto LED Indicador Normalmente Abierto y Cerrado Distancia Ajustable de Detección
090015;[DS-K7P05] Hikvision - Boton Apertura NC/NO
090016;[DS-K7P06] Hikvision - Boton Apertura NC/NO
090226;[DS-K7P07] Hikvision - Botón Sin Contacto / Indicador LED/ NO / NC/ Interior/ Acero Inoxidable
090156;[DS-K7PEB/Green] Hikvision - Botón de Salida de EmeRGEncia Color Verde Interior NO/NC
090158;[DS-KAB6-ZU1] Hikvision - Montaje para Instalar Terminales de Reconocimiento Facial
090157;[DS-KAB673-FBQR] Hikvision - Modulo Lector de Huellas, Códigos QR y BLuetooth
090159;[DS-KABH6320-T] Hikvision - Soporte de Sobremesa para Videoporteros
090314;[DS-KABV6113-RS(O-STD)] Hikvision - Carcasa Protectora para Doorbell IP HIKVISION Compatible con Series DS-KV6113-WPE1(B) y DS-KV6113-WPE1(C)
090313;[DS-KABV8113-RS(O-STD)/Surface] Hikvision - Carcasa Protectora para Frentes de Calle DS-KV8X13WME1(B) DS-KV8X13WME1©
090243;[DS-KAS-7M01] Hikvision - Kit de Accesorios para Control de Acceso Fuente 12 Vcd 2 A, Botón de Salida y Chapa Magnética 600 Lbs
090082;[DS-KAS261] Hikvision - Kit Control Acceso [Control Acceso, Cerradura, Base y Boton]
090297;[DS-KAS321(O-STD)/EM] Hikvision - Kit WiFi de Control de Acceso Lite TODO INCLUIDO con Lector de Rostros, Tarjetas y Huellas Incluye Cerradura magnética, Botón de Salida y Montajes Z L
090242;[DS-KAS321] Hikvision - Kit WiFi de Control de Acceso Lite TODO INCLUIDO con Lector de Rostros, Tarjetas y Huellas Incluye Electroimán Botón de Salida y Montajes Z y L para Imán
090095;[DS-KAS541] Hikvision - Kit Control Biometrico de Acceso con Reconocimiento Facial
010572;[DS-KAW50-1N] Hikvision - Fuente de Poder 12V 50W
090160;[DS-KB2421T-IM] Hikvision - Frente de Calle Analógico Adicional para Videoportero
090303;[DS-KB8113-IME1(B)(O-STD)] Hikvision - Frente de Calle IP 2Mp Uso Rudo Antivandálico IK09 y Exterior IP65 PoE Estándar 3 mts IR Compatible con Monitor IP HIKVISION
090316;[DS-KD-ACF1(O-STD)/Plastic] Hikvision - Base de 1 Espacio para EMPOTRAR Videoportero Modelo DS-KD8003-IME1
090144;[DS-KD-ACF2] Hikvision - Soporte Para Embutir 2 Módulos Video Porteros
090317;[DS-KD-ACF3(O-STD)/Plastic] Hikvision - Base de 3 Espacios para EMPOTRAR Módulos de Videoporteros Hikvision
090145;[DS-KD-ACF3] Hikvision - Soporte Para Embutir 3 Módulos Video Porteros
090146;[DS-KD-ACW2] Hikvision - Soporte Para Empotrar 2 Módulos Video Porteros IP Instalación en Superficie
090115;"[DS-KD-DIS] Hikvision - Estación de Puerta Modular Serie Pro Pantalla LCD de 3.5"" 4 botones Retroiluminación IP65"
090147;[DS-KD-KK] Hikvision - Módulo de Botones para Video Portero Llamada de un Solo Toque hasta 6 Monitores
090148;[DS-KD-KP] Hikvision - Módulo de Teclado para Video Portero Apertura por Código Llamada a Monitor
090315;[DS-KD-M(O-STD)] Hikvision - Modulo con Lector de Tarjetas MIFARE para Frente de Calle IP Modular
090310;[DS-KD-TDM(O-STD)] Hikvision - Módulo de Pantalla Táctil con Lector de Tarjetas M1
090112;[DS-KD8003-IME1(B)(O-STD)] Hikvision - Frente de Calle IP 1080P [2MP] para Videoportero Modular POE
090142;[DS-KD9203-E6] Hikvision - Video Portero IP 1080P [2MP] Reconocimiento Facial Tarjeta Mifare Poe IP65
090143;[DS-KD9203-FE6] Hikvision - Video Portero De Reconocimiento Facial
090311;[DS-KD9203-ME6(O-STD)] Hikvision - Videoportero IP Multiapartamento con Reconocimiento Facial Llamada a App HikConnect (requiere monitor) Protección IP65 Apertura por Rostro, Tarjeta o App
090312;[DS-KD9203-MFE6(O-STD)] Hikvision - Videoportero IP Multiapartamento con Reconocimiento Facial Llamada a App HikConnect (requiere monitor) Protección IP65 Apertura por Rostro, Tarjeta M1 o App
090161;"[DS-KD9633-WBE6] Hikvision - Videoportero IP Wifi Android para Apartamentos Pantalla IPS de 10"""
090177;[DS-KDM9633-FKP] Hikvision - Módulo de Teclado y Huella Digital para Frente de Calle IP DS-KD9633-WBE6 Conexión USB-C 15 Botones IP65 IK07
090300;[DS-KEM125(O-NEU)] Hikvision - Tarjeta RFID de Proximidad Hikvision 125 kHz para Control de Acceso
090063;"[DS-KH2220] Hikvision - Monitor Adicional para Videoportero 7"" Análogo DS-KIS202 / DS-KIS203"
090219;[DS-KH6000-E1] Hikvision - Estación interior basada en IP serie KH6
090218;[DS-KH6100-E1] Hikvision - Pantalla Estación interior basada en IP serie KH6
090216;[DS-KH6110-WE1] Hikvision - Pantalla Estación interior basada en IP serie KH6
090128;"[DS-KH6220-LE1] Hikvision - Monitor IP Adicional Lite [No touch] 7"" para Videoportero"
090318;"[DS-KH6320-LE1(B)(O-STD)] Hikvision - Monitor IP Lite TOUCH 7"" para Videoportero IP Vídeo en Vivo PoE Estándar Apertura Remota Llamada Entre Monitores Audio de dos vías"
090072;"[DS-KH6320-LE1] Hikvision - Monitor IP Adicional Tactil 7"" para Videoportero"
090059;"[DS-KH6320-TE1] Hikvision - Monitor IP Adicional Tactil 7"" para Videoportero"
090102;"[DS-KH6320-WTE1] Hikvision - Monitor IP WiFi Touch Screen 7"" para Videoportero IP POE Estándar Apertura Remota"
090299;"[DS-KH6350-WTE1/White(O-STD)] Hikvision - Monitor IP WiFi Touch Screen 7"" para Videoportero IP Vídeo en Vivo PoE Estándar Apertura Remota Llamada Entre Monitores Audio bidireccional Borde slim"
090162;"[DS-KH6350-WTE1] Hikvision - Monitor Para Videoportero Pantalla TFT de 7"""
090114;"[DS-KH8350-WTE1] Hikvision - Monitor IP Adicional Tactil 7"" para Videoportero"
090186;"[DS-KH9310-WTE1] Hikvision - Monitor Touch IP Wifi Android 7"""
090163;"[DS-KH9510-WTE1] Hikvision - Monitor Touch IP Wifi 10.1"""
090308;[DS-KIS103(O-STD)/US] Hikvision - Kit de Audioportero Analógico a 2 Hilos Apertura de 2 Puertas Diferentes Tonos y Volúmenes de Timbre Protección IP55
090079;"[DS-KIS202T] Hikvision - Kit de Videoportero Analógico con Pantalla LCD a Color de 7"""
090080;"[DS-KIS203T] Hikvision - Kit de Videoportero Analógico con Pantalla LCD a Color de 7"""
090166;"[DS-KIS204T] Hikvision - Kit de Videoportero Analógico con Pantalla LCD a Color de 7"""
090220;"[DS-KIS212] Hikvision - Kit de Videoportero Analógico con Pantalla LCD a Color de 7"""
090278;"[DS-KIS213(O-STD)] Hikvision - Kit de Videoportero TurboHD con Pantalla LCD a Color de 7"" Frente de Calle para Exterior de Metal 720p 117° de Visión (Gran Angular)"
090164;[DS-KIS302-P] Hikvision - Kit de Videoportero Analógico IP a 4 Hilos
090217;"[DS-KIS303-P] Hikvision - Kit de Videoportero Analógico IP a 4 Hilos Cable o WiFi con Pantalla LCD a Color de 7"""
090279;"[DS-KIS312-P(O-STD)] Hikvision - Kit de Videoportero Hibrido TurboHD con Pantalla LCD Touch de 7"" Wi-Fi Frente de Calle para Exterior de Policarbonato 720p 130° de Visión (Gran Angular)"
090280;"[DS-KIS313-P(O-STD)] Hikvision - Kit de Videoportero Hibrido TurboHD con Pantalla LCD Touch de 7"" Wi-Fi Frente de Calle para Exterior Metalico 720p 117° de Visión (Gran Angular)"
090116;"[DS-KIS601] Hikvision - Kit de Videoportero IP con Pantalla LCD a Color de 7"""
090285;"[DS-KIS602(B)] Hikvision - Kit de Videoportero IP con Pantalla LCD a Color de 7"""
090081;"[DS-KIS602] Hikvision - Kit de Videoportero IP con Pantalla LCD a Color de 7"""
090055;"[DS-KIS603-P] Hikvision - Kit de Videoportero IP con Pantalla LCD a Color de 7"""
090056;"[DS-KIS604-P] Hikvision - Kit de Videoportero IP con Pantalla LCD a Color de 7"""
090074;"[DS-KIS605-P] Hikvision - Kit de Videoportero IP con Pantalla LCD a Color de 7"""
090286;"[DS-KIS606-P] Hikvision - Kit de Videoportero IP con Pantalla LCD a Color de 4.3"" [2Mp]"
090287;"[DS-KIS608-P] Hikvision - Kit de Videoportero IP Frente de Calle para Exterior [2MP] Lector de Tarjeta MiFARE Monitor Interior WiFi Pantalla de 7"" Touch"
090298;[DS-KV6113-WPE1(C)(O-STD)] Hikvision - Videoportero IP 2 MP PoE Estandar IP65 Apertura desde Hik-connect Soporta 1 Departamento y Hasta 6 Monitores Soporta Tarjetas Mifare 1 Salida Relay
090111;[DS-KV6113-WPE1] Hikvision - Videoportero IP POE Estandar Wifi 1080P [2MP] Tarjetas Mifare IP65
090113;[DS-KV8102-IM] Hikvision - Frente de Calle IP [1.3MP] Lector de Tarjetas Mifare para Función de Acceso Compatible con Videoportero IP
090109;[DS-KV8113-WME1] Hikvision - Videoportero IP POE Estandar Wifi 1080P [2MP] 1 Departamento IP65
090110;[DS-KV8413-WME1] Hikvision - Videoportero IP POE Estandar Wifi 1080P [2MP] 4 Departamentos IP65
090165;"[DS-KV9503-WBE1] Hikvision - Videoportero IP Wifi Tactil 4.3"" "
010927;"[DS-MCC216/64G/WIFI] Hikvision - Body Camera en Placa de Identificación Grabación 1600 x 1200p Pantalla de Tinta 2.13"" Memoria Interna 64GB"
040117;[DS-PA201P-Kit-16WB] Hikvision - (AX HOME) Panel de Alarma Inalámbrico Hikvision Soporta 16 Zonas Conexión Wi-Fi Notificaciones Hik-Connect6 Hik-Partner PRO
040118;[DS-PA201PS-Kit-16WB] Hikvision - (AX HOME) Panel de Alarma Inalámbrico Hikvision Soporta 16 Zonas Conexión Wi-Fi GSM 3G/4G MicroSIM Notificaciones Hik-Connect6 Hik-Partner PRO
040124;[DS-PC201N] Hikvision - (AX HOME) Módulo de conexión Ethernet para Paneles AX HOME
040097;[DS-PD1-EB] Hikvision - Botón de Pánico Cableado 
040068;[DS-PD1-MC-MS] Hikvision - Contacto Magnético NC Cableado para Puertas o Ventanas [Metalico]
040104;[DS-PD1-MC-RS] Hikvision - Contacto Magnético de Uso Rudo Uso en Cortinas o Puertas de EmeRGEncia de Metal o Madera Interior
040069;[DS-PD1-MC-WS] Hikvision - Contacto Magnético NC Cableado para Puertas de Madera [Plástico]
040016;[DS-PD1-MC-WWS] Hikvision - Contacto Magnético Inalambrico para Interior AX HUB
040091;[DS-PD1-PM-W-433] Hikvision - Detector Inalámbrico de Activos Protege el Movimiento de Objetos de Valor AXHUB
040092;[DS-PD2-P10PE] Hikvision - Detector PIR Interno Cableado con Función de Inmunidad a Mascotas de [10 Metros]
040119;[DS-PD201MC-WB(O-STD)] Hikvision - (AX HOME) Contacto Magnético Inalámbrico
040120;[DS-PD201P10-WB(O-STD)] Hikvision - (AX HOME) Detector PIR Inalámbrico Interior Inmunidad a Mascotas Rango de Detección de 10 mts Ángulo de 90 de Cobertura
040098;[DS-PDB-IN-CEILINGBRACKET] Hikvision - Soporte Interno para Montaje en Techo de Detectores
040106;[DS-PDB-IN-Universalbracket] Hikvision - Montaje para Sensores PIR
040044;[DS-PDBG8-EG2-WB] Hikvision - Detector Inalámbrico de Ruptura de Cristal 3 en 1 Soporta 2 Zonas Cableadas Rango hasta 8 Metros AXPRO
040029;[DS-PDBG8-EG2] Hikvision - Detector de Rotura de Vidrio Cableado Interior
040057;[DS-PDC10AM-EG2-WB] Hikvision - Sensor de Movimiento PIR Slim Tipo Cortina Interior Inalambrico Rango 10 Metros AXPRO
040058;[DS-PDC10DM-EG2-WB] Hikvision - Sensor de Movimiento PIR Slim Tipo Cortina Doble Tecnologia Interior Inalambrico Rango 10 Metros AXPRO
040133;[DS-PDC15-EG2-WB(B)(O-STD)] Hikvision - (AX PRO) Detector PIR Inalámbrico Interior Tipo Cortina Rango de Detección de 15 mts Angulo de 6.3 de Cobertura
040102;[DS-PDC15-EG2-WB] Hikvision - Detector PIR Inalámbrico Interior Tipo cortina Rango de 15 mts Angulo de 6.3° de Cobertura AXPRO
040056;[DS-PDCL12-EG2-WB] Hikvision - Sensor de Movimiento PIR Interior Inalambrico Rango 12 Metros 360° AXPRO
040077;[DS-PDCL12-EG2] Hikvision - Sensor Detector De Movimiento PIR Cableado Movimiento de 360° de Cobertura Detección 12 mts Interior
040078;[DS-PDCM15PF-IR] Hikvision - Cámara Modular para Sensor Detector de Movimiento IR 15 Mts IP66 AXPRO
040095;[DS-PDD12-EG2] Hikvision - Detector PIR Cableado Interior de Doble Tecnología PIR y Microondas Inmunidad a Mascotas 30 Kg Detección de [12 Metros]
040059;[DS-PDD12P-EG2-WB] Hikvision - Sensor de Movimiento PIR Doble Tecnologia Interior Inalambrico Rango 12 Metros AXPRO
040030;[DS-PDD12P-EG2] Hikvision - Sensor de Movimiento PIR Cableado Interior
040109;[DS-PDEB1-EG2-WB(B)(O-STD)] Hikvision - Botón de Pánico Inalámbrico con Indicador LED AXPRO
040050;[DS-PDEB1-EG2-WB(O-STD)] Hikvision - Botón de Pánico Inalámbrico con Indicador LED AXPRO
040135;[DS-PDEBP1-EG2-WB(O-STD)] Hikvision - (AX PRO) Botón de Pánico Inalámbrico Portátil IP54 Indicador LED
040021;[DS-PDMC-EG2-WB] Hikvision - Contacto Magnético Inalambrico para Interior 3 en 1 AXPRO
040136;[DS-PDMCK-EG2-WB(B)(O-STD)] Hikvision - Contacto Magnético Combinado con Detección de Impactos e Inclinación
040023;[DS-PDMCS-EG2-WB] Hikvision - Contacto Magnético Inalambrico Slim para Interior AXPRO
040060;[DS-PDMCX-E-WB] Hikvision - Contacto Magnético Inalambrico para Exterior AXPRO
040132;[DS-PDP15P-EG2-WB(B)(O-STD)] Hikvision - (AX PRO) Detector PIR Inalámbrico Interior Serie AX PRO Inmunidad a Mascotas Rango de Detección de 15 mts Angulo de 85.9 de Cobertura
040022;[DS-PDP15P-EG2-WB] Hikvision - Sensor de Movimiento PIR Interior Inalambrico Rango 15 Metros AXPRO
040129;[DS-PDP18-EG2(B)(O-STD)] Hikvision - Detector PIR Cableado para Interior Inmunidad a Mascotas Rango de Detección de 18 mts Angulo de 85.9 de Cobertura
040112;[DS-PDP18-EG2] Hikvision - Sensor PIR Cableado 18 M
040103;[DS-PDP18-HM-WB] Hikvision - Detector PIR Dual-Tech Exterior IP65 Rango 18 mts Ángulo de Cobertura de 90° Inmunidad a Mascotas 24 Kg No Compatible con el Panel DS-PHA64-LP
040026;[DS-PDPC12P-EG2-WB] Hikvision - Sensor de Movimiento PIR con Cámara Inalámbrica AXPRO
040113;[DS-PDPC12PF-EG2-WB] Hikvision - Detector inalámbrico de cámara Pir
040110;[DS-PDPG12P-EG2(O-STD)] Hikvision - Detector de Rotura de Vidrio PIR con Cable
040042;[DS-PDPG12P-EG2-WB] Hikvision - Sensor de Movimiento PIR + Ruptura de Cristal Inalambrico AXPRO
040031;[DS-PDSK-P] Hikvision - Detector de Impacto Cableado Interior
040096;[DS-PDSMK-4BAR] Hikvision - Detector de Humo Fotoeléctrico No Direccionable de 4 Hilos Indicadores LED
040114;[DS-PDSMK-4] Hikvision - Detector de Humo Cableado de 4 Hilos
040108;[DS-PDSMK-E-WB(O-STD)] Hikvision - Detector de Humo Fotoeléctrico Inalámbrico para Panel de Alarma Interior
040051;[DS-PDSMK-S-WB] Hikvision - Detector de Humo Fotoeléctrico Inalámbrico para Panel de Alarma AXPRO
040052;[DS-PDTPH-E-WB] Hikvision - Detector de Temperatura y de Humedad Inalámbrico Interior Rango de Detección -35°C hasta 99°C
040081;[DS-PDTT15AM-LM-WB] Hikvision - Sensor Detector De Movimiento PIR Dual Tech Inalámbrico Angulo de Cobertura de 90° a 180 AXPRO
040080;[DS-PDTT15AM-LM] Hikvision - Sensor Detector De Movimiento PIR Dual Tech Cableado AXPRO
040043;[DS-PDWL-E-WB] Hikvision - Detector de Fugas de Agua Inalámbrico AXPRO
040082;[DS-PEA2-21] Hikvision - Estación de Alarma de Pánico Cámara 2 Mp Audio Bidireccional IR 10 mts
040083;[DS-PEA3M-21H] Hikvision - Estación de Pánico con Intercomunicador IP y Soporte para Cámara y/o PTZ
040035;[DS-PHA20-W2P] Hikvision - Panel de Alarma Híbrido IP WiFi 4 Zonas Cableadas 16 Zonas Expandibles Inalámbricas o Cableadas
040141;[DS-PHA32-P/LA] Hikvision - Panel de Alarma de Intrusión Híbrido AX Hybrid Pro de 32 Zonas
040130;[DS-PHA48-EP(B)(O-STD)] Hikvision - Panel de Alarma Híbrido Pro IP 8 Zonas Cableadas 40 Zonas Expandibles Inalámbricas o Cableadas TCP/IP Soporta Modulo 3G/4G [opcional]
040065;[DS-PHA48-EP] Hikvision - Panel de Alarma Híbrido Pro IP 8 Zonas Cableadas 40 Zonas Expandibles Inalámbricas o Cableadas TCP/IP Soporta Modulo 3G/4G [opcional]
040084;[DS-PHA64-B] Hikvision - PCB De Panel De Alarma Híbrido IP 64 Zonas WiFi56 Zonas Inalámbricas
040071;[DS-PHA64-KIT-WB] Hikvision - Kit de Alarma AxPro Hibrido 64 Zonas
040131;[DS-PHA64-LP(B)(O-STD)] Hikvision - Panel de Alarma Híbrido Pro IP WiFi 8 Zonas Cableadas 56 Zonas Expandibles Inalámbricas o Cableadas TCP/IP
040066;[DS-PHA64-LP] Hikvision - Panel de Alarma Híbrido Pro IP WiFi 8 Zonas Cableadas 56 Zonas Expandibles Inalámbricas o Cableadas TCP/IP
040085;[DS-PHA64-P2] Hikvision - Panel De Alarma Híbrido Ip Wifi 8 Zonas Cableadas 56 Zonas Inalámbricas 3G 4G
040067;[DS-PHA64-W4M(O-STD)(B)] Hikvision - Panel de Alarma Híbrido Pro IP WiFi 8 Zonas Cableadas 56 Zonas Expandibles Inalámbricas o Cableadas TCP/IP Soporta Modulo 3G/4G [opcional]
040111;[DS-PHA64-W4M(O-STD)] Hikvision - Panel de Alarma Híbrido Pro IP WiFi 8 Zonas Cableadas 56 Zonas Expandibles Inalámbricas o Cableadas TCP/IP Soporta Modulo 3G/4G [opcional]
040036;[DS-PHA64-W4P2] Hikvision - Panel de Alarma Híbrido IP WiFi 8 Zonas Cableadas 56 Zonas Expandibles Inalámbricas o Cableadas
040093;[DS-PI-D100/FM] Hikvision - Detector de Rayo Fotoeléctrico 2 Rayos 4 Frecuencias de Operación Alimentación 12-24 Vcc [100 Metros]
040094;[DS-PI-D60/FM] Hikvision - Detector de Rayo Fotoeléctrico 2 Rayos 4 Frecuencias de Operación Alimentación 12-24 Vcc [60 Metros]
040014;[DS-PK-LRT] Hikvision - Teclado LCD Cableado Paneles Hibridos W4P/W4P2
040049;[DS-PK1-E-WB] Hikvision - Teclado Inalámbrico para Armado y Desarmado AXPRO
040086;[DS-PK1-LRT-HWB] Hikvision - Teclado LCD para Panel de Alarma Cableado AXPRO
040115;[DS-PK1-LT-WB] Hikvision - Teclado Inalámbrico LED
040121;[DS-PK201B-WB(O-STD)] Hikvision - (AX HOME) Teclado Inalámbrico para Armado y Desarmado
040020;[DS-PKA-WLM-433] Hikvision - Teclado Inalambrico para Paneles de Alarma Inalambricos AXHUB
040134;[DS-PKF1-WB(B)(O-STD)] Hikvision - (AX PRO) Control Remoto para Armado y Desarmado Teclas con Funciones Programables
040055;[DS-PKF1-WB] Hikvision - Control Remoto tipo Llavero con 4 Botones AXPRO
040122;[DS-PKF201-WB(O-STD)] Hikvision - (AX HOME) Control Remoto para Armado y Desarmado Teclas con Funciones Programables
040037;[DS-PKG-H4L] Hikvision - Teclado de LEDs Cableado 4 Zonas
040038;[DS-PKG-H8L] Hikvision - Teclado de LEDs Cableado 8 Zonas
040032;[DS-PM-RSI8] Hikvision - Expansor de 8 Zonas Cableadas
040033;[DS-PM-RSO4] Hikvision - Módulo de 4 Relevadores RS-485
040090;[DS-PM-RSWR] Hikvision Expansor de 8 Zonas Inalámbricas / Conexión RS485 
040087;[DS-PM1-I8O2-H] Hikvision - Expansor de 8 Zonas Cableadas Conexión RS-485 Salida para Conexión en Cascada Permite Agregar Sensores Cableados
040045;[DS-PM1-O1H-WB] Hikvision - Interruptor Inalámbrico 1 Salida de Relevador de 100 a 240 VCA [Max. 13A] AXPRO
040039;[DS-PM1-O1L-WB] Hikvision - Relevador Inalámbrico 1 Entrada de Alarma 24/7  1 Salida de Relevador 0 a 36 VCD [Max. 5 A]
040128;[DS-PM1-O4H-H] Hikvision - (AX HYBRID PRO) Módulo de 4 Relevadores de Capacidad 240 VCA (Máx. 16A) para Funciones de Automatización Comunicación Speed-X Bus
040127;[DS-PM1-O4L-H] Hikvision - Módulo de 4 Relevadores de Capacidad 30V (Máx. 5A) para Funciones de Automatización Comunicación Speed-X Bus
040116;[DS-PM1-RT-HWB] Hikvision - Modulo Expansor de 32 zonas Inalámbrico
040070;[DS-PM2-S(AU)] Hikvision - Comunicador 3G/4G / Micro SIM/ Compatible con el Panel Hybrid Pro DS-PHA64-LP
040088;[DS-PMA-D] Hikvision - Fuente de Poder para Panel De Alarma Híbrido 90V - 264V AC AXPRO
040046;[DS-PR1-WB] Hikvision - Repetidor de Señal Hikvision LED Indicador Batería de Respaldo AXPRO
021453;[DS-PRB-1310/316] Hikvision - Montaje para Poste con Montaje para Pared Compatible con Radar Hikvision
040048;[DS-PS1-E-WB/Blue] Hikvision - Sirena Inalámbrica con Estrobo Azul para Exterior 110 dB AXPRO
040073;[DS-PS1-E-WB/Red] Hikvision - Sirena Inalámbrica con Estrobo Rojo para Exterior 110 dB AXPRO
040027;[DS-PS1-I-WB] Hikvision - Sirena Inalámbrica Interior 110 dB AXPRO
040089;[DS-PS1-R] Hikvision - Sirena con Estrobo Cableado Ideal para cualquier Panel de Alarma [Roja]
040123;[DS-PS201-WB(O-STD)/Red] Hikvision - (AX HOME) Sirena Inalámbrica Interior Alerta Ajustable entre 80 a 95dB
040125;[DS-PS201-WB] Hikvision - (AX HOME) Sirena Inalámbrica Interior Alerta Ajustable entre 80 a 95dB
040101;[DS-PS3001] Hikvision - Sirena Cableada Ideal para Cualquier Panel de Alarma (No Importa la Marca) 30 Watts 120 dB de Sonido Protección IP65 (Exterior)
040012;[DS-PSG-WO-433] Hikvision - Sirena Inalámbrica con Estrobo para Exterior 110 dB AXHUB
040034;[DS-PWA48-KIT-WB] Hikvision - KIT de Panel de Alarma Inalámbrico 48 Zonas AXPRO
040107;[DS-PWA48-Kit-WB(LA)] Hikvision - KIT de Panel de Alarma Inalámbrico 48 Zonas AXPRO 4G
040019;[DS-PWA64-KIT-WB] Hikvision - Kit Panel de Alarma Inalámbrico LAN + WiFi + GPRS 64 Zonas AXPRO
040053;[DS-PWA96-KIT-WB] Hikvision - Kit de Panel de Alarma Inalámbrico 96 Zonas AXPRO
061350;[DS-QAE0206G1-V(O-STD)] Hikvision - Altavoz Montaje en Plafón 6 Watts 100V Rejilla de Metal Color Blanco Uso Interior
061059;[DS-QAE0206G1E-V] Hikvision - Altavoz de Techo Analógico 6W
061060;[DS-QAE0420G1-V] Hikvision - Altavoz de Columna Analógico 20W
061065;[DS-QAE0A60G1-VB] Hikvision - Amplificador Analogico 60W Usb Bluetooh
061351;[DS-QAE1A80G1-VB(O-STD)/EU] Hikvision - Amplificador de Red de 2 Zonas de 80W Soporta ISUP, EZVIZ Cloud y el protocolo ISAPI
061064;[DS-QAZ0110G1-S] Hikvision - Altavoz Secundario 10W 100 Hz a 20 KHz
061061;[DS-QAZ0206G1] Hikvision - Altavoz Secundario de Techo  6W
061063;[DS-QAZ1120G1-B] Hikvision - Altavoz de Gabinete de RED 20W 100 Hz a 20 KHz IPv4
061062;[DS-QAZ1206G1-BE] Hikvision - Altavoz de Techo RED 6W IPv4
040126;[DS-QAZ1307G1T-E] Hikvision - Altavoz IP Tipo Trompeta 7W PoE+ Integración con Hik-Central Professional Reproducción de Audio vía Red IP67 Salida de 12 VCD Metal
011140;[DS-TCG406-E(12V/PoE)(2812)(O-STD)] Hikvision - Cámara Bullet IP [4Mp] ANPR para Control de Acceso Conteo de Vehículos IP67 PoE Algoritmo Intercambiable Lente Motorizado 2.8mm-12mm
090251;[DS-TDSB0G-FK/500m(O-STD)] Hikvision - Radar IP Perimetral 500 metros de Distancia 100 de Cobertura IP67 IK10 Nema 4X 32 Objetos de Detección y 16 Zonas 4 Salidas de Alarma RS-485
090253;[DS-TDSB0G-FX/1km(O-STD)] Hikvision - Radar IP Perimetral 1Km metros de Distancia 120 de Cobertura IP67 IK10 Nema 4X 32 Objetos de Detección y 16 Zonas 4 Salidas de Alarma RS-485
090223;[DS-TMG035(Anti-fall Radar)] Hikvision - Sensor de Presencia para Acceso Vehicular Radar de Entrada y Salida
090241;[DS-TMG035(Trigger)] Hikvision - Trigger para Acceso Vehicular Radar de Entrada y Salida detección de vehiculos
090281;[DS-TMG300-DR/A(3 light bar)(O-STD)] Hikvision - Barrera Vehicular DERECHA Brazo Iluminado Rojo/Verde de 3 mts Incluido 3 Seg para Apertura Cierre Automático con Tiempo Configurable 2,500,000 MCBF
090288;[DS-TMG300-DR] Hikvision - Barrera Vehicular DERECHA Brazo Iluminado Rojo/Verde de 2.5 mts Incluido 3 Seg para Apertura Cierre Automático con Tiempo Configurable 2,500,000 MCBF
090261;[DS-TMG520-H] Hikvision - Puerta de barrera de conversión de frecuencia de CC Brazo Recto [Serie 5]
090301;[DS-TRC902-1/A(DUAL-BAND)] Hikvision - tarjeta UHF Cumple con el Protocolo Estándar EPC C1 GEN2/ISO18000-6C
090319;[DS-TRI900-1/A(O-STD)] Hikvision - Lector de tarjetas UHF Compatible con EPC C1 Gen2/ISO 18000-6C Compatible con modo de lectura intensiva EPC
061037;[DS-U02P] Hikvision - Cámara Web Alta Definición (1080p) con Autoenfoque Giro 360° Gran Angular Micrófono Integrado Conector USB
060479;[DS-U02] Hikvision - Cámara Webcam HD 1080P [2MP] Con Microfono
061038;[DS-U04P] Hikvision - Cámara Web Alta Definición 2K [4MP] con Autoenfoque Giro 360° Gran Angular Micrófono Integrado Conector USB
061539;[DS-U102(O-STD)] Hikvision - Cámara Web 1080p [2MP] Giro 360 Gran Angular Micrófono Integrado Conector USB de 2 mts Reducción de Ruido Inteligente
060948;[DS-UC2] Hikvision - Cámara Webcam HD 1080P [2MP] Con Microfono 1920 × 1080 USB Type-C / USB 2.0
060949;[DS-UC4] Hikvision - Cámara Webcam HD 2K [4MP] Con Microfono 2560 × 1440 Type-C / USB 2.0
060903;[DS-UC8] Hikvision - Cámara Web 4K Para Salas de Juntas Gran Angular Micrófono Integrado
060480;[DS-UL4] Hikvision - Cámara Webcam HD 2K [4MP] Con Microfono
060947;[DS-UL8] Hikvision - Cámara Webcam HD 4K [8MP] Con Microfono 3840 × 2160 USB Type-C / USB 3.0 y 2.0
061624;[DS-UPS18D-Z(O-STD)/US] Hikvision - Mini UPS Portatil Puertos 18W 8000mAh USB (5V-2Amp) DC (5V-2Amp / 9V-1Amp / 12V-1Amp) y PoE (PoE 15V 0.8Amp / 24V 0.5Amp)
061014;[DS-UVC-X12] Hikvision - Cámara de Conferencia Portátil HD 1080P [2MP] 
080109;[DSA-12PFT-12FUS120100,UL] Hikvision - Transformador 12V 1Amp
060442;[DT100G3/128GB] Kingston - Pendrive Data Traveler G3 128Gb Unidad Flash USB 3.1
060446;[DT100G3/64GB] Kingston - Pendrive Data Traveler G3 64Gb Unidad Flash USB 3.1
060399;[DTIG4/128GB] Kingston - Pendrive Data Traveler G4 128Gb Unidad Flash USB 3.0
060349;[DTIG4/32GB] Kingston - Pendrive Data Traveler G4 32Gb Unidad Flash USB 3.0
060433;[DTIG4/64GB] Kingston - Pendrive Data Traveler G4 64Gb Unidad Flash USB 3.0
060400;[DTX/128GB] Kingston - Pendrive DT Exodia 128Gb Unidad Flash USB 3.2
060792;[DTX/256GB] Kingston - Pendrive DT Exodia 256Gb Unidad Flash USB 3.2
060453;[DTX/32GB] Kingston - Pendrive DT Exodia 32Gb Unidad Flash USB 3.2
060434;[DTX/64GB] Kingston - Pendrive DT Exodia 64Gb Unidad Flash USB 3.2
060748;[DTXM/128GB] Kingston - Pendrive DT Exodia M 128Gb Unidad Flash USB 3.2
060793;[DTXM/256GB] Kingston - Pendrive DT Exodia M 256Gb Unidad Flash USB 3.2
060721;[DTXM/32GB] Kingston - Pendrive DT Exodia M 32Gb Unidad Flash USB 3.2
060745;[DTXM/64GB] Kingston - Pendrive DT Exodia M 64Gb Unidad Flash USB 3.2
060795;[DTXON/128GB] Kingston - Pendrive DT Exodia Onyx 128Gb Unidad Flash USB 3.2
060796;[DTXON/256GB] Kingston - Pendrive DT Exodia Onyx 256Gb Unidad Flash USB 3.2
060794;[DTXON/64GB] Kingston - Pendrive DT Exodia Onyx 64Gb Unidad Flash USB 3.2
050480;[DUL-1017AB] DuraLED - Lampara Panel LED 9W 3000K Luz Calida Redonda Empotrar
050484;[DUL-1053AB] DuraLED - Lampara Panel LED 36W 3000K Luz Calida Redonda Empotrar Infinity [Sin borde]
010649;[DVR-104G-K1] Hilook - DVR 1080P [2MP] Lite Pentahibrido 4 Canales TurboHD + 1 Canales IP
010674;[DVR-104G-M1] HiLook - DVR 1080P [2MP] Lite Pentahibrido 4 Canales TurboHD + 1 Canales IP
010642;[DVR-108G-K1] HiLook - DVR 1080P [2MP] Lite Pentahibrido 8 Canales TurboHD + 2 Canales
010650;[DVR-108G-M1] HiLook - DVR 1080P [2MP] Lite Pentahibrido 8 Canales TurboHD + 2 Canales IP
010652;[DVR-116G-K1] HiLook - DVR 1080P [2MP] Lite Pentahibrido 16 Canales TurboHD + 2 Canales IP
010651;[DVR-204G-K1] HiLook - DVR 1080P [2MP] Lite Pentahibrido 4 Canales TurboHD + 1 Canales IP
010570;[DVR-208Q-K1] HiLook - DVR 2K [4MP] Lite Pentahibrido 8 Canales TurboHD + 4 Canales IP
010676;[DVR-208U-M1] HiLook - DVR 1080P [4MP] Lite Pentahibrido 8 Canales TurboHD + 4 Canales IP
010221;[DVR-216Q-K1] HiLook - DVR 2K [4MP] Pentahibrido 16 Canales TurboHD + 8 Canales IP
010643;[DVR-216Q-M1] HiLook - DVR 1080P [4MP] Lite Pentahibrido 16 Canales TurboHD + 2 Canales IP
010677;[DVR-216U-M2] HiLook - DVR 1080P [5MP] Lite Pentahibrido 8 Canales TurboHD + 8 Canales IP
010644;[DVR-232Q-M2] HiLook - DVR 3K [5MP] Lite Pentahibrido 32 Canales TurboHD + 2 Canales IP
061335;[E2000LFP] Pecron - Estación de Poder Portátil Expandible Inversor de Onda Sinusoidal Pura de CA de 2000W 1920Wh 25.6V 75Ah Batería LiFePo4 Central Electrica
060599;[E302+] Barkan - Soporte/Base Fija para Pantallas 19 a 65 Pulgadas 50Kg
060600;[E310+] Barkan - Soporte/Base Inlinada para Pantallas 19 a 65 Pulgadas 50Kg
061336;[E3600LFP] Pecron - Estación de Poder Portátil Inversor de Onda Sinusoidal Pura de CA de 3600W 3072Wh 32V 20Ah Batería LiFePo4 Central Electrica
061333;[E500LFP] Pecron - Estación de Poder Portátil Inversor de Onda Sinusoidal Pura de CA de 600W 576WH 19.2V 30Ah Batería LiFePo4 Central Electrica
021579;[E50UG] Mikrotik - (hEX version 2024) Router 5 Puertos Gigabit
020993;[E5350] Linksys - Router Inalambrico WiFi Doble Banda 10/100 AC1000 2 Antenas
061334;[E600LFP] Pecron -  Estación de Poder Portátil Inversor de Onda Sinusoidal Pura de CA de 1200W 614WH 25.6V 24Ah Batería LiFePo4 Central Electrica
020995;[EA6100] Linksys - Router Inalambrico WiFi Doble Banda 10/100 AC1200 2 Antenas
021777;[EAP215-Bridge KIT] TP-Link - Punto de Acceso Wi-Fi Exterior Bridge Omada 5 GHZMesh 3 Puerto Gigabit de 5Km de Alcance IP65
021778;[EAP223] TP-Link - Punto de acceso Wi-Fi 5 Doble Banda 1 Puerto Gigabit de Montaje en Techo AC1350
020322;[EAP225-Outdoor] TP-Link - Punto de Acceso Inalambrico MU-MIMO de Exterior/Interior AC1200 [Omada]
020423;[EAP225] TP-Link - Punto de Acceso de Montaje en Techo Inalambrico Doble Banda Gigabit MU-MIMO AC1350 [Omada]
021429;[EAP230-WALL] TP-Link - Punto de Acceso Inalámbrico de Pared Gigabit inalámbrico MU-MIMO AC1200 [Omada]
020424;[EAP235-Wall] TP-Link - Punto de Acceso de Pared Inalambrico Doble Banda Gigabit MU-MIMO AC1200 [Omada]
020651;[EAP245] TP-Link - Punto de Acceso de Montaje en Techo Inalambrico Doble Banda Gigabit AC1750 [Omada]
020538;[EAP265-HD] TP-Link - Punto de Acceso de Montaje en Techo Inalambrico Doble Banda Gigabit AC1750 [Omada]
021692;[EAP610GP-DESKTOP] TP-Link - Punto de Acceso GPON Wi-Fi 6 AX1800 de Escritorio 1 Puerto SC/APC GPON Uplink y 2 Puertos Gigabit RJ45 [Omada]
021367;[EAP610] TP-Link - Punto de Acceso Wifi6 Montaje en Techo AX1800 [Omada]
021691;[EAP613(5-PACK)] TP-Link - Punto de Acceso WiFi 6 de Montaje en Techo AX1800 Mesh [Omada] [5 Unidades]
021431;[EAP613] TP-Link - Punto de Acceso Wi-Fi 6 de Montaje en Techo AX1800 [Omada]
021358;[EAP615-WALL] TP-Link - Punto de Acceso Wi-Fi 6 de Montaje en Pared AX1800 [Omada]
021690;[EAP615GP-Wall] TP-Link - Punto de Acceso de Pared Wi-Fi 6 AX1800 1 Puerto SC/APC GPON Uplink y 2 Puertos Gigabit RJ45 [Omada]
020628;[EAP620-HD] TP-Link - Punto de Acceso de Montaje en Techo Inalambrico Doble Banda Gigabit AX1800 [Omada]
021439;[EAP623-Outdoor-HD] TP-Link - Punto de Acceso Wi-Fi 6 de Interior/Exterior AX1800 [Omada]
021440;[EAP625-Outdoor-HD] TP-Link - Punto de Acceso Wi-Fi 6 de Interior/Exterior AX1800 [Omada]
021368;[EAP650-OUTDOOR] TP-Link - Punto de Acceso Wifi6 para Interiores/Exteriores AX3000 [Omada]
021003;[EAP650] TP-Link - Punto de Acceso de Montaje en Techo Inalambrico Doble Banda Gigabit AX3000 WiFi6 [Omada]
021459;[EAP653-5PACK] TP-Link - Punto de Acceso Wi-Fi 6 de Montaje en Techo AX3000 Mesh [Omada]
021351;[EAP653] TP-Link - Punto de Acceso Wi-Fi 6 de Montaje en Techo AX3000 Mesh [Omada]
021352;[EAP655-WALL] TP-Link - Punto de Acceso Wi-Fi 6 de Montaje en Pared AX3000 [Omada]
021369;[EAP660-HD] TP-Link - Punto de Acceso Wifi6 Montaje en Techo AX3600 [Omada]
021689;[EAP670] TP-Link - Punto de Acceso WiFi 6 de Montaje en Techo AX5400 Mesh [Omada]
021688;[EAP673] TP-Link - Punto de Acceso Wi-Fi 6 de Montaje en Techo AX5400 Mesh [Omada]
021687;[EAP683 UR] TP-Link - Punto de Acceso Wi-Fi 6 de Montaje en Techo AX6000 de Largo Alcance Mesh [Omada]
021004;[EAP690E HD] TP-Link - Punto de Acceso de Montaje en Techo Inalambrico Doble Banda Gigabit AXE11000 WiFi6E [Omada]
061337;[EB3000-24V] Pecron - Bateria LiFePO4 de Expansion 24V 3072WH 25.6V/120AH Compatible solo con E2000LFP
021683;[EC225-G5] TP-Link - Router Inalambrico WiFi Doble Banda Gigabit AC1300 MU-MIMO Aginet 4 Antenas
060957;[EG3-BLACK] Fantech - Audifonos Earbuds  [Negro]
061338;[EP3000-48V] Pecron -  Bateria LiFePO4 de Expansion 48V 3072WH 5.5V/60AH Compatible solo con E1500LFP/ E3600LFP
021164;[ER-12] Ubiquiti - EdgeRouter 12 con 10 Puertos 10/100/1000 Mbps + 2 Puertos SFP con Funciones Avanzadas de Ruteo
021390;[ER-4] Ubiquiti - EdgeRouter 4 con 3 Puertos 10/100/1000 Mbps + 1 Puerto SFP con Funciones Avanzadas de Ruteo
021391;[ER-6P] Ubiquiti - EdgeRouter 6 PoE Pasivo 24 V con 5 Puertos 10/100/1000 Mbps + 1 Puerto SFP con Funciones Avanzadas de Ruteo
021024;[ER-X-SFP] Ubiquiti - Router x SFP de 5 Puertos Gigabit + 1 Puerto SFP con Funciones Avanzadas de Ruteo
020797;[ER-X] Ubiquiti - EdgeRouter X de 5 Puertos Gigabit con Funciones Avanzadas de Ruteo
020656;[ER605] TP-Link - Router Balanceador VPN Gigabit [Omada]
021500;[ER707-M2] TP-Link - Router VPN Multi-Gigabit [Omada]
020585;[ER7206] TP-Link - Router VPN SafeStream Gigabit Multi-WAN [Omada]
021415;[ER7212PC] TP-Link - Router VPN Gigabit 3 en 1 [Omada]
021779;[ER7406] TP-Link - Router Balanceador VPN Omada Multi-Gigabit 1 Puerto WAN/LAN Gigabit SFP 5 Puerto Gigabit VPN Montaje en Rack/Sobremesa
021359;[ER8411] TP-Link - Router VPN con Puertos 10G [Omada]
020910;[ES-16XP] Ubiquiti - EdgeSwitch Administrable de 16 Puertos Gigabit PoE PRO de 24V/48V Configurable
021392;[ES-24-250W] Ubiquiti - Switch EdgeMAX Administrable de 24 Puertos Gigabit con PoE+/PoE Pasivo 24V + 2 Puertos SFP 250 W
021025;[ES-48-500W] Ubiquiti - Switch EdgeMAX Administrable de 48 Puertos Gibabit PoE+/PoE Pasivo 24V + 2 Puertos SFP + 2 Puertos SFP+ 500W
021393;[ES-8-150W] Ubiquiti - Switch EdgeMAX Administrable de 8 Puertos Gigabit con PoE+/PoE Pasivo 24V + 2 Puertos SFP 150 W
061621;[ES531] Astra - Cornetas Gamer para PC NEBULA RGB Usb Aux 3.5 3W x 2 Estereo [Negro]
050898;[EST1100] Lucerna - Lampara de Estanteria lineal Recargable 3000k 1.100mAh con sensor de movimiento
050897;[EST300] Lucerna - Lampara de Estanteria tipo aplique Recargable 3000k 300mAh con sensor de movimiento 
020911;[ETH-SP-G2] Ubiquiti - Protector Contra Descargas Electrostáticas para Equipos Ubiquiti GEN2 para Exterior
080214;[EUV-150S036ST-KW02] Hikvision - Fuente de Poder de Voltaje Constante de 36 Vcc 4,17A 150W Para PTZ Tandemvu
020873;[EX220] TP-Link - Router Inalambrico WiFi6 Doble Banda AX1800 4 Antenas 5dBi
021504;[EX222] TP-Link - Router Mesh Gigabit Doble Banda AX1800 WiFi6 
021516;[EX511] TP-Link - Router Inalambrico Gigabit Doble Banda AX3000 WiFi6
021026;[F-POE-G2] Ubiquiti - Transporte Óptico de Datos para Dispositivos PoE para Exteriores
080117;[F12V2AMP] Wiretech - Transformador 12V 2Amp
080118;[F12V5AMP] Wiretech - Transformador 12V 5Amp
060574;[F710] Logitech - Gamepad Inalambrico
060285;[FAN060] Fan Cooler LED Case Ice Blue 120x120mm
060124;[FAN061] Fan Cooler LED Case Azul 120x120mm
060284;[FAN065] Fan Cooler LED Case Morado 120x120mm
060524;[FB-301] Fantech - Fan Turbina RGB Gaming
020480;[FCM12X25] Onlink - Fan Cooler para Rack Metal 12x12x25mm
020481;[FCM12X38] Onlink - Fan Cooler para Rack Metal 12x12x38mm con Tornillos
060666;[FDC-1000T] Forza - UPS En Línea Sinusoidal 1000VA/900W Torre Pantalla LCD 110V [3] x NEMA 5-15R [3 en Reserva]
061480;[FDC-1001RUL] Forza - UPS 1000VA/900W 110V 3 NEMA 40-70Hz
060755;[FDC-103K] Forza - UPS En Línea 3000VA/3000W Torre Pantalla LCD 110V [8] x NEMA 5-20R + [1] x NEMA L5-30R USB/SNMP/RS-232
060766;[FDC-1511RUL] Forza - UPS En Línea Sinusoidal 1500VA/1350W Torre Pantalla LCD 110V [8] x NEMA 5-15R [8 en Reserva] USB/SNMP/RS-232
061343;[FDC-2000T] Forza - UPS 2000VA/1800W 4 SLDS Sinus Pura Torre 120V NEMA 5-15P
060719;[FDC-3011RUL] Forza - UPS Atlas Doble Conversión En Línea 3000VA/3000W [8] x NEMA 5-20R + [1] x NEMA L5-30R
061053;[FDC-CD610] Forza - Tarjeta Adaptadora SNMP Para Serie FDC
021083;[FDC-RK1102U] Forza - Fusion kit de Rieles para UPS de Rack 2U 
061479;[FDC-RT1000VA] Forza - UPS 1000VA/700W 120V 3 NEMA USB
090182;[FM11RF08-M1] Hikvision - Tarjeta de proximidadMifare1 Frecuencia (13,56MHz)
060671;[FNA-600C] Forza - Adaptador Cargador Universal de 60W USB-C Electrónicos 110V/220V
060906;[FNA-601C] Forza - Adaptador Cargador Universal de 65W USB-C Electrónicos 110V/220V
021230;[FPD-1411M1U] Forza - Regleta Inteligente PDU para Rack Medible 1800W, 14 tomas, 1U, 110V
021232;[FPD-1611M0US] Forza - Regleta Inteligente PDU para Rack Medible 1800W, 16 tomas, SNMP, 1U, 110V
021231;[FPD-1611M0U] Forza - Regleta Inteligente PDU para RackMedible 1800W, 16 tomas, 1U, 110V
061058;[FPP-T1200] Forza - Titan 1200W Generador electrico portatil 110V/120V 3AC/8DC
061056;[FPP-T300] Forza - Titan 300W Generador electrico portatil 110V/120V 2AC/6DC
061057;[FPP-T700] Forza - Titan 700W Generador electrico portatil 110V/120V 2AC/8DC
060715;[FPS-005B] Forza - Regleta de Alimentacion de 2400W [6] NEMA Universal 5-15R 110V/220V
060710;[FSP-06MN] Forza - Regleta Protector de Voltaje 110V/220V 1800W 6 x NEMA 5-15R
060668;[FSP-1011USBW] Forza - Regleta Protector de Voltaje 1750W [11] x NEMA 5-15R + USB + RJ45 + Coaxial 120V/240V
061080;[FSP-1221USBCW] Forza - Protector de Voltaje 1625W/2700J 110V/240V [12] Tomas + [3] USBA + [1] USBC
061051;[FSP-411USBCW] Forza - Regleta 1625W 4 Tomas 110V / 220V 6 X NEMA Universal 5-15R
060768;[FSP-4412USB] Forza - Estación de Carga 1250J/1300W [4] x NEMA 5-15R [4] USB 110V/240V
061342;[FSP-451USBCW] Forza - Protector de Voltaje 1750W 110 / 120 4Tomas
061052;[FSP-512USBW] Forza - Protector Contra Sobretensiones 12001540W, 120V-240V 5 Salidas
060667;[FSP-612USBW] Forza - Regleta Protector de Voltaje 1680W [6] x NEMA 5-15R Enchufe Plano 120V/240V
061081;[FSP-651W] Forza - Protector de Sobretension 1625W/1000J 120V/240V [6] Tomas
060905;[FSP-806] Forza - Protector de Voltaje 2200W 110V/220V [6] Tomas
070705;[FUB-1245] Forza - Bateria Sellada 12V 4.5Ah
070703;[FUB-1270] Forza - Bateria Sellada 12V 7Ah
070704;[FUB-1290] Forza - Bateria Sellada 12V 9Ah
060581;[FVP-0200C] Forza - Protector de Voltaje 120V 1800W [2] x NEMA Universal 5-15R + Coaxial Giro de 350°
060579;[FVP-1201B] Forza - Protector de Voltaje 120V 1800W [1] x NEMA Universal 5-15R Giro de 350°
060580;[FVP-1201N] Forza - Protector de Voltaje 120V 1800W [1] x NEMA Universal 5-15R + RJ45 Giro de 350°
060578;[FVP-1212N] Forza - Protector de Voltaje 220V 1800W [1] x NEMA Universal 5-15R + RJ45 Giro de 350°
060711;[FVP-3302B] Forza - Protector de Voltaje 220V 3300W [1] x NEMA 6-15R Giro de 350°
060577;[FVP-4402B] Forza - Protector de Voltaje 220V 4400W [1] x NEMA 6-20R Giro 350°
061131;[FVP-6630B] Forza - Protector de Voltaje 220V 6600W 30A 4HP
060752;[FVR-1001] Forza - Regulador Automático de Voltaje 110V 1000VA/500W [4] x NEMA 5-15R
060751;[FVR-1011USB] Forza - Regulador Automático de Voltaje 110V 1000VA/500W [4] x NEMA 5-15R
060582;[FVR-1011] Forza - Regulador Automático de Voltaje 110V 1000VA/500W [4] x NEMA 5-15R
060583;[FVR-1211USB] Forza - Regulador Automático de Voltaje 110V 1000VA/500W [8] x NEMA 5-15R + [2] USB
060904;[FVR-1221USB] Forza - Regulador Automático de Voltaje 110V 1200VA/600W 8 + 2 USB
060714;[FVR-2201] Forza - Regulador Automático de Voltaje 110V 2200VA/1100W [8] x NEMA 5-15R
060584;[FVR-3001M] Forza - Regulador Automático de Voltaje 110V 3000VA/1500W [4] x NEMA 5-15R + RJ45
061054;[FVR-3001] Forza - Regulador Automático de Voltaje 110V 3000VA/1500W [4] x NEMA 5-15R + RJ45
060670;[FWT-331USBC] Forza - Toma Corriente Protector de Voltaje 1875W [3] x NEMA 5-15R + USB 120V
060750;[FWT-4012USB] Forza - Protector + Estación de Carga Integral con 4 Puertos USB 5V 24W con Luz Nocturna
060669;[FWT-631USBC] Forza - Toma Corriente Protector de Voltaje 1875W [6] x NEMA 5-15R + USB 120V
060588;[FX-1500LCD] Forza - UPS Interactivo 1500VA/840W Pantalla LCD 110V [8] x NEMA 5-15R + USB + Coaxial
060589;[FX-2200LCD] Forza - UPS Interactivo 2200VA/1200W Pantalla LCD 110V [8] x NEMA 5-15R + USB + Coaxial
021460;[FlexHD-CM-3] Ubiquiti - Montaje de Techo para UniFi FlexHD [3 Unidades]
060537;[G13] Fantech - Mouse Rhasta II Gaming
060374;[G203-BLACK] Logitech - Mouse Alambrico USB Programable RGB Gaming [Negro]
060368;[G203-WHITE] Logitech - Mouse Alambrico USB Programable RGB Gaming [Blanco]
060371;[G213-BLACK] Logitech - Teclado RGB LIGHTSYNC Gaming Alambrico USB [Inglés] [Negro] Prodigy
060369;[G305-BLACK] Logitech - Mouse Inalambrico Lightspeed Gaming [Negro]
061444;[G305-WHITE] Logitech - Mouse Inalambrico Lightspeed Gaming [Blanco]
060366;[G332] Logitech - Audifonos con Micrófono Volteable Gaming 981-000755
060506;[G335] Logitech - Audifonos con Micrófono Gaming Negro 981-000977
021685;[G36W-4G] TP-Link - Router VPN 4G+ Cat6 AX3000 Doble Banda Gigabit [Omada Pro]
021686;[G36] TP-Link - Router VPN 1 Puerto Gigabit SFP y 5 Puertos Gigabit RJ45 [Omada Pro]
060458;[G403-BLACK] Logitech - Mouse Alambrico USB Programable LIGHTSYNC Gaming [Negro]
060461;[G413-BALCK] Logitech - Teclado Mecánico con Retroiluminación Gaming Alambrico USB [Inglés] [Negro]
061428;[G432] Logitech - Audifonos con Micrófono Gaming Negro cableados
060408;[G433] Logitech - Audifonos con Micrófono con Sonido Envolvente 7.1 Gaming 981-000668
060507;[G435] Logitech - Audifonos Inalámbricos con micrófono LIGHTSPEED Negro y Amarillo Gaming 981-001049
060459;[G502-BLACK] Logitech - Mouse Alambrico USB Alto Desempeño Sensor Hero 25K Gaming [Negro]
061102;[G502X-BLACK] Logitech - Mouse Alambrico USB Alto Desempeño Gaming  13 Botones 25.600 DPI [Negro]
061443;[G502X-WHITE] Logitech - Mouse Alambrico USB Alto Desempeño Gaming  13 Botones 25.600 DPI [Blanco]
060456;[G513-BLACK] Logitech - Teclado Mecánico RGB LIGHTSYNC Gaming Alambrico USB [Inglés] [Negro]
060501;[G560] Logitech - Cornetas Multimedia 2.1 RGB Entradas USB/3.5mm/Bluetooth 120W RMS 980-001300
060370;[G600-BLACK] Logitech - Mouse Alambrico USB RGB LIGHTSYNC MMO 20 Botones Gaming [Negro]
060457;[G603-BLACK] Logitech - Mouse Inalambrico Lightspeed [Negro]
060460;[G604-BALCK] Logitech - Mouse Inalambrico Lightspeed Sensor Hero 25K 15 Controles Gaming [Negro]
021494;[G611] TP-Link - Router VPN Puertos 10G [Omada Pro]
060970;[G920] Logitech - Volante y Padales de Carreras Para Xbox y PC
070059;[GAM-M220] Exceline - Arrancador Motores Monafasicos hasta 2HP 200V [Bornera]
020798;[GBE-PLUS] Ubiquiti - Sistema de Radio airMAX AC de 60 GHz con Rendimiento True Duplex Gigabit
070242;[GBP-060] Exceline - Bomba Periferica Exceline 1/2 HP 110V
070071;[GBS-LA750S] Exceline - Bomba Sumergible para Achique 110V
070124;[GCF-MV-NC-SDS] Exceline - Fotocelda Multivoltaje Azul [NC]
070543;[GCF-MV-NO-SDS] Exceline - Fotocelda Multivoltaje Azul [NO]
021661;[GE-SFP-LX20-SM1310-BIDI] Ruijie/Reyee - SME Módulo Transceptor GE-SFP-LX20-SM1310-BIDI 1000BASE-LX SFP 1310nm-TX/1550nm-RX 20-km DDM Simplex LC SMF
021662;[GE-SFP-LX20-SM1550-BIDI] Ruijie/Reyee - SME Módulo Transceptor GE-SFP-LX20-SM1550-BIDI 1000BASE-LX SFP 1550nm-TX/1310nm-RX 20-km DDM Simplex LC SMF
070892;"[GFA-050-PP] - Exceline - Filtro de Agua de 1/2 y 3/4 Malla de Polipropileno (Conexiones de entrada y salida 3/4"" NPT)"
070127;"[GFA-050] Exceline - Filtro de Agua de 1/2 Malla de Acero Inoxidable (Conexiones de entrada y salida 1/2"" NPT)"
070891;"[GFA-075] - Exceline - Filtro de Agua de 3/4 Malla de Acero Inoxidable (Conexiones de entrada y salida 3/4"" NPT)"
070893;[GFA-CR-PP] - Exceline -  Cartucho de Repuesto de Polipropileno para Filtros de Agua Exceline
070070;[GFE-MV3M] Exceline - Flotante Electrico IP68
070533;[GFR-MR7HS] Exceline - Fotocelda y Base Multivoltaje [NC] Fototimer
070069;[GFR-MV-NC-SDS] Exceline - Fotocelda y Base Multivoltaje [NC]
061205;[GLB12-100FT] CDP - Bateria Plomo-Ácido Sellada 12V 100Ah
061402;[GM124BK] Astra - Mouse Almabrico USB 3 Bonones 1000 DPI [Negro]
061403;[GM314BK] Astra - Mouse Alambrico USB Gaming RGB 7 Bonones 7200 DPI [Negro]
061404;[GM320] Astra - Mouse Alambrico USB Gaming RGB 9 Bonones 12800 DPI [Negro]
061405;[GM520] Astra - Mouse Alambrico USB Gaming RGB 8 Bonones 12800 DPI [Negro]
070455;[GMP5-3520] Exceline - Supresor de Picos 220V [Bornera]
070456;[GMP5-3540] Exceline - Supresor de Picos 480V [Bornera]
070540;[GMR-3520M] Exceline - Modulo de Reemplazo para Supresor de Picos 220V [Bornera]
070541;[GMR-3540M] Exceline - Modulo de Reemplazo para Supresor de Picos 480V [Bornera]
070850;[GMT-3R3U] Exceline - Multitoma con Puertos USB CYA-Tres Receptaculos 120vac y 3 puertos USB
070849;[GMT-5R3U-C] Exceline - Regleta con Puertos USB C y A con Cable
070068;[GMT-6-120308] Exceline - Regleta con Supresor de Picos [Negro]
070536;[GMT-6-120S08] Exceline - Regleta Estandar [Blanco]
061171;[GP15-BLACK] Fantech - Gamepad Fantech Eos vega Cableado [Negro]
100040;[GPR22] Maxiprint - Polvo Toner Compatible Canon Negro [Recarga] GPR22
100010;[GPR22] Maxiprint - Toner Compatible Canon Negro GPR22
100160;[GPR39-GPR48] Maxiprint - Toner Compatible Canon Negro GPR39 GPR48
100159;[GPR42] Maxiprint - Toner Compatible Canon Negro GPR42
100158;[GPR54] Maxiprint - Toner Compatible Canon Negro GPR54
070724;[GQC-15A-1] Exceline - Breaker Superficial GQC TermoMagnetico 15Amp [1 polo]
070725;[GQC-20A-1] Exceline - Breaker Superficial GQC TermoMagnetico 20Amp [1 polo]
070728;[GQC-20A-2] Exceline - Breaker Superficial GQC TermoMagnetico 20Amp [2 polos]
070731;[GQC-20A-3] Exceline - Breaker Superficial GQC TermoMagnetico 20Amp [3 polos]
070726;[GQC-30A-1] Exceline - Breaker Superficial GQC TermoMagnetico 30Amp [1 polo]
070729;[GQC-30A-2] Exceline - Breaker Superficial GQC TermoMagnetico 30Amp [2 polos]
070732;[GQC-30A-3] Exceline - Breaker Superficial GQC TermoMagnetico 30Amp [3 polos]
070727;[GQC-40A-1] Exceline - Breaker Superficial GQC TermoMagnetico 40Amp [1 polo]
070730;[GQC-40A-2] Exceline - Breaker Superficial GQC TermoMagnetico 40Amp [2 polos]
070733;[GQC-40A-3] Exceline - Breaker Superficial GQC TermoMagnetico 40Amp [3 polos]
070898;[GQC-50A-2] - Exceline - Breaker Superficial GQC TermoMagnetico 50Amp [2 polos]
070734;[GQC-50A-3] Exceline - Breaker Superficial GQC TermoMagnetico 50Amp [3 polos]
070899;[GQC-60A-2] - Exceline - Breaker Superficial GQC TermoMagnetico 60Amp [2 polos]
070735;[GQC-60A-3] Exceline - Breaker Superficial GQC TermoMagnetico 60Amp [3 polos]
070129;[GQL-20A-1] Exceline - Breaker Enchufable GQL TermoMagnetico 20Amp [1 polo]
070131;[GQL-20A-2] Exceline - Breaker Enchufable GQL TermoMagnetico 20Amp [2 polos]
070537;[GQL-20A-3] Exceline - Breaker Enchufable GQL TermoMagnetico 20Amp [3 polos]
070130;[GQL-30A-1] Exceline - Breaker Enchufable GQL TermoMagnetico 30Amp [1 polo]
070132;[GQL-30A-2] Exceline - Breaker Enchufable GQL TermoMagnetico 30Amp [2 polos]
070538;[GQL-30A-3] Exceline - Breaker Enchufable GQL TermoMagnetico 30Amp [3 polos]
070133;[GQL-40A-2] Exceline - Breaker Enchufable GQL TermoMagnetico 40Amp [2 polos]
070134;[GQL-40A-3] Exceline - Breaker Enchufable GQL TermoMagnetico 40Amp [3 polos]
070135;[GQL-50A-3] Exceline - Breaker Enchufable GQL TermoMagnetico 50Amp [3 polos]
070136;[GQL-60A-3] Exceline - Breaker Enchufable GQL TermoMagnetico 60Amp [3 polos]
070144;[GRA-MV] Exceline - Rele Alternador Hidroneumaticos 110V/220V
070125;[GRF-S] Exceline - Base para Fotocelda Estandard
070539;[GRN-MV] Exceline - Rele Nivel de Liquidos Conductores 110V/220V [Bornera]
060522;[GS205] Fantech - Cornetas Hellscream 2.0
060523;[GS301] Fantech - Cornetas Trifecta 2.0
060521;[GS302] Fantech - Cornetas Alegro 2.0
061617;[GSDC4BC] Astra - Adaptador 11 en 1 Tipo C (RJ45 + TF/SD + HDMI 4K + USB 2.0 + 3 USB 3.0 +PD 3.0C + AUDIO + VGA)
061376;[GSDC4CE] Astra - Docking Station 12 en 1 Tipo C (USB2.0 + 2USB 3.0+2 HDMI 4K + VGA + Audio + PD + RJ45 + USB-C + SD/TF)
070044;[GSM-AS120BS] Exceline - Protector de A/A Split 110V [Bornera]
070045;[GSM-AS220BS] Exceline - Protector de A/A Split 220V [Bornera]
070738;[GSM-C120] Exceline - Supervisor Monofasico de Refrigeración y A/A 110V [Bornera]
070739;[GSM-C220] Exceline - Supervisor Monofasico de Refrigeración y A/A 220V [Bornera]
070052;[GSM-EP120] Exceline - Protector de Equipos Electronicos Profesionales 110V [Enchufable]
070140;[GSM-L120] Exceline - Supervisor Monofasico 110V [Bornera]
070141;[GSM-L220] Exceline - Supervisor Monofasico 220V [Bornera]
070051;[GSM-LPM120] Exceline - Protector de Laptop Router Modem 110V [Enchufable]
070050;[GSM-LV120] Exceline - Protector de Lavadoras 110V [Enchufable]
070062;[GSM-M120B/3] Exceline - Protector Motores Monofasicos hasta 1.5HP 110V [Bornera]
070063;[GSM-M220B/3] Exceline - Protector Motores Monofasicos hasta 3HP 220V [Bornera]
070834;[GSM-MT120SE] Exceline - Regleta Protector de Voltaje Multitoma con Supresor de Pico 120V 6 Tomas 15A 1800W
070889;[GSM-MT120T] - Exceline - Regleta con Conector Telefonico Protector de Voltaje Multitoma con Supresor de Pico 120V 6 Tomas 15A 1800W
070046;[GSM-MW120] Exceline - Protector de Microondas 110V [Enchufable]
070039;[GSM-N120] Exceline - Protector de Nevera 110V [Enchufable]
070040;[GSM-NP120] Exceline - Protector de Nevera de Ultima Generacion 110V [Enchufable]
070053;[GSM-PC120] Exceline - Protector de Computadoras 110V [Enchufable]
070056;[GSM-R120B/3] Exceline - Protector de A/A y Refrigeracion AltaCarga 110V [Bornera]
070057;[GSM-R220B/3] Exceline - Protector de A/A y Refrigeracion AltaCarga 220V [Bornera]
070041;[GSM-RE120A/3] Exceline - Protector de A/A 18000btu 110V [Enchufable]
070043;[GSM-RE220CS/3] Exceline - Protector de A/A 48000btu 220V Toma China [Enchufable]
070042;[GSM-RE220M/3] Exceline - Protector de A/A 48000btu 220V [Enchufable]
070064;[GSM-RF120B/3] Exceline - Protector Compresores Monafasicos 110V [Bornera]
070065;[GSM-RF220B/3] Exceline - Protector Compresores Monafasicos 220V [Bornera]
070049;[GSM-TV120] Exceline - Protector de Televisores 110V [Enchufable]
070047;[GSME120] Exceline - Protector de Equipos Electronicos 110V [Enchufable]
070048;[GSMMP120] Exceline - Protector Multiproposito 110V [Enchufable]
021895;[GSPC09A] Astra - Tarjeta de Red PCI Express 1 Gigabit RJ45
070066;[GST-RM220] Exceline - Supervisor Trifasico 220V [Bornera]
070067;[GST-RM440] Exceline - Supervisor Trifasico 480V [Bornera]
070753;[GST-RR220] Exceline - Supervisor de voltaje Trifasico para refrigeracion y A/A 220V [Bornera]
070805;[GST-RR440] Exceline - Supervisor de voltaje Trifasico para refrigeracion y A/A 440V [Bornera]
061622;[GSZJ47A] Astra - Base Metalica Para Portatil con Dockin Station 7 en 1
070145;[GTC-B1CMV] Exceline - Programador de Horario Digital 110V/220V [Bornera]
070812;[GTC-B1LMV] Exceline - Reloj Programador Multivoltaje 120 - 220 V Contacto Spdt 3.5 A
070142;[GTC-MR3] Exceline - Temporizador Multirango 110V/220V
070143;[GTC-MR6] Exceline - Temporizador Multirango 110V/220V
070890;[GTP-A] - Exceline - Temporizador con Retardo a la Conexión 0,01 a 10 Minutos 24 / 120 / 208 / 240V
070128;"[GVF-050-HI] Exceline - Valvula Flotante Mecánica con Flotador (1/2"")"
070894;"[GVF-075-HI] - Exceline - Valvula Flotante Mecánica con Flotador (3/4"")"
070895;"[GVF-100-HI] - Exceline - Valvula Flotante Mecánica con Flotador (1"")"
070896;"[GVF-150-HI] - Exceline - Valvula Flotante Mecánica con Flotador (1 1/2"")"
070897;"[GVF-200-HI] - Exceline - Valvula Flotante Mecánica con Flotador (2"")"
061401;[GW224BK] Astra - Mouse Inalambrico USB 6 Bonones 1600 DPI [Negro]
021499;[GX90-ARCHER] TP-Link - Router Gaming de Triple Banda WiFi6 AX6600
090519;[GXP2130] Grandstream - Teléfono IP Empresarial PoE
090520;[GXP2135] Grandstream - Teléfono IP Multilínea de Alto Rendimiento
080105;[H-777] Retevis - Radio Portatil FRS 16 Canales [1 Unidad]
011025;[H10] Dahua - Cámara de Tablero (DashCam) Soporta ADAS (Sistemas Avanzados de Asistencia al Conductor) 2160P Ultra Alta Resolución Conectividad Wi-Fi Ranura MicroSD hasta 256 GB Micrófono y Altavoz Integrados
060912;[H111] Logitech - Logitech Auriculares Estéreo con micrófono con Cancelación de Ruido
060390;[H151] Logitech - Audifonos Estéreo con Micrófono 981-000587
061639;[H390-PINK] Logitech - Audifonos Estéreo con Micrófono para PC 981-000406 [Rosado]
061638;[H390-WHITE] Logitech - Audifonos Estéreo con Micrófono para PC 981-000406 [Blanco]
060398;[H390] Logitech - Audifonos Estéreo con Micrófono para PC 981-000406
060397;[H500GS] HP - Audifonos Gaming [Negro]
021581;[H53UiG-5HaxQ2HaxQ] Mikrotik - Router Wi-Fi 6 MIMO 4x4 2.5G 5 Puertos Gigabit y Antenas Externas para Hogar y Pequeñas Oficinas
020618;[HALO-H30G-2PACK] Mercusys - Router Inalambrico WiFi Mesh Doble Banda AC1300 [2 Unidades]
020744;[HALO-H30G-3PACK] Mercusys - Router Inalambrico WiFi Mesh Doble Banda AC1300 [3 Unidades]
020624;[HALO-H50G-2PACK] Mercusys - Router Inalambrico WiFi Mesh Doble Banda AC1900 [2 Unidades]
020617;[HALO-H50G-3PACK] Mercusys - Router Inalambrico WiFi Mesh Doble Banda AC1900 [3 Unidades]
021425;[HALO-H60X-2PACK] Mercusys - Router Inalambrico Wi-Fi 6 Doble Banda Mesh AX1500 [2 Unidades]
021424;[HALO-H60X-3PACK] Mercusys - Router Inalambrico Wi-Fi 6 Doble Banda Mesh AX1500 [3 Unidades]
020983;[HALO-H70X-2PACK] Mercusys - Router Inalambrico WiFi Mesh AX1800 [2 Unidades]
020984;[HALO-H70X-3PACK] Mercusys - Router Inalambrico WiFi Mesh AX1800 [3 Unidades]
021668;[HALO-H80X-3PACK] Mercusys - Router Inalambrico Wi-Fi 6 Doble Banda Mesh AX3000 [3 Unidades]
020896;[HC220-G5-1PACK] TP-Link - Router Inalambrico WiFi Mesh Doble Banda AC1200 [1 Unidad]
020753;[HC220-G5-2PACK] TP-Link - Router Inalambrico WiFi Mesh Doble Banda AC1200 [2 Unidades]
020515;[HC4-2PACK] TP-Link - Router Inalambrico WiFi Mesh Doble Banda AC1200 [2 Unidades]
010752;[HD-217B] U-PRODUCTS- Video Balun Pasivo HD-CVI-TVI-AHD para exteriores
010751;[HD-TOR] U-Products - Video Balun Pasivo HD-CVI-TVI-AHD de tornillo
061385;[HD002] Astra - Enclosure Sata3 a Tipo C HDD USB 3.0
061386;[HD1200] Astra - Enclosure M.2 NVME Tipo C 3.1 SSD
070875;[HES60] Marsriva - Estacion de Energia Apilable 6600W LiFePO4 (6394Wh / 48V / 2-100kWh)
040145;"[HF-CAB1] Hikvision - Campana de Alarma Contra Incendio de 6"" de 24V Sonido de 75 dB y 120 dB [HikFire]"
040142;[HF-CH1] Hikvision - Sensor de Temperatura Convencional Conexión de 2 Hilos 24 VDC [HikFire]
040143;[HF-CMP1] Hikvision - Estación Manual de Incendio Convencional Conexión de 2 Hilos 24 VDC [HikFire]
040140;[HF-CS1] Hikvision - Sensor de Humo Fotoeléctrico Convencional Conexión de 2 Hilos 24 VDC [HikFire]
040144;[HF-CSS1] Hikvision - Sirena con Luz Estroboscópica Convencional para Incendio Conexión de 2 Hilos 24 VDC [HikFire]
040137;[HF-GM100(O-STD)] Hikvision - Detector de Monóxido de Carbono Sensor Electroquímico Avanzado Alarma Visual y Audible
040138;[HF-GN110(O-STD)] Hikvision - Detector de Gas Natural Metano (CH4) Alarma Temprana Salida para Cierre de Válvula Protección IP30 Alarma de 70dB a 115dB
040139;[HF-GP110(O-STD)] Hikvision - Detector de Gas LP Propano C3H8 Alarma Temprana Salida para Cierre de Válvula Protección IP30 Alarma de 70dB a 115dB 
011146;[HF-VA403(2.8MM)] Hikvision - Cámara IP [4Mp] IA Detección de Fuego y Humo Lente 2.8mm
011150;[HF-VH243(2.8mm)(O-STD)] Hikvision - Cámara IP [4Mp] de Detección de Temperatura Sin Contacto Exterior Micrófono y Bocina para Audio de dos Vías IP66
011147;[HF-VH403(2.8MM)] Hikvision - Cámara IP [4Mp] IA Detección de Fuego y Humo Lente 2.8mm
011149;[HF-VR343(4mm)(O-STD)] Hikvision - Cámara IP [4Mp] de Detección de Incendios Piroeléctrico Infrarrojo Alarma de 120 dB Onvif IP67 Lente 4mm
011148;[HF-VS409(O-STD)] Hikvision - Cámaras Mini Fisheye IP [4Mp] con Detector de Humo Autónomo Entrada y Salida de Alarma 15 mts IR PoE Alarma de 85 dB Onvif Batería de respaldo incluida
060511;[HG11-WHITE] Fantech - Audifonos Captain Gaming [Blanco]
060513;[HG16s] Fantech - Audifonos Sniper II Gaming
061067;[HG20-BLACK] Fantech - Audifonos Chief II Gaming Headset Negro
061068;[HG20-PINK] Fantech - Audifonos Chief II Gaming Headset Rosado
061066;[HG20-WHITE] Fantech - Audifonos Chief II Gaming Headset Blanco
060515;[HG24] Fantech - Audifonos Spectre II Gaming
061142;[HG26-BLACK] Fantech - Audifonos Alto 7.1 Alámbricos [Negro]
061312;[HG28-BK] Fantech -Audifonos Portal Alambricos [Negro]
061296;[HG29-BLACK] Fantech - Audifonos Aurora 7.1 Cableado [Negro]
061547;[HG30-WH] Fantech - Audifonos Carbon 7.1 Headsets Cableados [Blanco]
061678;[HG31-BK] Fantech - Audifonos Cruze 7.1 Headsets Cableados [Negro]
021725;[HG5013-4G] VSOL - Router Inalambrico WiFi Doble Banda Gigabit AX3000 WiFi6 4 Antenas
061387;[HI00115M] Astra - Cable HDMI 2.0 4K [1.5 Metros]
061388;[HI0033M] Astra - Cable HDMI 2.0 4K [3 Metros]
061389;[HI0055M] Astra - Cable HDMI 2.0 4K [5 Metros]
061390;[HI01010M] Astra - Cable HDMI 2.0 4K [10 Metros]
061391;[HI01515M] Astra - Cable HDMI 2.0 4K [15 Metros]
061392;[HI02020M] Astra - Cable HDMI 2.0 4K [20 Metros]
060556;[HKED3041AAA2A0ZA1] Hikvision - Memoria RAM DDR3 4Gb Udimm 1600Mhz CL11 288 Pines Hikstorage
060570;[HKED3042AAA2A0ZA1] Hikvision - Memoria RAM DDR3 4Gb Sodimm 1600Mhz CL11 204 Pines Hikstorage
060557;[HKED3081BAA2A0ZA1] Hikvision - Memoria RAM DDR3 8Gb Udimm 1600Mhz CL11 288 Pines Hikstorage
060571;[HKED3082BAA2A0ZA1] Hikvision - Memoria RAM DDR3 8Gb Sodimm 1600Mhz CL11 204 Pines Hikstorage
060827;[HKED4081CAA2F0ZB2] Hikvision - Memoria RAM DDR4 8Gb Udimm 3200Mhz CL16 288 Pines Hikstorage
060569;[HKED4081CBA1D0ZA1] Hikvision - Memoria RAM DDR4 8Gb Udimm 2666Mhz CL19 288 Pines Hikstorage
060825;[HKED4082CAB1G4ZB1] Hikvision - Memoria RAM DDR4 8Gb Sodimm 3200Mhz CL22 260 Pines Hikstorage
060572;[HKED4082CBA1D0ZA1] Hikvision - Memoria RAM DDR4 8Gb Sodimm 2666Mhz CL19 204 Pines Hikstorage
060807;[HKED4161DAA2F0ZB2] Hikvision - Memoria RAM DDR4 16Gb Udimm 3200Mhz CL19 288 Pines Hikstorage
060704;[HKED4161DAB1D0ZA1] Hikvision - Memoria RAM DDR4 16Gb Udimm 2666Mhz CL19 288 Pines Hikstorage
060826;[HKED4162CAB1G4ZB1] Hikvision - Memoria RAM DDR4 16Gb Sodimm 3200Mhz CL22 260 Pines Hikstorage
060573;[HKED4162DAB1D0ZA1] Hikvision - Memoria RAM DDR4 16Gb Sodimm 2666Mhz CL19 204 Pines Hikstorage
021027;[HORN-5-30] Ubiquiti - Antena Sectorial Simétrica Tipo Horn de 30 x 30 grados de Apertura de 19 dBi 5 Ghz
061618;[HP001BK] Astra - Audifonos SONOSPHERE Inalambricos con Bluetooth [Negro]
061619;[HP001WH] Astra - Audifonos SONOSPHERE Inalambricos con Bluetooth [Blanco]
060516;[HQ52] Fantech - Audifonos Tone Gaming
060517;[HQ52s] Fantech - Audifonos Tone+ Gaming
061143;[HQ53-BLACK] Fantech - Audifonos Flash Alámbricos [Negro]
061144;[HQ54-BLACK] Fantech - Audifonos Mars II Alámbricos [Negro]
061109;[HQ55] Fantech - Audifonos Portal Gaming
060564;[HS-ESSD-T100/512G/BLACK] Hikvision - Disco de Estado Solido Externo/Portatil USB 3.1 Tipo C 512Gb Negro Hikstorage
060565;[HS-ESSD-T100/512G/PINK] Hikvision - Disco de Estado Solido Externo/Portatil USB 3.1 Tipo C 512Gb Rosado Hikstorage
061297;[HS-ESSD-T200N/512G] Hikvision - Disco de Estado Solido Externo/Portatil 512Gb 2.5
061206;[HS-FC20N-A1C01S] Hikvision - Cargador USB-C de 20 Watts Carga Rapida 5VCD a 3Amp 9VCD a 2.22Amp Compatible con Multiples Marcas
061207;[HS-HUB-CBC2C] Hikvision - Cable USB-C a USB-C 1 Metro Ideal para Celulares Android Carga Rápida 3 Amp Carga y Sincronización de Datos 480 Mbps 60 Watts
061208;[HS-HUB-CBC2L] Hikvision - Cable USB-C a Lightning MFi Certificado 1 Metro Ideal para iPhone, iPad y iPod Carga Rápida 3 Amp Carga y Sincronización de Datos 480 Mbps 60 Watts
060820;"[HS-SSD-C100-120G] Hikvision - Disco de Estado Solido SSD 120Gb 2.5"" Sata 3.0 Hikstorage"
060821;"[HS-SSD-C100-240G] Hikvision - Disco de Estado Solido SSD 240Gb 2.5"" Sata 3.0 Hikstorage"
060822;"[HS-SSD-C100-480G] Hikvision - Disco de Estado Solido SSD 480Gb 2.5"" Sata 3.0 Hikstorage"
060823;"[HS-SSD-C100-960G] Hikvision - Disco de Estado Solido SSD 960Gb 2.5"" Sata 3.0 Hikstorage"
060730;[HS-SSD-DESIRE[P]/1024G] Hikvision - Disco de Estado Solido SSD para Gaming 1024Gb M.2 Hikstorage
060729;[HS-SSD-DESIRE[P]/512G] Hikvision - Disco de Estado Solido SSD para Gaming 512Gb M.2 Hikstorage
060567;"[HS-SSD-E100/1024G] Hikvision - Disco de Estado Solido SSD 1024Gb 2.5"" Sata 3.0 Hikstorage"
060551;"[HS-SSD-E100/128G] Hikvision - Disco de Estado Solido SSD 128Gb 2.5"" Sata 3.0 Hikstorage"
060808;"[HS-SSD-E100/2048G] Hikvision - Disco de Estado Solido SSD 2048Gb 2.5"" Sata 3.0 Hikstorage"
060552;"[HS-SSD-E100/256G] Hikvision - Disco de Estado Solido SSD 256Gb 2.5"" Sata 3.0 Hikstorage"
060553;"[HS-SSD-E100/512G] Hikvision - Disco de Estado Solido SSD 512Gb 2.5"" Sata 3.0 Hikstorage"
060555;[HS-SSD-E3000/1024G] Hikvision - Disco de Estado Solido SSD 1024Gb M.2 Hikstorage
060554;[HS-SSD-E3000/256G] Hikvision - Disco de Estado Solido SSD 256Gb M.2 Hikstorage
060568;[HS-SSD-E3000/512G] Hikvision - Disco de Estado Solido SSD 512Gb M.2 Hikstorage
061217;[HS-SSD-WAVE(P)-1024G] Hiksemi By Hikvision - Disco de Estado Solido SSD 1024Gb PCIe 3.0 NVMe 2500 MB/s M.2 2280
061216;[HS-SSD-WAVE(P)-512G] Hiksemi By Hikvision - Disco de Estado Solido SSD 512Gb PCIe 3.0 NVMe 2500 MB/s M.2 2280
061212;"[HS-SSD-WAVE(S)-1024G] Hiksemi By Hikvision - Disco de Estado Solido SSD 1024Gb 2.5"" SATAIII"
061209;"[HS-SSD-WAVE(S)-128G] Hiksemi By Hikvision - Disco de Estado Solido SSD 128Gb 2.5"" SATAIII"
061213;"[HS-SSD-WAVE(S)-2048G] Hiksemi By Hikvision - Disco de Estado Solido SSD 2048Gb 2.5"" SATAIII"
061210;"[HS-SSD-WAVE(S)-256G] Hiksemi By Hikvision - Disco de Estado Solido SSD 256Gb 2.5"" SATAIII"
061211;"[HS-SSD-WAVE(S)-512G] Hiksemi By Hikvision - Disco de Estado Solido SSD 512Gb 2.5"" SATAIII"
061214;[HS-SSD-WAVE-Pro(P)-256G] Hiksemi By Hikvision - Disco de Estado Solido SSD 256Gb PCIe 3.0 NVMe 3520 MB/s M.2 2280
061215;[HS-SSD-WAVE-Pro(P)-512G] Hiksemi By Hikvision - Disco de Estado Solido SSD 512Gb PCIe 3.0 NVMe 3520 MB/s M.2 2280
061551;[HS-TF-C1-128GB/Adapter] Hiksemi- Memoria Flash 128GB microSDXC Clase 10 NEO con Adaptador
061552;[HS-TF-C1-256GB/Adapter] Hiksemi - Memoria Flash 256GB microSDXC Clase 10 NEO con Adaptador
060736;[HS-TF-C1/128G/Adapter] Hikvision - Memoria Micro SD con Adaptador SD 128GB 92MB/s Clase 10 Hikstorage
060560;[HS-TF-C1/128G] Hikvision - Memoria Micro SD 128GB 92MB/s Clase 10 Hikstorage
060824;[HS-TF-C1/256G/Adapter] Hikvision - Memoria Micro SD con Adaptador SD 256GB 92MB/s Clase 10 Hikstorage
060731;[HS-TF-C1/256G] Hikvision - Memoria Micro SD 256GB 92MB/s Clase 10 Hikstorage
060722;[HS-TF-C1/32G/Adapter] Hikvision - Memoria Micro SD con Adaptador SD 32GB 92MB/s Clase 10 Hikstorage
060558;[HS-TF-C1/32G] Hikvision - Memoria Micro SD 32GB 92MB/s Clase 10 Hikvision Hikstorage
060723;[HS-TF-C1/64G/Adapter] Hikvision - Memoria Micro SD con Adaptador SD 64GB 92MB/s Clase 10 Hikstorage
060559;[HS-TF-C1/64G] Hikvision - Memoria Micro SD 64GB 92MB/s Clase 10 Hikstorage
060734;[HS-TF-L2/128G] Hikvision - Memoria Micro SDHC para Videovigilancia 128GB 92MB/s Clase 10 Hikstorage
060735;[HS-TF-L2/256G] Hikvision - Memoria Micro SDHC para Videovigilancia 256GB 92MB/s Clase 10 Hikstorage
060732;[HS-TF-L2/32G] Hikvision - Memoria Micro SDHC para Videovigilancia 32GB 92MB/s Clase 10 Hikstorage
060733;[HS-TF-L2/64G] Hikvision - Memoria Micro SDHC para Videovigilancia 64GB 92MB/s Clase 10 Hikstorage
060728;[HS-USB-M200/128G/U3] Hikvision - Pendrive 128Gb USB 3.0 Hikstorage
060819;[HS-USB-M200/32G/U3] Hikvision - Pendrive 32Gb USB 3.0 Hikstorage
060737;[HS-USB-M200/32G] Hikvision - Pendrive 32Gb USB 2.0 Hikstorage
060727;[HS-USB-M200/64G/U3] Hikvision - Pendrive 64Gb USB 3.0 Hikstorage
060738;[HS-USB-M200/64G] Hikvision - Pendrive 64Gb USB 2.0 Hikstorage
060709;[HS-USB-M200S/128G/U3] Hikvision - Pendrive 128Gb USB 3.0 Hikstorage
060707;[HS-USB-M200S/16G/U3] Hikvision - Pendrive 16Gb USB 3.0 Hikstorage
060724;[HS-USB-M200S/32G/U3] Hikvision - Pendrive 32Gb USB 3.0 Hikstorage
060726;[HS-USB-M200S/32G] Hikvision - Pendrive 32Gb USB 2.0 Hikstorage
060725;[HS-USB-M200S/64G/U3] Hikvision - Pendrive 64Gb USB 3.0 Hikstorage
060637;[HS-USB-M200S/64G] Hikvision - Pendrive 64Gb USB 2.0 Hikstorage
060739;[HS-USB-M210P/128G/U3] Hikvision - Pendrive 128Gb USB 3.2 Hikstorage
060563;[HS-USB-M210P/128G] Hikvision - Pendrive 128Gb USB 3.2 Hikstorage
060706;[HS-USB-M210P/16G/U3] Hikvision - Pendrive 16Gb USB 3.2 Hikstorage
060705;[HS-USB-M210P/16G] Hikvision - Pendrive 16Gb USB 2.0 Hikstorage
060708;[HS-USB-M210P/32G/U3] Hikvision - Pendrive 32Gb USB 3.2 Hikstorage
060561;[HS-USB-M210P/32G] Hikvision - Pendrive 32Gb USB 2.0 Hikstorage
060638;[HS-USB-M210P/64G/U3] Hikvision - Pendrive 64Gb USB 3.2 Hikstorage
060562;[HS-USB-M210P/64G] Hikvision - Pendrive 64Gb USB 2.0 Hikstorage
060936;[HS-USB-M210S/128G/U3] Hikvision - Pendrive 128Gb USB 3.2 Amarillo Hikstorage
060933;[HS-USB-M210S/16G/U3] Hikvision - Pendrive 16Gb USB 3.2 Amarillo Hikstorage
060934;[HS-USB-M210S/32G/U3] Hikvision - Pendrive 32Gb USB 3.2 Amarillo Hikstorage
060935;[HS-USB-M210S/64G/U3] Hikvision - Pendrive 64Gb USB 3.2 Amarillo Hikstorage
061219;[HS-USB-M220P-16G-U3] Hiksemi By Hikvision - Pendrive 16Gb USB 3.2
061218;[HS-USB-M220P-16G] Hiksemi By Hikvision - Pendrive 16Gb USB 2.0
061221;[HS-USB-M220P-32G-U3] Hiksemi By Hikvision - Pendrive 32Gb USB 3.2
061220;[HS-USB-M220P-32G] Hiksemi By Hikvision - Pendrive 32Gb USB 2.0
061223;[HS-USB-M220P-64G-U3] Hiksemi By Hikvision - Pendrive 64Gb USB 3.2
061222;[HS-USB-M220P-64G] Hiksemi By Hikvision - Pendrive 64Gb USB 2.0
061303;[HSC308S16Z1-8G] Hiksemi By Hikvision - Memoria Ram DDR3 1600mhz 8Gb Sodimm
061299;[HSC408U32C4-8G] Hiksemi By Hikvision - Memoria UDIMM DDR4 8GB 3200Mhz Future RGB
061301;[HSC416S26Z1-16G] Hiksemi By Hikvision - Memoria Ram P/NB DDR4 16Gb 2666
061302;[HSC416U26Z1-16G] Hiksemi By Hikvision - Memoria Ram DDR4 16Gb Udimm 2666MHZ 288 Pin 
061300;[HSC416U32Z2-16G] Hiksemi By Hikvision - Memoria Ram Armor 16Gb DDR4 3200Mhz Udimm
060665;[HT-1000LCD] Forza - UPS Interactivo 1000VA/600W Pantalla LCD 110V [12] x NEMA 5-15R [6 en Reserva] + USB + Coaxial
060664;[HT-750LCD] Forza - UPS Interactivo 750VA/450W Pantalla LCD 110V [12] x NEMA 5-15R [6 en Reserva] + USB + Coaxial
061434;"[HTI-UC300] Dahua - Cámara Web 1080p [2Mp] 30fps Lente 1/2.9"" CMOS 3.0 mm USB Direct Power DC 5V"
021448;[HX220-2PACK] TP-Link - Router Inalambrico WiFi Mesh AX1800 [2 Unidades]
090231;[HikCentral-AC-ACS-1Door] Hikvision - Licencia Base de Control de Acceso 1 Puerta
090198;[HikCentral-P-ACS-16Door/Base/Promo] Hikvision - Licencia Base de Control de Acceso 16 puertas para HikCentral Serie Professional
090199;[HikCentral-P-ACS-1Door] Hikvision - Módulo de Sistema de Alarma para HikCentral Serie Professional
090247;[HikCentral-P-ACS-2Door/Base/Promo] Hikvision - Licencia Base P Control de acceso 2 Puertas
090214;[HikCentral-P-ACS-2Door/Base/Promo] Hikvision - Licencia Base de Control de Acceso Incluye 2 puertas
090202;[HikCentral-P-AlarmPanel-1Unit] Hikvision - Licencia Añade 1 Panel de Alarma para HikCentral
090200;[HikCentral-P-Attendance/Module] Hikvision - Módulo de Control de Presencia para HikCentral
090290;[HikCentral-P-BI Report/Module] Hikvision - Paquete de Expansión del Módulo de Informes de Inteligencia Empresarial
090212;[HikCentral-P-IndoorStation-1Unit] Hikvision - Licencia Añade 1 IndoorStation (Videoportero IP) Adicional de Video Intercom
090211;[HikCentral-P-OutdoorStation-1Unit] Hikvision - Licencia Añade 1 OutdoorStation (Videoportero IP) Adicional de Video Intercom
090252;[HikCentral-P-Radar-1Unit] Hikvision - HikCentral Professional Licencia Añade 1 Radar Perimetral
090203;[HikCentral-P-SmartWall/Module] Hikvision - Módulo Mural Inteligente para HikCentral
090215;[HikCentral-P-VSS-16Ch/Base/Promo] Hikvision - Licencia Base de Videovigilancia Incluye 16 Canales de Video
090248;[HikCentral-P-VSS-1Ch/ANPR] Hikvision - Licencia Añade 1 Canal ANPR
090213;[HikCentral-P-VSS-1Ch/Facial&Body] Hikvision - Licencia Añade 1 Canal de Reconocimiento Facial o Persona
090197;[HikCentral-P-VSS-1Ch] Hikvision - Licencia de 1 canal para HikCentral Serie Profesional CMS
090246;[HikCentral-P-VSS-300Ch/Base/Promo] Hikvision - Licencia Base C 300 Canales
090227;[HikCentral-P-VSS-64Ch/Base/Promo] Hikvision - Licencia Base de Videovigilancia Incluye 64 Canales de Video
090250;[HikCentral-P-VSS-Base/HW/64Ch(O-STD)(B)] Hikvision - Servidor VMS de Montaje en Bastidor
090289;[HikCentral-P-VSS/Base] Hikvision - Paquete Básico de Vigilancia por Video
090201;[HikCentral-P-Visitor/Module] Hikvision - Módulo de Gestión de Visitantes para HikCentral
090249;[HikCentral-Workstation/HW5L/32Ch(C)] Hikvision - Servidor para Hik-Central Incluye Licencias de 32 Cámaras y 4 Puertas Intel Core i5-12500 64 Bits Crecimiento hasta 128 canales
070721;[I105/2U-C] Igoto - Toma Corriente con Tierra + USB y Tipo C Serie Inox
070643;[I105/2] Igoto - Toma Corriente Doble con Tierra Serie Inox
070644;[I105/U] Igoto - Toma Corriente con Tierra + 2 USB Serie Inox
070649;[I1200] Igoto - Tapa Ciega 4x2 Serie Inox
070645;[I302] Igoto - Toma para TV Serie Inox
070642;[I316] Igoto - Interruptor Simple + Toma Corriente Serie Inox
070646;[I402] Igoto - Toma Telefonica Serie Inox
070647;[I408] Igoto - Toma de Red RJ45 Serie Inox
070639;[I512] Igoto - Interruptor Simple Largo Serie Inox
070640;[I514] Igoto - Interruptor Doble Largo Serie Inox
070641;[I516] Igoto - Interruptor Triple Serie Inox
070648;[I590] Igoto - Interruptor Timbre Serie Inox
090122;[IC S50] Hikvision - Tarjeta de Proximidad Mifare1 Frecuencia (13.56Mhz)
090493;[IC-M1] Dahua - Tarjeta de Proximidad IC Mifare para Control de Acceso 13.56 MHz Rango de Letura de 2 a 8 cm
090494;[IC-SM] Dahua - Llavero de Proximidad IC Mifare para Control de Acceso 13.56 MHz Rango de Letura de 2 a 8 cm
090492;[ID-EM] Dahua - Tarjeta de Proximidad ID para Control de Acceso 125KHZ Blanca (Tipo EM)
090491;[ID-SM] Dahua - Llavero de Proximidad ID para Control de Acceso 125KHZ (Tipo EM)
010579;[IDS-2CD8426G0/B-I(4mm)] Hikvision - Cámara Especial IP 1080P [2MP] Lente 4mm Doble Lente Análisis De Comportamiento Deepinview
011141;[IDS-9664NXI-M8/X] Hikvision - NVR 4K [12MP] / 64 Canales IP 8 SATA DeepinMind 16 Alarma Reconocimiento Facial y Protección Perimetral
050166;[IG-BL12W-10PACK] Igoto - Bombillo LED Bulbo 12W 6500K Luz Fria Rosca E27 [10 Unidades]
050161;[IG-BL12W] Igoto - Bombillo LED Bulbo 12W 6500K Luz Fria Rosca E27
050167;[IG-BL15W-10PACK] Igoto - Bombillo LED Bulbo 15W 6500K Luz Fria Rosca E27 IG-BL15W [10 Unidades] Igoto
050162;[IG-BL15W] Igoto - Bombillo LED Bulbo 15W 6500K Luz Fria Rosca E27
050596;[IG-BL30W] Igoto - BombilloLED Domo Alto Vatiaje 30W6500K Luz Fria Rosca E27
050809;[IG-BL3C9W] Igoto - Bombillo LED Bulbo 9W 3 Tonos
050597;[IG-BL40W] Igoto - BombilloLED Domo Alto Vatiaje 40W6500K Luz Fria Rosca E27
050598;[IG-BL50W] Igoto - BombilloLED Domo Alto Vatiaje 50W6500K Luz Fria Rosca E27
050163;[IG-BL5W-10PACK] Igoto - Bombillo LED Bulbo 5W 6500K Luz Fria Rosca E27 [10 Unidades]
050158;[IG-BL5W] Igoto - Bombillo LED Bulbo 5W 6500K Luz Fria Rosca E27
050164;[IG-BL7W-10PACK] Igoto - Bombillo LED Bulbo 7W 6500K Luz Fria Rosca E27 [10 Unidades]
050159;[IG-BL7W] Igoto - Bombillo LED Bulbo 7W 6500K Luz Fria Rosca E27
050165;[IG-BL9W-10PACK] Igoto - Bombillo LED Bulbo 9W 6500K Luz Fria Rosca E27 [10 Unidades]
050160;[IG-BL9W] Igoto - Bombillo LED Bulbo 9W 6500K Luz Fria Rosca E27
050768;[IG-BLCS18W] Igoto - Bombillo LED Bulbo 18W 6500K Luz Fria Rosca E27
050769;[IG-BLCS23W] Igoto - Bombillo LED Bulbo 23W 6500K Luz Fria Rosca E27
050767;[IG-BLCS3W] Igoto - Bombillo LED Bulbo 3W 6500K Luz Fria Rosca E27
050826;[IG-BLCS50W] Igoto - Bombillo LED Domo 50W
050770;[IG-BLLS9W] Igoto - Bombillo LED Bulbo 9W 6500K Luz Fria Rosca E27 con sensor de Luz
050771;[IG-BLMS9W] Igoto - Bombillo LED Bulbo 9W 6500K Luz Fria Rosca E27 con sensor de movimiento
050604;[IG-BLR9W] Igoto - Bombillo LED Bulbo Recargable 9W 6500K Luz Fria Rosca E27
050810;[IG-BLRCS9W] Igoto - Bombillo LED Bulbo 9W Recargable 7 Horas
050595;[IG-BV7W] Igoto - Bombillo LED Vela 7W 6500K Luz Fria Rosca E14
050902;[IG-BVCS7W] Igoto - Bombillo LED Vela 7W 6500K Luz Fria Rosca E14 Samsung Led inside
070789;[IG-DSWF] Igoto - Adaptador WIFI para toma [Blanco]
050704;[IG-LPS18] Igoto - Lampara Led Slim Lineal 18w 6500k para interiores
050705;[IG-LPS36] Igoto - Lampara Led Slim Lineal 36w 6500k para interiores
050772;[IG-LSCS18] Igoto - Lampara Led Slim Lineal 18w 6500k
050773;[IG-LSCS36] Igoto - Lampara Led Slim Lineal 36w 6500k
050675;[IG-RL100W] Igoto - Reflector LED Cuadrado 100W 6500K Multivoltaje IP66 290x280x50mm
050676;[IG-RL150W] Igoto - Reflector LED Cuadrado 150W 6500K Multivoltaje IP66 330x320x50mm
050677;[IG-RL200W] Igoto - Reflector LED Cuadrado 200W 6500K Multivoltaje IP66 360x350x50mm
050674;[IG-RL50W] Igoto - Reflector LED Cuadrado 50W 6500K Multivoltaje IP66 238x228x35mm
070806;[IG-TDEUC] Igoto - Toma Corriente Doble + USB + Tipo C para Empotrar con Cajetin 4x4 Acero Inoxidable
070746;[IG-TDE] Igoto - Toma Corriente Doble para Empotrar con Cajetin 4x4 Acero Inoxidable
050671;[IG-VLO12W] Igoto - Vapoleta LED Ovalada 12W 6500K Multivoltaje IP65 163x88x41mm
050672;[IG-VLO18W] Igoto - Vapoleta LED Ovalada 18W 6500K Multivoltaje IP65 198x98x50mm
050673;[IG-VLO24W] Igoto - Vapoleta LED Ovalada 24W 6500K Multivoltaje IP65 235x122x63mm
050668;[IG-VLR12W] Igoto - Vapoleta LED Redonda 12W 6500K Multivoltaje IP65 143x143x40mm
050669;[IG-VLR18W] Igoto - Vapoleta LED Redonda 18W 6500K Multivoltaje IP65 173x173x48mm
050670;[IG-VLR24W] Igoto - Vapoleta LED Redonda 24W 6500K Multivoltaje IP65 208x208x63mm
060347;[IME-10470] Imexx - Convertidor de Video HDMI Macho a VGA Hembra
060348;[IME-19841] Imexx - Convertidor de Video DisplayPort Macho a VGA Hembra
060720;[IME-19867] Imexx - Convertidor de Video Mini DisplayPort Macho a HDMI Hembra
060758;[IME-19870] Imexx - Convertidor de Video USB Tipo-C Macho a HDMI Hembra
060742;[IME-19933] Imexx - Convertidor de Video USB Tipo-C Macho a VGA Hembra
010217;[IPC-B121(2.8mm)] HiLook - Cámara HD Bullet IP 1080P [2MP] Lente 2.8mm [Metalico]
010287;[IPC-B121H(2.8mm)] HiLook - Cámara HD Bullet IP 1080P [2MP] Lente 2.8mm [Metal/Plástico]
010766;[IPC-B121H-C(2.8mm)] HiLook - Cámara HD Bullet IP 1080P [2MP] Lente 2.8mm [Metal/Plástico]
010646;[IPC-B129H(2.8mm)] HiLook - Cámara Bullet IP ColorVu 1080P [2MP] Lente de 2.8mm [Metalico]
010388;[IPC-B140H(2.8mm)] HiLook - Cámara HD Bullet IP 2K [4MP] Lente 2.8mm [Metalico]
010601;[IPC-B149H(2.8mm)] HiLook - Cámara Bullet IP ColorVu 2K [4MP] Lente de 2.8mm [Metalico]
010377;[IPC-B150H(2.8mm)] HiLook - Cámara HD Bullet IP 3K [5MP] Lente 2.8mm [Metal/Plástico]
010736;[IPC-B620H-Z(2.8-12mm)] Hilook - Cámara Bullet 1080P [2MP] Lente Motorizado 2.8 a 12mm/ 50mts IR EXIR / PoE / IP67 [Metalico]
010452;[IPC-B650H-Z(2.8-12mm)] HiLook - Cámara HD Bullet IP 3K [5MP] Lente Varifocal [Metal/Plástico]
010286;[IPC-D121H(2.8mm)] HiLook - Cámara HD Domo IP 1080P [2MP] Lente 2.8mm [Metal/Plástico]
010599;[IPC-D129H(2.8mm)] HiLook - Cámara Domo IP ColorVu 1080P [2MP] Lente de 2.8mm [Metalico]
010375;[IPC-D140H(2.8mm)] HiLook - Cámara HD Domo IP 2K [4MP] Lente 2.8mm [Metal/Plástico]
010422;[IPC-D150H(2.8mm)] HiLook - Cámara HD Domo IP 3K [5MP] Lente 2.8mm [Metal/Plástico]
010285;[IPC-D620H-Z(2.8-12mm)] HiLook - Cámara HD Domo IP 1080P [2MP] Varifocal [Metal/Plástico]
010737;[IPC-D640H-Z(2.8-12mm)] Hilook - Cámara Domo 2K [4MP] Lente Motorizado 2.8 a 12mm/ 30mts IR/ IP67/ PoE/ WDR120 dB IK10 [Metal/Plástico]
010584;[IPC-P120-D/W 2.0mm] HiLook - Cámara HD Mini Domo PT IP 1080P [2MP] Lente 2mm [Plástico]
010237;[IPC-T221H(2.8mm)] HiLook - Cámara HD Domo IP 1080P [2MP] Lente 2.8mm [Metalico]
010767;[IPC-T221H-C(2.8mm)] HiLook - Cámara HD Domo IP 1080P [2MP] Lente 2.8mm [Metal/Plástico]
010600;[IPC-T229H(2.8mm)] HiLook - Cámara  Domo IP ColorVu 1080P [2MP] Lente de 2.8mm [Metal/Plástico]
010376;[IPC-T240H(2.8mm)] HiLook - Cámara HD Domo IP 2K [4MP] Lente 2.8mm [Metal/Plástico]
010384;[IPC-T250H(2.8mm)] HiLook - Cámara HD Domo IP 3K [5MP] Lente 2.8mm [Metal/Plástico]
090450;[IPMECD-0161-M1515] Dahua - Brazo Articulado Plegable de 3 Metros en 2 Secciones de 1.5 Metros de Aluminio para Barrera Vehicular Motorizada Peso Aproximado 7.2 kg Compatible con Serie IPMECD-1061
090451;[IPMECD-0161-M2020] Dahua - Brazo Articulado Plegable de 4 Metros en 2 Secciones de 2 Metros de Aluminio para Barrera Vehicular Motorizada Peso Aproximado 9.6 kg Compatible con Serie IPMECD-1061
090448;[IPMECD-0162-M2745] Dahua - Brazo Recto Ajustable 2.7 a 4.5 Metros de Aluminio para Barrera Vehicular Motorizada Peso Aproximado 5.6 kg Compatible con Serie IPMECD-1062
090446;[IPMECD-0162-M30] Dahua - Brazo Recto Telescópico de 3 Metros de Aluminio para Barrera Vehicular Motorizada Peso Aproximado 4.2 kg Compatible con Serie IPMECD-1062
090447;[IPMECD-0162-M40] Dahua - Brazo Recto Telescópico de 4 Metros de Aluminio para Barrera Vehicular Motorizada Peso Aproximado 4.7 kg Compatible con Serie IPMECD-1062
090460;[IPMECD-0261-M1515] Dahua - Brazo Articulado Plegable de 3 Metros en 2 Secciones de 1.5 Metros de Aluminio para Barrera Vehicular Motorizada con Tira de Goma Elástica y Franja de LED Rojo y Verde Peso Aprox. 7.2 kg Compatible con Serie IPMECD-2061
090461;[IPMECD-0261-M2020] Dahua - Brazo Articulado Plegable de 4 Metros en 2 Secciones de 2 Metros de Aluminio para Barrera Vehicular Motorizada con Tira de Goma Elástica y Franja de LED Rojo y Verde Peso Aproximado 8.4 kg Compatible con Serie IPMECD-2061
090462;[IPMECD-0261-M2525] Dahua - Brazo Articulado Plegable de 5 Metros en 2 Secciones de 2.5 Metros de Aluminio para Barrera Vehicular Motorizada con Tira de Goma Elástica y Franja de LED Rojo y Verde Peso Aprox. 10.5 kg Compatible con Serie IPMECD-2061
090457;[IPMECD-0262-M2745] Dahua - Brazo Recto Telescópico Ajustable de 2.7 a 4.5 Metros de Aluminio para Barrera Vehicular Motorizada con Tira de Goma Elástica Peso Aproximado 5.6 kg Compatible con Serie IPMECD-0262
090453;[IPMECD-0262-M30] Dahua - Brazo Recto Telescópico de 3 Metros de Aluminio para Barrera Vehicular Motorizada con Tira de Goma Elástica y Franja de LED Rojo y Verde Peso Aproximado 4.8 kg Compatible con Serie IPMECD-0262
090454;[IPMECD-0262-M40] Dahua - Brazo Recto Telescópico de 4 Metros de Aluminio para Barrera Vehicular Motorizada con Tira de Goma Elástica y Franja de LED Rojo y Verde Peso Aproximado 5.6 kg Compatible con Serie IPMECD-0262
090458;[IPMECD-0262-M4560] Dahua - Brazo Recto Telescópico Ajustable de 4.5 a 6 Metros de Aluminio para Barrera Vehicular Motorizada con Tira de Goma Elástica Peso Aproximado 6.7 kg Compatible con Serie IPMECD-0262
090455;[IPMECD-0262-M50] Dahua - Brazo Recto Telescópico de 5 Metros de Aluminio para Barrera Vehicular Motorizada con Tira de Goma Elástica y Franja de LED Rojo y Verde Peso Aproximado 7.4 kg Compatible con Serie IPMECD-0262
090456;[IPMECD-0262-M60] Dahua - Brazo Recto Telescópico de 6 Metros de Aluminio para Barrera Vehicular Motorizada con Tira de Goma Elástica y Franja de LED Rojo y Verde Peso Aproximado 8.2 kg Compatible con Serie IPMECD-0262
090464;[IPMECD-0267-M30] Dahua - Brazo Cilíndrico de 3 Metros de Aluminio para Barrera Vehicular Motorizada Peso Aproximado 3.7 kg Compatible con Serie IPMECD-0267
090465;[IPMECD-0267-M40] Dahua - Brazo Cilíndrico de 4 Metros de Aluminio para Barrera Vehicular Motorizada Peso Aproximado 4.9 kg Compatible con Serie IPMECD-0267
021028;[IS-5AC] Ubiquiti - IsoStation airMAX AC hasta 450 Mbps 5 Ghz con Antena Sectorial Simétrica de 45 grados de 14 dBI
090224;"[ISD-SMG1118L] Hikvision - Arco Detector de Metales de 18 Zonas con Pantalla LCD de 7"" Conteo de personas y Alarmas"
021029;[ISO-BEAM-620] Ubiquiti - Radomo Aislante para Enlaces de Backhaul [PtP] Compatible con Equipos PBE-M5-620, PBE-5AC-620, RD-5G30-LW y AF-5G30-S45
070788;[ITWF-105/2] Igoto - Tomacorriente WIFI Doble [Blanco]
070786;[ITWF-512] Igoto - Interruptor WIFI sencillo [Blanco]
070787;[ITWF-514] Igoto - Interruptor WIFI Doble [Blanco]
070814;[ITWF-516] Igoto - Interruptor WIFI Triple [Blanco]
070876;[ITWF-MSS1] Igoto - Adaptador Interruptor Sencillo WIFI [Blanco]
020948;[IWI-KRJ-C6-BLACK] Iwillink  - Conector Keystone Jack Coupler RJ45 CAT6 (Categoria 6) (Negro) [Unidad]
020946;[IWI-KRJ-C6-BLUE] Iwillink  - Conector Keystone Jack Coupler RJ45 CAT6 (Categoria 6) (Azul) [Unidad]
020950;[IWI-KRJ-C6-GREEN] Iwillink  - Conector Keystone Jack Coupler RJ45 CAT6 (Categoria 6) Verde [Unidad]
020947;[IWI-KRJ-C6-WHITE] Iwillink  - Conector Keystone Jack Coupler RJ45 CAT6 (Categoria 6) (Blanco) [Unidad]
020949;[IWI-KRJ-C6-YELLOW] Iwillink  - Conector Keystone Jack Coupler RJ45 CAT6 (Categoria 6) Amarillo [Unidad]
050289;[JAR-150SR] Lucerna - Lampara de Jardin 15W 6500K Luz Fria con Panel Solar Redonda 1000lm
050290;[JAR-200SC] Lucerna - Lampara de Jardin 20W 6500K Luz Fria con Panel Solar Cuadrada 1600lm
061406;[K10] Astra - Teclado Alambrico USB [Negro]
061407;[K11] Astra - Kit Teclado + Mouse Alambrico USB [Negro]
060372;[K120-BLACK] Logitech - Teclado Alambrico Estándard USB [Español] [Negro]
061408;[K13] Astra - Kit Teclado + Mouse Alambrico USB 2.4G [Negro]
060401;[K230-BLACK] Logitech - Teclado Inalambrico Compacto [Español] [Negro]
060373;[K270-BLACK] Logitech - Teclado Inalambrico Normal [Español] [Negro]
061128;[K380S-BLACK] Logitech - Teclado Bluetooh Multidispositivo [Español] [Negro]
061344;[K380S-WHITE] Logitech - Teclado Bluetooh Multidispositivo [Español] [Blanco]
060762;[K380] Logitech - Teclado Bluetooh Multidispositivo [Español] [Negro]
060908;[K400-Plus-Negro] Logitech - Teclado Inalambrico con Touchpad [Español] 
060542;[K511] Fantech - Teclado Hunter PRO Ingles Gaming
060540;[K513] Fantech - Teclado Booster Ingles Gaming
061036;[K515] Fantech - Teclado Shikari Gaming
060909;[K600] Logitech - Teclado Inalambrico Tv con Touchpad & D-pad Graphite [Español] 
060549;[K612] Fantech - Teclado Soldier Ingles Gaming
060541;[K613L] Fantech - Teclado Fighter TKL II Ingles Gaming
061332;[K614L-BK] Fantech -Teclado Fighter III Alambrico
060910;[K650-Negro] Logitech - Teclado Inalambrico Signature  [Español] 
020929;[KFP-S-01-02-S] Siemon - Placa de Pared Keystone de 1 Salida Color blanco para Jacks Keystone Z-MAX y MAX
020927;[KFP-S-02-02S] Siemon - Face Plate Placa Frontal Keystone de 2 Puertos para Jacks Keystone Z-MAX y MAX Blanco
050900;[KIT-CINTA-COB-ACCS] Lucerna - Kit de Conectores y Accesorios para Cinta Cob
050752;[KIT-CINTAS-DYNA-RGB] Lucerna - Kit Cinta LED DYNA RGB 24V [5 Metros] 
020955;[KIT-RED-CRI/TES/100C] Zhuge - Kit Redes Herramienta Crimpeador de Paso + Lan Tester + Pelador + 100 Conectores CAT5e (Categoria 5e) + 100 Botas
011016;[KIT/DH-PFM378-B125-CB/DH-SD49425DB-HNY-GQ-LA] Dahua - Kit de Panel Monocristalino de 125W Cámara PTZ IP 4G con Zoom 32x Tecnología Starlight Visión Nocturna IR 150m Autotracking Alarmas de Luz y Sonido y Montaje en Poste Adaptable
010808;[KITCAM01] Hikvision - Kit Cámaras de Seguridad 4CH ColorVU 4 Bullet HD 1080P [2MP] 300Gb con Accesorios
010809;[KITCAM02] Hikvision - Kit Cámaras de Seguridad 8CH ColorVU 8 Bullet HD 1080P [2MP] 480Gb con Accesorios
010811;[KITCAM03] Hikvision - Kit Cámaras de Seguridad 4CH 4 Domo Metal HD 1080P [2MP] 300Gb con Accesorios
010812;[KITCAM04] Hikvision - Kit Cámaras de Seguridad 8CH 8 Domo Metal HD 1080P [2MP] 480Gb con Accesorios
010813;[KITCAM05] Hikvision/HiLook - Kit Cámaras de Seguridad 16CH 8 Domo Metal 8 Bullet ColorVu HD 1080P [2MP] 1Tb con Accesorios
010814;[KITCAM06] Hikvision/HiLook - Kit Cámaras de Seguridad 16CH 16 Domo Metal HD 1080P [2MP] 1Tb con Accesorios
010815;[KITCAM07] Hikvision/HiLook - Kit Cámaras de Seguridad 16CH 16 Bullet ColorVu HD 1080P [2MP] 1Tb con Accesorios
010819;[KITCAM08] Hikvision - Kit Cámaras de Seguridad 4CH ColorVU 2 Bullet 2 Domo Metal HD 1080P [2MP] 300Gb con Accesorios
010820;[KITCAM09] Hikvision - Kit Cámaras de Seguridad 8CH ColorVU 4 Bullet 4 Domo Metal HD 1080P [2MP] 480Gb con Accesorios
010821;[KITCAM10] Hikvision - Kit Cámaras de Seguridad 4CH  4 Bullet Metalico HD 720P [1MP] 300Gb con Accesorios
010822;[KITCAM11] Hikvision - Kit Cámaras de Seguridad 8CH  8 Bullet Metalico HD 720P [1MP] 480Gb con Accesorios
010827;[KITCAM12] Hikvision - Kit Cámaras de Seguridad 8CH IP POE 8 Domo Plastico HD 1080P [2MP] 1Tb con Accesorios
010828;[KITCAM13] Hikvision - Kit Cámaras de Seguridad 8CH IP POE 4 Domo Plastico 4 Bullet Plastico HD 1080P [2MP] 1Tb con Accesorios
010874;[KITCAM14] Ezviz - Kit Cámaras de Seguridad Inalambricas 8CH NVR X5S + 4 Bullet C3TN HD [3MP] + 1Tb
010875;[KITCAM15] Ezviz - Kit Cámaras de Seguridad Inalambricas 8CH NVR X5S + 8 Bullet C3TN HD [3MP] + 1Tb
010876;[KITCAM16] Ezviz - Kit Cámaras de Seguridad Inalambricas 8CH NVR X5S + 4 Domo H4 HD [3MP] + 1Tb
010877;[KITCAM17] Ezviz - Kit Cámaras de Seguridad Inalambricas 8CH NVR X5S + 8 Domo H4 HD [3MP] + 1Tb
010878;[KITCAM18] Ezviz - Kit Cámaras de Seguridad Inalambricas 8CH NVR X5S + 2 Bullet C3TN HD [3MP] + 2 Domo H4 HD [3MP] + 1Tb
010879;[KITCAM19] Ezviz - Kit Cámaras de Seguridad Inalambricas 8CH NVR X5S + 4 Bullet C3TN HD [3MP] + 4 Domo H4 HD [3MP] + 1Tb
010880;[KITCAM20] Vigi By TP-Link - Kit Cámaras de Seguridad 4CH IP POE 4 Mini Domo con Audio [3MP] 1Tb con Accesorios
020088;[KITRED-2PCS] Wireplus - Kit [2] Crimpeador + Tester
020087;[KITRED-3PCS] Wireplus - Kit [1] Crimpeador + Ponchadora + Tester
090271;[KITVID01] Ezviz - Kit Video Portero Inalambico con Batería 5MP DB2 + Monitor Táctil Inteligente SD7
061172;[KM-100] Fantech - Teclado+Mouse Office KM-100 Cableado
061478;[KM-103(SP)] Fantech - Teclado+Mouse Go KM-103 Cableado (ESP)
061173;[KM-103] Fantech - Teclado+Mouse Go KM-103 Cableado
060718;"[KMN301] Klip Xtreme - Soporte/Base para Monitor LCD/LED de 13"" a 32"" y laptop"
060928;[KP1-EC] Marsriva -  Mini UPS Inteligente 8.000Mah 18W 5 Puertos 4DC y 1USB
060980;[KP1-PLUS] Marsriva - Mini UPS 16000Mah 18W 5 Puertos 
060929;[KP1-ULTRA] Marsriva - Mini UPS 16.000Mah 30W 5 Puertos 4DC y 1USB
060973;[KP2-PLUS] Marsriva - Mini UPS 16.000Mah 18W 4 Puertos 
060972;[KP2-PRO] Marsriva - Mini UPS 8.000Mah 30W 4 Puertos 
060971;[KP2-ULTRA] Marsriva - Mini UPS 16.000Mah 30W 4 Puertos 
060494;[KP2] Marsriva - Mini UPS 10.000Mah 18W 3 Puertos DC 5V/9V/12V y POE [24V]
060979;[KP3-PRO] Marsriva - Mini UPS 8400Mah 36W 4 Puertos 
061493;[KP6-MAX] Marsriva - Mini UPS 20.000Mah 18W 5 Puertos
060974;[KP7-PRO] Marsriva - Mini UPS 24.000Mah 100W 4 Puertos 
060811;[KP7] Marsriva - Mini UPS 17.600Mah 60W 11 Puertos DC 9V/12V y POE [15V/24V]
061494;[KP9-PRO] Marsriva - Mini UPS Inteligente 24.000Mah 100W 14 Puertos
060717;"[KPM300] Klip Xtreme - Soporte/Base de Mesa para Monitor LCD/LED de 13"" a 32"""
060716;"[KPM310] Klip Xtreme - Soporte/Base Doble para Monitor LCD/LED de 13"" a 32"""
020687;[Kimwipes] Kimberly-Clark - Toallitas Secas de Limpieza Fibra Kimwipes [280 Unidades]
060689;[L-PW1000-PLUS] Logan - UPS Interactivo 1000VA 480W 110V [4] Tomas Protegidas [4 en Reserva]
060690;[L-PW1500-PLUS] Logan - UPS Interactivo 1500VA 720W Pantalla LCD 110V [8] Tomas Respaldadas
060087;[L-PW2000-PLUS] Logan - UPS Interactivo 2000VA 1200W Pantalla LCD 110V [8] Tomas Protegidas [4 en Reserva]
060691;[L-PW2200-PLUS] Logan - UPS Interactivo 2200VA 1200W Pantalla LCD 110V [8] Tomas Protegidas [4 en Reserva] 
060757;[L-PW3000-9603KS-RT] Logan - UPS En Línea Sinusoidal 3000VA 2.7KW Rack/Torre Pantalla LCD 110V 4 Tomas Protegidas [4 en Reserva]
060692;[L-PW3000-9603KS] Logan - UPS Interactivo En Línea 3000VA 1800W Pantalla LCD 110V [4] Tomas Protegidas [4 en Reserva]
060136;[L-PW750-PLUS] Logan - UPS Interactivo 750VA 375W 110V [4] Tomas Protegidas [4 en Reserva]
021586;[L009UiGS-RM] Mikrotik - L009UiGS en Escritorio/1U Rackmount con RouterOS L5
050694;[L116] Lucerna - Lampara/Linterna De Emergencia Recargable
050390;[L120x30-6.5K] Lucerna - Lampara LED Big Panel Lisa 120x30 48W 6500K Luz Fria Empotrar Borde Blanco 4800lm
050389;[L120x60-6.5K] Lucerna - Lampara LED Big Panel Lisa 120x60 80W 6500K Luz Fria Empotrar Borde Blanco 8000lm
021585;[L23UGSR-5HaxD2HaxD-NM] Mikrotik - (NetMetal ax) Punto de Acceso en 5GHz 802.11 AX 2X2 Conectorizado con Ranura p/SIM
060471;[L3210] Epson - Impresora Inyección Tinta Continua 3 en 1 (Impresión, Escaneo, Copiado) EcoTank Multifuncional USB 2.0
021249;[L41G-2axD] Mikrotik - (hAP ax lite) Router WiFi 2.4 Gen6 802.11b/g/n/ax 160mW de Potencia 4 Puertos Gigabit
050648;[L5005] Lucerna - Lampara de EmeRGEncia Doble Faro 4V 1.6Ah [2 Horas]
050649;[L5038] Lucerna - Lampara de EmeRGEncia Doble Faro 6V 4.5Ah [22 Horas]
050759;[L5230] Lucerna - Banda Led Doble Función
050388;[L60x60-6.5K] Lucerna - Lampara LED Big Panel Lisa 60x60 48W 6500K Luz Fria Empotrar Borde Blanco 4800lm
050407;[L6630] Lucerna - Lampara/Linterna De EmeRGEncia Recargable
050412;[L6841] Lucerna - Lampara/Linterna Camping Recargable 2 Modos Regulable
050409;[L8111] Lucerna - Lampara/Linterna Solar Recargable 2 Modos
050408;[L8318] Lucerna - Lampara/Linterna Recargable Regulable
020268;[LAP-120] Ubiquiti - Estación Base 2x2 MIMO airMAX LiteAP AC 450 Mbps 5 GHz 16dBi 120°
020272;[LAP-GPS] Ubiquiti - Estación Base airMAX LiteAP AC 450 Mbps 5 GHz 17dBi 90° con GPS
021030;[LBE-5AC-GEN2-5] Ubiquiti -  LiteBeam 2x2 MIMO airMAX AC GEN2 CPE 450 Mbps 5 GHz 23dBi [5 Unidades]
020204;[LBE-5AC-GEN2] Ubiquiti - LiteBeam 2x2 MIMO airMAX AC GEN2 CPE 450 Mbps 5 GHz 23dBi
021031;[LBE-5AC-LR-5] Ubiquiti - LiteBeam 2x2 MIMO airMAX AC Long Range CPE 450 Mbps 5 GHz 26dBi [5 Unidades]
020265;[LBE-5AC-LR] Ubiquiti - LiteBeam 2x2 MIMO airMAX AC Long Range CPE 450 Mbps 5 GHz 26dBi
020799;[LBE-5AC-XR] Ubiquiti - Estación Inalámbrica UISP airMAX LiteBeam 5AC XR
020205;[LBE-M5-23] Ubiquiti - LiteBeam airMAX M5 CPE 100 Mbps 5 GHz 23dBi
050394;[LINE-18W-60CM] Lucerna - Lampara LED Lineal Superficial 18W 6500K Luz Fria 60 cm para Interiores 1440lm
050395;[LINE-36W-120CM] Lucerna - Lampara LED Lineal Superficial 36W 6500K Luz Fria 120 cm para Interiores 2880lm
050393;[LINE-9W-30CM] Lucerna - Lampara LED Lineal Superficial 9W 6500K Luz Fria 30 cm para Interiores 720lm
021032;[LOCO5AC-5] Ubiquiti - NanoStation airMAX loco5AC CPE 450 Mbps 5 GHz con Antena Integrada de 13 dBi [5 Unidades]
021341;[LOCO5AC] Ubiquiti - NanoStation airMAX loco5AC CPE 450 Mbps 5 GHz con Antena Integrada de 13 dBi
020267;[LOCOM2] Ubiquiti - NanoStation airMAX locoM2 CPE 150 Mbps 2 GHz con Antena Integrada de 8 dBi
020208;[LOCOM5] Ubiquiti - NanoStation airMAX locoM5 CPE 150 Mbps 5 GHz con Antena Integrada de 13 dBi
050778;[LP-0641] Lucerna - Aplique Blanco / Negro 8w Policarbonato 3k IP65 120x120x92mm    
050774;[LP-272B] Lucerna - Aplique Blanco 5w Policarbonato 3k IP65 120x42x32mm  
050775;[LP-272N] Lucerna - Aplique Negro 5w Policarbonato 3k IP65 120x42x32mm   
050777;[LP-3010] Lucerna - Aplique Negro 6w Aluminio 3k IP65 100x100x100mm    
050783;[LP-3640] Lucerna - Aplique Negro 3w+3w Plastico Abs 3k IP65 178x110x62mm
050780;[LP-4110] Lucerna - Aplique Negro 2w Aluminio 3k IP65 66x73x40mm  
050781;[LP-4120] Lucerna - Aplique Negro 4w Aluminio 3k IP65 98x75x40mm  
050782;[LP-4850] Lucerna - Aplique Negro 10w Aluminio 3k IP65 250x110x45mm
050776;[LP-5640] Lucerna - Aplique Negro 10w Aluminio+Policarbonato 3k IP65 150x92x50mm   
050779;[LP-6120] Lucerna - Aplique Negro 4w Aluminio 3k IP65 F105x80mm     
021909;[LP-PCC61M%-A] Wiretech - Patch Cord UTP -100% Cobre- Azul CAT6 (Categoria 6) 1 Metro [Unidad]
021908;[LP-PCC61M%-B] Wiretech - Patch Cord UTP -100% Cobre- Blanco CAT6 (Categoria 6) 1 Metro [Unidad]
021912;[LP-PCC61M%-N] Wiretech - Patch Cord UTP -100% Cobre- Naranja CAT6 (Categoria 6) 1 Metro [Unidad]
021910;[LP-PCC61M%-R] Wiretech - Patch Cord UTP -100% Cobre- Rojo CAT6 (Categoria 6) 1 Metro [Unidad]
021911;[LP-PCC61M%-Y] Wiretech - Patch Cord UTP -100% Cobre- Amarillo CAT6 (Categoria 6) 1 Metro [Unidad]
021900;[LP-PCC61M-B] Wiretech - Patch Cord UTP -CCA- Blanco CAT6 (Categoria 6) 1 metro [Unidad]
021901;[LP-PCC61M-R] Wiretech - Patch Cord UTP -CCA- Rojo CAT6 (Categoria 6) 1 Metro [Unidad]
021914;[LP-PCC62M%-A] Wiretech - Patch Cord UTP -100% Cobre- Azul CAT6 (Categoria 6) 2 Metros [Unidad]
021913;[LP-PCC62M%-B] Wiretech - Patch Cord UTP -100% Cobre- Blanco CAT6 (Categoria 6) 2 Metros [Unidad]
021902;[LP-PCC62M-B] Wiretech - Patch Cord UTP -CCA- Blanco CAT6 (Categoria 6) 2 Metros [Unidad]
021903;[LP-PCC62M-R] Wiretech - Patch Cord UTP -CCA- Rojo CAT6 (Categoria 6) 2 Metros [Unidad]
021905;[LP-PCC650CM%-A] Wiretech - Patch Cord UTP -100% Cobre- Azul CAT6 (Categoria 6) 50 CM [Unidad]
021904;[LP-PCC650CM%-B] Wiretech - Patch Cord UTP -100% Cobre- Blanco CAT6 (Categoria 6) 50 CM [Unidad]
021906;[LP-PCC650CM%-R] Wiretech - Patch Cord UTP -100% Cobre- Rojo CAT6 (Categoria 6) 50 CM [Unidad]
021907;[LP-PCC650CM%-Y] Wiretech - Patch Cord UTP -100% Cobre- Amarillo CAT6 (Categoria 6) 50 CM [Unidad]
021898;[LP-PCC650CM-A] Wiretech - Patch Cord UTP -CCA- Azul CAT6 (Categoria 6) 50 CM [Unidad]
021897;[LP-PCC650CM-B] Wiretech - Patch Cord UTP -CCA- Blanco CAT6 (Categoria 6) 50 CM [Unidad]
021899;[LP-PCC650CM-R] Wiretech - Patch Cord UTP -CCA- Rojo CAT6 (Categoria 6) 50 CM [Unidad]
050784;[LPS-1801] Lucerna - Aplique Solar Negro 3k Abs con sensor de movimiento y bateria 3,7v 1800mAh IP44
050786;[LPS-1803] Lucerna - Aplique Solar Negro 3k de policarbonato con sensor de movimiento y bateria 3,7v 1800mAh IP44
050785;[LPS-1907] Lucerna - Aplique Solar Blanco 3k de policarbonato con sensor de movimiento y bateria 3,7v 1800mAh IP44
070918;[LS-BARRA3/8] Wiretech - Barra Roscada 3/8 para Soporte de Techo de Escalerilla[3 metros]
070900;[LS-CAJA 1] Wiretech - Caja de Conexiones Nema Plástica IP55 [Dimensiones 8.5 x 8.5 x 5 cm]
070901;[LS-CAJA 2] Wiretech - Caja de Conexiones Nema Plástica IP65 [Dimensiones 15 x 11 x 7 cm]
070902;[LS-CAJA 3] Wiretech - Caja de Conexiones Nema Plástica IP65 [Dimensiones 15 x 15 x 7 cm]
070903;[LS-CAJA 4] Wiretech - Caja de Conexiones Nema Plástica IP65 [Dimensiones 20 x 10 x 7 cm]
070904;[LS-CAJA 5] Wiretech - Caja de Conexiones Nema Plástica IP65 [Dimensiones 20 x 15.5 x 8 cm]
070905;[LS-CAJA 6] Wiretech - Caja de Conexiones Nema Plástica IP65 [Dimensiones 20 x 20 x 8 cm]
070906;[LS-CAJA 7] Wiretech - Caja de Conexiones Nema Plástica IP65 [Dimensiones 25.5 x 20 x 8 cm]
070907;[LS-CAJA 8] Wiretech - Caja de Conexiones Nema Plástica IP65 [Dimensiones 30 x 25 x 12 cm]
070908;[LS-CAJA 9] Wiretech - Caja de Conexiones Nema Plástica IP65 [Dimensiones 40 x 35 x 12 cm]
070917;[LS-CLIP-2] Wiretech - Kit de Empalme para escalerilla [2 Unidades]
070909;[LS-ESC10] Wiretech - Escalerilla Porta Cable 10cm [Ancho: 10cm / Alto: 5cm / Largo: 2,40mts]
070910;[LS-ESC20] Wiretech - Escalerilla Porta Cable 20cm [Ancho: 20cm / Alto: 5cm / Largo: 2,40mts]
070911;[LS-ESC30] Wiretech - Escalerilla Porta Cable 30cm [Ancho: 30cm / Alto: 5cm / Largo: 2,40mts]
070912;[LS-ESC40] Wiretech - Escalerilla Porta Cable 40cm [Ancho: 40cm / Alto: 5cm / Largo: 2,40mts]
070913;[LS-TEC10] Wiretech - Soporte de Techo para Escalerilla 10cm
070914;[LS-TEC20] Wiretech - Soporte de Techo para Escalerilla 20cm
070915;[LS-TEC30] Wiretech - Soporte de Techo para Escalerilla 30cm
070916;[LS-TEC40] Wiretech - Soporte de Techo para Escalerilla 40cm
020442;[LS1005G] TP-Link - Switch de Escritorio de 5 Puertos a 10/100/1000 Mbps
020256;[LS1005] TP-Link - Switch de Escritorio de 5 Puertos a 10/100 Mbps
020491;[LS1008G] TP-Link - Switch de Escritorio de 8 Puertos a Gigabit
020334;[LS105G] TP-Link - Switch de Escritorio de 5 Puertos a Gigabit
020335;[LS108G] TP-Link - Switch de Escritorio de 8 Puertos a Gigabit
060592;[LS1200-LM60] APC - Regulador Automático de Voltaje 120V 1200VA/600W [8] x NEMA 5-15R
060620;[LS600-LM60] APC - Regulador Automático de Voltaje 120V 600VA/300W [8] x NEMA 5-15R
061377;"[LSD002] Astra - Base para Laptop Metalica hasta 15.4"" Plegable"
020800;[LTU-INSTANT] Ubiquiti - Cliente PtMP UISP LTU Instant 5 GHz con Antena Integrada de 22 dBi
021319;[LTU-Instant-5] Ubiquiti - Cliente PtMP UISP LTU Instant 5 GHz con Antena Integrada de 22 dBi [5 Unidades]
020913;[LTU-LITE] Ubiquiti - Cliente PtMP LTU Lite 5 GHz [4.8 - 6-2 GHz] con Antena Integrada de 13 dBi
020914;[LTU-LR] Ubiquiti - Cliente PtMP LTU Long Range 5 GHz [4.8 - 6-2 GHz] con Antena Integrada de 26 dBi
020801;[LTU-PRO] Ubiquiti - Cliente PtMP UISP LTU Pro 5 GHz con Antena Integrada de 24 dBi
020802;[LTU-ROCKET] Ubiquiti - Radio Estacion Base PtMP LTU Rocket 600 Mbps 5 GHz [4.9 - 6.2 GHz] filtrado de RF y GPS Sync
020803;[LTU-XR] Ubiquiti - Cliente PtMP UISP LTU XR 5 GHz con Antena Integrada de 29 dBi
050800;[LUMI-100W-6.5K] Lucerna - Lampara Luminaria LED Urbana Alumbrado Publico High Lumen 100W 6500K Luz Fria 120 LM/W
050287;[LUMI-120W-6.5K] Lucerna - Lampara Luminaria LED Urbana Alumbrado Publico High Lumen 120W 6500K Luz Fria 15600lm
050288;[LUMI-180W-6.5K] Lucerna - Lampara Luminaria LED Urbana Alumbrado Publico High Lumen 180W 6500K Luz Fria 23400lm
050799;[LUMI-50W-6.5K] Lucerna - Lampara Luminaria LED Urbana Alumbrado Publico High Lumen 50W 6500K Luz Fria 120 LM/W
060621;[M100-BLACK] Logitech - Mouse Optico Alambrico USB [Negro]
060359;[M110-BLACK] Logitech - Mouse Optico Alambrico USB Silent [Negro]
060358;[M110-BLUE] Logitech - Mouse Optico Alambrico USB Silent [Azul]
060470;[M110-SILVER] Logitech - Mouse Optico Alambrico USB Silent [Plata]
060360;[M170-BLUE/BLACK] Logitech - Mouse Inalambrico [Azul/Negro]
060361;[M170-GREY/BLACK] Logitech - Mouse Inalambrico [Gris/Negro]
060925;[M170-RED/BLACK] Logitech - Mouse Inalambrico [Rojo/Negro]
060362;[M170-SILVER/GREY] Logitech - Mouse Inalambrico [Plata/Gris]
060759;[M185-BLUE] Logitech - Mouse Inalambrico [Azul]
061055;[M185-GREY] Logitech - Mouse Inalambrico [Gris]
060760;[M185-RED] Logitech - Mouse Inalambrico [Rojo]
060409;[M190-BLUE] Logitech - Mouse Inalambrico [Azul]
060410;[M190-GREY] Logitech - Mouse Inalambrico [Gris]
011023;[M1pro] Dahua - Cámara para Interior de Vehiculos (DashCam) 1080p [2Mp] Incorpora Micrófono y Altavoz H.265 MicroSD de hasta 128GB (tarjeta no incluida)
060761;[M220-BLACK] Logitech - Mouse Inalambrico [Negro]
060913;[M220-PINK] Logitech - Mouse Inalambrico [Rosa]
061513;[M240-BLACK] Logitech - Mouse Inalambrico Silencioso [Negro]
061515;[M240-PINK] Logitech - Mouse Inalambrico Silencioso [Rosado]
061514;[M240-WHITE] Logitech - Mouse Inalambrico Silencioso [Blanco]
060431;[M280-BLACK] Logitech - Mouse Inalambrico [Negro]
060432;[M280-SILVER] Logitech - Mouse Inalambrico [Plata]
061516;[M350S-BLACK] Logitech - Mouse Inalambrico [Negro]
061517;[M350S-WHITE] Logitech - Mouse Inalambrico [Blanco]
020590;[M3] Tenda - Controlador de Puntos de Acceso Gigabit 5 Puertos
060309;[M428DW] HP - Impresora Laser Pro Multifuncional
060605;[M4TVM] Barkan - Soporte/Base Fija con Brazo para Pantallas 26 a 39 Pulgadas 20Kg
060622;[M510-BLACK] Logitech - Mouse Inalámbrico con Seguimiento Láser [Negro]
060623;[M590-GRAFITE] Logitech - Mouse inalámbrico silencioso multidispositivo [Grafito]
060764;[M6509NW] Pantum - Impresora Laser Multifuncional WiFi Monocromatica
060468;[M6550NW] Pantum - Impresora Laser Pantum Multifuncional Monocromatica
060765;[M6559NW] Pantum - Impresora Laser Multifuncional WiFi Monocromatica
060472;[M7105DW] Pantum - Impresora Laser Pantum Multifuncional Monocromatica
021718;[MA20N] Mercusys - Adaptador Nano USB Inalambrico WiFi Doble Banda AC650
021667;[MA30H]  Mercusys - Adaptador USB Inalambrico WiFi Doble banda de Alta Ganancia AC1300
061611;[MA530] Mercusys - Adaptador Nano USB Bluetooth 5.3
060543;[MAXFIT108] Fantech - Teclado MaxFit 108 Ingles Gaming
060544;[MAXFIT61] Fantech - Teclado MaxFit 61 Ingles Gaming
060545;[MAXFIT87] Fantech - Teclado MaxFit 87 Ingles Gaming
021522;[MC220L] TP-Link - Convertidor Fibra Óptica Gigabit Ethernet Sfp A Rj45 Tp-link
021891;[MC6-02-06B] Siemon - Patch Cord RJ45 UTP CAT6 T568A/B Trenzado 26AWG Revestimiento CM/LS0H (Azul) [06M/2ft] [Unidad]
021890;[MC6-10-06B] Siemon - Patch Cord RJ45 UTP CAT6 T568A/B Trenzado 26AWG Revestimiento CM/LS0H (Azul) [3M/10ft] [Unidad]
061383;[MCCM1] Astra - Soporte Magnetico Adhesivo para Cables (5 en 1)
061384;[MCCR01] Astra - Soporte Giratorio Multiuso de 5 Compartimientos
060960;[MCX02] Fantech - Microfono leviosa live cableado 
061170;[MCX03] Fantech - Microfono leviosa Max cableado 
020933;[ME10] Mercusys - Extensor de Rango WiFi a 300Mbps
020743;[ME20] Mercusys - Extensor de Rango WiFi Doble Banda AC750
020932;[ME30] Mercusys - Extensor de Rango WiFi Doble Banda AC1200
021933;[ME60X] Mercusys - Extensor de Rango WiFi 6 Doble Banda AX1500
060512;[MH84] Fantech - Audifonos Jade Gaming
060519;[MH85] Fantech - Audifonos Vibe Gaming
060518;[MH86] Fantech - Audifonos Valor Gaming [Negro]
061110;[MH88-BLACK] Fantech - Audifonos Trinity Gaming [Negro]
061112;[MH88-PINK] Fantech - Audifonos Trinity Gaming [Rosado]
061111;[MH88-WHITE] Fantech - Audifonos Trinity Gaming [Blanco]
060514;[MH90] Fantech - Audifonos Sonata Gaming
061295;[MH91-BLACK] Fantech - Audifonos Gamer Alto MH91 Cableado [Negro]
061549;[MH92-BK] Fantech - Audifonos Carbon Headsets Cableados [Negro]
061548;[MH92-WH] Fantech - Audifonos Carbon Headsets Cableados [Blanco]
061623;[MIC08] Astra - Micrófono AURA RGB Conexión XLR USB C con Reducción de Ruido [Negro]
060363;[MK120-BLACK ] Logitech - Combo Teclado y Mouse Alambrico USB [Español] [Negro]
060435;[MK200-BLACK] Logitech - Combo Teclado y Mouse Alambrico USB [Español] [Negro]
060364;[MK220-BLACK] Logitech - Combo Teclado y Mouse Inalambrico [Español] [Negro]
060436;[MK235-BLACK/GREY] Logitech - Combo Teclado y Mouse Inalambrico [Español] [Negro/Gris]
060393;[MK270-BLACK/GREY] Logitech - Combo Teclado y Mouse Inalambrico [Español] [Negro/Gris]
060454;[MK295-BLACK/GREY] Logitech - Combo Teclado y Mouse Inalambrico [Español] [Negro/Gris]
061458;[MK311-BK-BK(RD)] Fantech - Teclado Atom AIR61 Cableado SW Rojo [Negro]
061457;[MK311-WH-WH(RD)] Fantech - Teclado Atom AIR61 Cableado SW Rojo [Blanco]
061456;[MK314-BK-BK(RD)] Fantech - Teclado Atom AIR108 Cableado SW Rojo [Negro]
061455;[MK314-WH-WH(RD)] Fantech - Teclado Atom AIR108 Cableado SW Rojo [Blanco]
060437;[MK345-BLACK] Logitech - Combo Teclado y Mouse Inalambrico [Español] [Negro]
060907;[MK470-BLACK] Logitech - Teclado + Mouse Inalambrico [Español] 
061518;[MK470-PINK] Logitech - Teclado + Mouse Inalambrico [Español] [Rosado]
060624;[MK540-BLACK] Logitech - Combo Teclado + Mouse Inalambrico [Inglés] [Negro]
061583;[MK611-AME-BLWH(TR)] Fantech - Teclado Atom X63 Cableado SW Taro [Ame Azul]
061584;[MK611-AME-WHBL(TR)] Fantech - Teclado Atom X63 Cableado SW Taro [Ame Blanco]
061581;[MK611-BLWH(RS)] Fantech - Teclado Atom X63 Cableado SW Rosie [Ame Azul]
061582;[MK611-WHBL(RS)] Fantech - Teclado Atom X63 Cableado SW Rosie [Ame Blanco]
061587;[MK612-AME-BLWH(TR)] Fantech - Teclado Atom X83 Cableado SW Taro [Azul-Blanco]
061588;[MK612-AME-WHBL(TR)] Fantech - Teclado Atom X83 Cableado SW Taro [Blanco-Azul]
061586;[MK612-BLWH(RS)] Fantech - Teclado Atom X83 Cableado SW Rosie [Azul-Blanco]
061585;[MK612-WHBL(RS)] Fantech - Teclado Atom X83 Cableado SW Rosie [Blanco-Azul]
061681;[MK811-BK(EMD)] Fantech - Teclado Atom HE68 Cableado SW Esmeralda [Negro]
061680;[MK811-WH(EMD)] Fantech - Teclado Atom HE68 Cableado SW Esmeralda [Blanco]
060547;[MK853-BLACK] Fantech - Teclado MaxPower Ingles Gaming [Negro]
061117;[MK853-PINK] Fantech - Teclado MaxPower Ingles Gaming [Rosado]
060546;[MK853-WHITE] Fantech - Teclado MaxPower Ingles Gaming [Blanco]
061598;[MK853V2-BK(BL)] Fantech -Teclado Max Power Cableado SW Azul [Negro]
061593;[MK853V2-BK(RD)] Fantech -Teclado Max Power Cableado SW Rojo [Negro]
061597;[MK853V2-PK(BL)] Fantech -Teclado Max Power Cableado SW Azul [Rosado]
061596;[MK853V2-PK(RD)] Fantech -Teclado Max Power Cableado SW Rojo [Rosado]
061594;[MK853V2-WH(BL)] Fantech -Teclado Max Power Cableado SW Azul [Blanco]
061595;[MK853V2-WH(RD)] Fantech -Teclado Max Power Cableado SW Rojo [Blanco]
061467;[MK874V2-BK-BLWH(BL)] Fantech - Teclado Atom63 Cableado SW Azul [Mori Azul]
061468;[MK874V2-BK-BLWH(RD)] Fantech - Teclado Atom63 Cableado SW Rojo [Mori Azul]
061469;[MK874V2-BK-WHBL(BL)] Fantech - Teclado Atom63 Cableado SW Azul [Mori Blanco]
061470;[MK874V2-BK-WHBL(RD)] Fantech - Teclado Atom63 Cableado SW rojo [Mori Blanco]
061684;[MK874V2-BLWH(RS)] Fantech - Teclado Atom63 Cableado SW Rosie [Mori Azul]
061685;[MK874V2-BLWH(TR)] Fantech - Teclado Atom63 Cableado SW Taro [Mori Azul]
061590;[MK874V2-NAB(BL)] Fantech - Teclado Atom63 Cableado SW Azul [Azul Navy]
061589;[MK874V2-NAB(RD)] Fantech - Teclado Atom63 Cableado SW Rojo [Azul Navy]
061354;[MK874V2-SKB(BL)] Fantech -Teclado Atom 63 Alambrico SW Azul [Azul Sky]
061355;[MK874V2-SKB(RD)] Fantech -Teclado Atom 63 Alambrico SW Rojo [Azul Sky]
061686;[MK874V2-WHBL(RS)] Fantech - Teclado Atom63 Cableado SW Rosie [Mori Blanco]
061687;[MK874V2-WHBL(TR)] Fantech - Teclado Atom63 Cableado SW Taro [Mori Blanco]
061690;[MK875V2-MIZU-BLNV(RS)] Fantech - Teclado Atom81 Cableado SW Rosie [Azul Sky]
061691;[MK875V2-MIZU-BLNV(TR)] Fantech - Teclado Atom81 Cableado SW Taro [Azul Sky]
061688;[MK875V2-MIZU-NVBL(RS)] Fantech - Teclado Atom81 Cableado SW Rosie [Azul Navy]
061689;[MK875V2-MIZU-NVBL(TR)] Fantech - Teclado Atom81 Cableado SW Taro [Azul Navy]
061592;[MK875V2-NAB(BL)] Fantech -Teclado Atom 81 Cableado SW Azul [Azul Navy]
061323;[MK875V2-NAB(RD)] Fantech -Teclado Atom 81 alambrico SW Rojo [Azul Navy]
061322;[MK875V2-NBU] Fantech -Teclado Atom 81 alámbrico SW Azul [Azul Navy]
061324;[MK875V2-SKB(BL)] Fantech -Teclado Atom 81 alambrico SW Azul [Azul Sky]
061591;[MK875V2-SKB(RD)] Fantech -Teclado Atom 81 Cableado SW Rojo [Azul Sky]
061445;[MK876V2-BK(RD)] Fantech -Teclado Atom 87 alambrico SW Rojo [Negro]
061327;[MK876V2-BK] Fantech -Teclado Atom 87 alambrico SW Azul [Negro]
061326;[MK876V2-GY(RD)] Fantech -Teclado Atom 87 alambrico SW Rojo [Gris]
061325;[MK876V2-GY] Fantech -Teclado Atom 87 alambrico SW Azul [Gris]
061471;[MK877S-BK-BLWH(BL)] Fantech - Teclado Atom87S Cableado SW Azul [Mori Azul]
061472;[MK877S-BK-BLWH(RD)] Fantech - Teclado Atom87S Cableado SW Rojo [Mori Azul]
061473;[MK877S-BK-WHBL(BL)] Fantech - Teclado Atom87S Cableado SW Azul [Mori Blanco]
061474;[MK877S-BK-WHBL(RD)] Fantech - Teclado Atom87S Cableado SW Rojo [Mori Blanco]
061459;[MK878S-BK-BLWH(BL)] Fantech - Teclado Atom104S SW Azul [Mori Azul]
061460;[MK878S-BK-BLWH(RD)] Fantech - Teclado Atom104S Cableado SW Rojo [Mori Azul]
061461;[MK878S-BK-WHBL(BL)] Fantech - Teclado Atom104S Cableado SW Azul [Mori Blanco]
061462;[MK878S-BK-WHBL(RD)] Fantech - Teclado Atom104S Cableado SW Rojo [Mori Blanco]
060548;[MK882] Fantech - Teclado Pantheon Ingles Gaming
061159;[MK886V2-BLACK(BE)] Fantech - Teclado Atom104 Alámbrico Gaming Sw Azul [Negro]
061160;[MK886V2-BLACK(RD)] Fantech - Teclado Atom104 Alámbrico Gaming Sw Rojo [Negro]
061356;[MK886V2-GY(BE)] Fantech -Teclado Atom 104 Alambrico SW Azul [Gris]
061158;[MK886V2-GY(RD)] Fantech - Teclado Atom Alámbrico Gaming Sw Rojo [Gris]
061328;[MK890V2-NAB(BL)] Fantech -Teclado Atom 96 alambrico SW Azul [Azul Navy]
061329;[MK890V2-NAB(RD)] Fantech -Teclado Atom 96 alambrico SW Rojo [Azul Navy]
061330;[MK890V2-SKB(BL)] Fantech -Teclado Atom 96 alambrico SW Azul [Azul Sky]
061331;[MK890V2-SKB(RD)] Fantech -Teclado Atom 96 alambrico SW Rojo [Azul Sky]
061465;[MK893S-BK-BLNV(BL)] Fantech - Teclado Atom107S Cableado SW Azul [Mizu Sky]
061466;[MK893S-BK-BLNV(RD)] Fantech - Teclado Atom107S Cableado SW Rojo [Mizu Sky]
061463;[MK893S-BK-NVBL(BL)] Fantech - Teclado Atom107S Cableado SW Azul [Mizu Navy]
061464;[MK893S-BK-NVBL(RD)] Fantech - Teclado Atom107S Cableado SW Rojo [Mizu Navy]
061683;[MK893S-BLNV(RS)] Fantech - Teclado Atom107S Cableado SW Rosie [Mizu Sky]
061365;[MK912-ME(BL)] Fantech -Teclado Atom PRO63 Inalambrico SW Azul [Mercury]
061366;[MK912-ME(RD)] Fantech -Teclado Atom PRO63 Inalambrico SW Rojo [Mercury]
061367;[MK912-SAT(BL)] Fantech -Teclado Atom PRO63 Inalambrico SW Azul [Saturn]
061437;[MK916-GY-LGY(RD)] Fantech - Teclado Max Fit AIR99 Inalámbrico SW Rojo [Gris]
061372;[MK917-BK-BK(BL)] Fantech -Teclado Atom PRO79 Inalambrico SW Azul [Negro]
061373;[MK917-BK-BK(RD)] Fantech -Teclado Atom PRO79 Inalambrico SW Rojo [Negro]
061374;[MK918-BK-BK(BL)] Fantech -Teclado Atom PRO97 Inalambrico SW Azul [Negro]
061375;[MK918-BK-BK(RD)] Fantech -Teclado Atom PRO97 Inalambrico SW Rojo [Negro]
061370;[MK919-BK-DGYLGY(BL)] Fantech -Teclado Atom PRO66 Inalambrico SW Azul [Negro]
061371;[MK919-BK-DGYLGY(RD)] Fantech -Teclado Atom PRO66  inalambrico SW Rojo [Negro]
061368;[MK919-GY-LGYDGY(BL)] Fantech -Teclado Atom PRO66  inalambrico SW Azul [Gris]
061369;[MK919-GY-LGYDGY(RD)] Fantech -Teclado Atom PRO66  inalambrico SW Rojo [Gris]
061682;[MK922-RETRO-BG(EMD)] Fantech -Teclado Atom HE68 PRO Inalambrico SW Esmeralda [Beige]
100046;[MLT-D101S] Maxiprint - Toner Compatible Samsung Negro MLT-D101S
100047;[MLT-D104S] Maxiprint - Toner Compatible Samsung Negro MLT-D104S
100048;[MLT-D105S] Maxiprint - Toner Compatible Samsung Negro MLT-D105S
100162;[MLT-D108S] Maxiprint - Toner Compatible Samsung Negro MLT-D108S
100049;[MLT-D109S] Maxiprint - Toner Compatible Samsung Negro MLT-D109S
100161;[MLT-D111L] Maxiprint - Toner Compatible Samsung Negro MLT-D111L
100005;[MLT-D111S] Maxiprint - Toner Compatible Samsung Negro MLT-D111S
100050;[MLT-D116L] Maxiprint - Toner Compatible Samsung Negro MLT-D116L
100114;[MLT-D203S] Maxiprint - Toner Compatible Samsung Negro MLT-D203S
070852;[MP10] Marsriva - Estacion de Poder Portatil 1000W LiFePO4  (1176Wh / 48V / 24.500mAh)
070836;[MP12] Marsriva - Estacion de Poder Portatil 1200W [1310WH/25.6V/51200MAH]
070837;[MP24] Marsriva - Estacion de Poder Portatil 2400W [2621WH/51.2V/51200MAH]
061155;[MP256] Fantech - Mouse Pad Vigil X-Small 250x210mm
060965;[MP25] Fantech - Mouse Pad Sven Small 250x210mm
060968;[MP292] Fantech - Mouse Pad Vigil Small 290x250mm
061454;[MP296] Fantech - Mouse Pad Vigil Small 290x250mm
060966;[MP353] Fantech - Mouse Pad Agile Small 350x300mm 
061154;[MP35] Fantech - Mouse Pad Sven Medium  250x250mm
070822;[MP3S] Marsriva - Estacion de Poder Portatil 300W [327.6WH/12.8V/25600MAH]
070823;[MP3] Marsriva - Estacion de Poder Portatil 300W [153.6WH/12.8V/12000MAH]
060969;[MP452] Fantech - Mouse Pad Vigil Medium 450x400mm
060967;[MP453] Fantech - Mouse Pad Agile Medium 450x350mm
070835;[MP6-PRO] Marsriva - Estacion de Poder Portatil 600W [655.3WH/25.6V/25600MAH]
070821;[MP6S] Marsriva - Estacion de Poder Portatil 600W [268.8WH/22.4V/12000MAH]
061156;[MP806] Fantech - Mouse Pad Vigil X-Large 800x300mm
060924;[MP902] Fantech - Mouse Pad Vigil MP902 90x30
061436;[MP905-GY] Fantech - Mouse pad Ato X-Large 900x400mm [Super Maxfit]
061087;[MPBK] Xtech - Mouse pad negro 
061359;[MPR800S-PK] Fantech - Mouse Pad Firefly Extended 800x300mm [Rosado]
061358;[MPR800S-WE] Fantech - Mouse Pad Firefly Extended 800x300mm [Blanco]
061357;[MPR800S] Fantech - Mouse Pad Firefly Extended 800x300mm [Negro]
100215;[MPX-CF258A] Maxiprint - Toner Maxiprint Compatible con HP CF258A negro
070855;[MR-LBP12-100-LAR] Marsriva - Batería de Litio de Reemplazo de Plomo-Ácido 12.8V 100Ah (1.28kWh / 12.8V / 100Ah)
070856;[MR-LBP12-200-LAR] Marsriva - Batería de Litio de Reemplazo de Plomo-Ácido 12.8V 200Ah (2.56kWh / 12.8V / 200Ah)
070853;[MR-LFP12-7-LAR] Marsriva - Batería de Litio de Reemplazo de Plomo-Ácido 12.8V 7.2Ah (92.16Wh / 12.8V / 7.2Ah) Entrada de CC de 12-45V
070854;[MR-LFP12-9-LAR] Marsriva - Batería de Litio de Reemplazo de Plomo-Ácido 12.8V 9Ah (15.2Wh / 12.8V / 9Ah)
070815;[MR-LFP24-200-WMD] Marsriva - Bateria de litio LiFePO4 de [25.6V/204AH, 5.22KWH]
070819;[MR-LFP48-100-WMD] Marsriva - Bateria de litio LiFePO4 de [51.2V/102AH, 5.22KWH]
070818;[MR-LFP48-200-WMD] Marsriva - Bateria de litio LiFePO4 de [51.2V/204AH, 10.44KW]
070783;[MR-PBU12-12] Marsriva - Bateria Sellada 12V 12Ah
070785;[MR-PBU12-18] Marsriva - Bateria Sellada 12V 18Ah    
070782;[MR-PBU12-4.5] Marsriva - Bateria Sellada 12V 4.5Ah
070780;[MR-PBU12-7] Marsriva - Bateria Sellada 12V 7Ah
070781;[MR-PBU12-9] Marsriva - Bateria Sellada 12V 9Ah
070784;[MR-PBU6-4.5] Marsriva - Bateria Sellada 6V 4.5Ah
070816;[MR-SPF3000U] Marsriva - Inversor Solar Monofasico 3KVW / 120V OFF-GRID
070817;[MR-SPF5000U] Marsriva - Inversor Solar Monofasico 5KW / 5KVA OFF-GRID
060926;[MR-UF1000] Marsriva - UPS Interactivo Inteligente 1000VA / 600W 12V / 9AH*21
060927;[MR-UF1500] Marsriva - UPS Inteligente 1500VA / 900W 12V / 7AH*2 
061077;[MR-UF2000] Marsriva - UPS Inteligente 2000VA / 1200W 12V / 9AH*2
061345;[MR-UF3000] Marsriva - UPS Inteligente 3000VA / 1800W 12V / 9AH*4
060981;[MR-UF750] Marsriva - UPS Interactivo Inteligente 750VA / 375W 12V / 7AH*1
060987;[MR-US10KA] Marsriva - UPS 10KVA 110+110V OUT 10KVA/10KW 12V/7AH x 16
060986;[MR-US10K] Marsriva - UPS 10KVA 220V IN/OT 10KVA/10KW 12V/7AH x 16
060988;[MR-US1KART] Marsriva - UPS 1KVA 110V IN/OUT 1KVA/1KW 12V/7AH x 2
060990;[MR-US2KART] Marsriva - UPS 2KVA 110V IN/OUT 2KVA/2KW 12V/7AH x 4
060989;[MR-US2KRT] Marsriva - UPS 2KVA 220V IN/OUT 2KVA/2KW 12V/7AH x 4
061079;[MR-US3330K-H] Marsriva - UPS 30KVA (No incluye baterias)
060992;[MR-US3KART] Marsriva - UPS 3KVA 110V IN/OUT 3KVA/3KW 12V/7AH x 6
060983;[MR-US3KA] Marsriva - UPS 3KVA 110V 3KVA/3KW 12V/7AH x 6
060991;[MR-US3KRT] Marsriva - UPS 3KVA 220V IN/OUT 3KVA/3KW 12V/7AH x 6
060982;[MR-US3K] Marsriva - UPS 3KVA 220V 3KVA/3KW 12V/7AH x 6
060993;[MR-US6KART] Marsriva - UPS 6KVA 110+110 OUT 6KVA/6KW 12V/7AH x 16
060985;[MR-US6KA] Marsriva - UPS 6KVA 110+110 OUT 6KVA/6KW 12V/7AH x 16
060984;[MR-US6K] Marsriva - UPS 6KVA 220V OUT 6KVA/6KW 12V/7AH*16
021887;[MR27BE] Mercusys - Router Inalambrico Wi-Fi 7 EasyMesh Doble Banda de 3.6 Gbps Puertos 2.5G BE3600 WiFi7
020996;[MR6350] Linksys - Router Inalambrico WiFi Doble Banda 10/100 AC1200 2 Antenas
021502;[MR90X] Mercusys - Router Gigabit Doble Banda AX6000 8 Stream WiFi6
020231;[MS105G] Mercusys - Switch de Escritorio de 5 Puertos a Gigabit
021446;[MS106LP] Mercusys - Switch de Escritorio de 6 Puertos y 4 POE
020232;[MS108G] Mercusys - Switch de Escritorio de 8 Puertos a Gigabit
020318;[MS108] Mercusys - Switch de Escritorio de 8 Puertos a 10/100 Mbps
021447;[MS110P] Mercusys - Switch de Escritorio de 10 Puertos y 8 POE
080205;[MSA-C1500IC12] Hikvision - Transformador 12V 1.5Amp
021576;[MTAD-5G-30D3-4STD] Mikrotik - (mANT30 PA) Antena Direccional 4.7 - 5.8 GHz 30dBi de Ganancia Conector SMA Hembra con Montaje de Alineación de Precisión
021575;[MTAD-5G-30D3-PA] Mikrotik - (mANT30 PA) Antena Direccional 4.7 - 5.8 GHz 30dBi de Ganancia Conector SMA Hembra con Montaje de Alineación de Precisión
021574;[MTAS-5G-15D120] Mikrotik - (mANT 15s) Antena Sectorial de 15dBi con Angulo de Apertura de 120° con un Rango de 5.17 - 5.825GHz
020486;[MW300UH] Mercusys - Adaptador USB Inalambrico WiFi de Alta Ganancia de 300Mbps
020223;[MW330HP] Mercusys - Router Inalambrico WiFi N 300Mbps Alta Potencia 3 Antenas 7dBi
100152;[MX-500NT] Maxiprint - Toner Compatible Sharp Negro MX-500NT
020935;[MX-FP-S-01-02-B] Siemon - Placa de Pared Modular MAX de 1 Salida Color Blanco Version bulk [Sin Empaque Individual]
021879;[MX-FP-S-04-02-B] Siemon - Placa de Pared Modular MAX de 4 Salida Color Blanco Version bulk [Sin Empaque Individual]
100202;[MXP-101R00554] Maxiprint - Unidad de Imagen DRUM Compatible Xerox B400/405
100192;[MXP-104A] Maxiprint - Unidad de Imagen DRUM Compatible HP W1104A
100194;[MXP-414C(C/CHIP)] Maxiprint - Toner Compatible HP Cyan W2021A [Con Chip]
100193;[MXP-414K(C/CHIP)] Maxiprint - Toner Compatible HP Negro W2020A [Con Chip]
100196;[MXP-414M(C/CHIP)] Maxiprint - Toner Compatible HP Magenta W2023A [Con Chip]
100195;[MXP-414Y(C/CHIP)] Maxiprint - Toner Compatible HP Yellow W2022A [Con Chip]
100207;[MXP-8750/LX300/LX350] Maxiprint - Cinta Compatible Epson 8750/LX300/LX350
100210;[MXP-CF232A/051D] Maxiprint - Unidad OPC - DRUM compatible con HP CF232A y Canon CRG051
100211;[MXP-CRG057] Maxiprint - Toner Compatible con Canon CRG0557
100208;[MXP-FX2190/S015335] Maxiprint - Cinta Compatible Epson FX2190/S015335
100209;[MXP-FX890/S015329] Maxiprint - Cinta Compatible Epson FX890/S015329
100205;[MXP-GT52C] Maxiprint - Tinta Compatible HP 70ml Cyan GT52
100206;[MXP-GT52M] Maxiprint - Tinta Compatible HP 70ml Magenta GT52
100204;[MXP-GT52Y] Maxiprint - Tinta Compatible HP 70ml Yellow GT52
100203;[MXP-GT53] Maxiprint - Tinta Compatible HP 90ml Negro GT53
100214;[MXP-T06] Maxiprint - Toner maxiprint Compatible con Canon T06 negro
100197;[MXP-W1360A(C/CHIP)] Maxiprint - Toner Compatible HP Negro W1360A [Con Chip]
100217;[MXP-W1450A] Maxiprint - Toner Maxiprint Compatible con HP W1450A [Serie 1]45A negro
100216;[MXP-W1510A] Maxiprint - Toner Maxiprint Compatible con HP W1510A negro
100218;[MXP-W2110A] Maxiprint - Toner Maxiprint Compatible con HP Negro
100219;[MXP-W2111A] Maxiprint - Toner Maxiprint Compatible con HP Cyan
100220;[MXP-W2112A] Maxiprint - Toner Maxiprint Compatible con HP Yellow
100221;[MXP-W2113A] Maxiprint - Toner Maxiprint Compatible con HP Magenta
100198;[MXP-W2120A(C/CHIP)] Maxiprint - Toner Compatible HP Negro 212A [Con Chip]
100199;[MXP-W2121A(C/CHIP)] Maxiprint - Toner Compatible HP Cyan 212A [Con Chip]
100200;[MXP-W2122A(C/CHIP)] Maxiprint - Toner Compatible HP Yellow 212A [Con Chip]
100201;[MXP-W2123A(C/CHIP)] Maxiprint - Toner Compatible HP Magenta 212A [Con Chip]
021775;[Maleta-Ruijie S/E] Ruijie/Reyee - Maletin metalico para Demo
020273;[N-SW] Ubiquiti - NanoSwitch No Administrable de 4 Puertos Gigabit para exterior POE 24V
020804;[NANOHD-RCM] Ubiquiti - Montaje para Instalar UAP-NANOHD en Falso Plafon para bajo perfil
020210;[NBE-5AC-GEN2] Ubiquiti - NanoBeam airMAX AC GEN2 CPE 450 Mbps 5 GHz 19dBi
021514;[NC-1LN6UU/CCA] HiLook - Cable UTP CAT6 (Categoria 6) CCA Interior (Gris) [Caja 305 Metros]
061287;[NC14-BLACK] Fantech - Cooling Pad  [Negro]
061449;[NC21-BK] Fantech - Fan Cooler NC21 Base de Notebook [Negro]
061450;[NC22-BK] Fantech - Fan Cooler PRO NC22 Base de Notebook [Negro]
021923;[NCM-X18002PK] Nexxt Home - Router Inalambrico Wifi Bolt Mesh Doble Banda AX1800 Wi-Fi6 [2 Unidades]
021925;[NCM-X30002PK] Nexxt Home -Router Inalambrico Wifi Bolt Mesh Doble Banda AX3000 Plus Wi-Fi6 [2 Unidades]
021924;[NCM-X3000] Nexxt Home - Router Inalambrico Wifi Bolt Mesh Doble Banda AX3000 Plus Wi-Fi 6 [1 Unidad]
021665;[NCMHAEF4] Panduit - Organizador  Horizontal de 4RU
020704;[NCMHF1] Panduit - Organizador de Cables Horizontal Simple PVC 1U 43.7x483x95mm NetManager
020705;[NCMHF2] Panduit - Organizador de Cables Horizontal Simple PVC 2U 88.1x483x95mm NetManager
060604;[ND300] Barkan - Soporte/Base Fija para Drywall para Pantallas 19 a 65 Pulgadas 37Kg
050664;[NHB-C3103PK] Nexxt Home - Bombillo LED 4W RGB Inteligente 110V GU10 WiFi [3 Unidades]
050663;[NHB-C310] Nexxt Home - Bombillo LED 4W RGB Inteligente 110V GU10 WiFi
050660;[NHB-C410] Nexxt Home - Bombillo LED 10W RGB Inteligente 110V PAR38 WiFi
050652;[NHB-O100] Nexxt Home - Guirnalda de Luces RGB Inteligente para Exteriores WiFi
050656;[NHB-W110] Nexxt Home - Bombillo LED 9W Blanco Regulable [2700 a 6500K] Inteligente 110V A19 WiFi
050658;[NHB-W2102PK] Nexxt Home - Bombillo LED 10W Blanco Regulable [2700 a 6500K] Inteligente 110V BR30 WiFi [2 Unidades]
050662;[NHB-W2104PK] Nexxt Home - Bombillo LED 10W Blanco Regulable [2700 a 6500K] Inteligente 110V BR30 WiFi [4 Unidades]
050657;[NHB-W210] Nexxt Home - Bombillo LED 10W Blanco Regulable [2700 a 6500K] Inteligente 110V BR30 WiFi
050666;[NHB-W3103PK] Nexxt Home - Bombillo LED 4W Blanco Regulable [2700 a 6500K] Inteligente 110V GU10 WiFi [3 Unidades]
050665;[NHB-W310] Nexxt Home - Bombillo LED 4W Blanco Regulable [2700 a 6500K] Inteligente 110V GU10 WiFi
050659;[NHB-W410] Nexxt Home - Bombillo LED 10W Blanco Regulable [2700 a 6500K] Inteligente 110V PAR38 WiFi
010491;[NHC-O630] Nexxt Home - Cámara Inteligente HD 1080P [2MP] de Bateria para Exteriores/Interiores WiFi
010494;[NHC-P710] Nexxt Home - Cámara PTZ Motorizada Inteligente [4MP] para Interiores WiFi
021565;[NHD-COVER-BLACK-3] Ubiquiti - Mascara Decorativa Diseño en Negro para UAP-nanoHD [3 Unidades]
070740;[NHE-D100] Nexxt Home - Atenuador Dimmer de Luz Inteligente WiFi
070744;[NHE-T100] Nexxt Home - Interruptor Triple Inteligente WiFi
021235;[NK5EPC3BUY] Panduit - Patch Cord UTP CAT5e (Categoria 5e) 24 AWG (Azul) [3ft/0,9M] [Unidad]
021362;[NK5EPC3RDY] Panduit - Patch Cord UTP CAT5e (Categoria 5e) Rojo 24 AWG  [3ft/0,9M] [Unidad]
021363;[NK5EPC7BUY] Panduit - Patch Cord UTP CAT5e (Categoria 5e) 24 AWG (Azul) [3ft/2,1M] [Unidad]
021364;[NK5EPC7RDY] Panduit - Patch Cord UTP CAT5e (Categoria 5e) Rojo 24 AWG  [3ft/2,1M] [Unidad]
021837;[NK6PC10RDY] Panduit - Patch Cord UTP CAT6 (Categoria 6) (Rojo) Con Plug Modular [10ft/3M] [Unidad]
020944;[NK6PC3BUY] Panduit - Patch Cord UTP CAT6 (Categoria 6) (Azul) 24 AWG NetKey [3ft/1.5M] [Unidad]
021060;[NK6PC3RDY] Panduit - Patch Cord UTP CAT6 (Categoria 6) (Rojo) Con Plug Modular [3ft/1M] [Unidad]
021670;[NKPP48P] Panduit - Patch Panel Modular 48 Puertos 1 RU Negro
090225;[NP-SH100] Hikvision - Detector de Metales Portátil Alerta Visual, Audible y de Vibración
020915;[NS-5AC] Ubiquiti - NanoStation airMAX AC CPE 450 Mbps 5 GHz rango [5150 - 5875 MHz] con Antena Integrada de 16 dBi
020203;[NSM5] Ubiquiti - NanoStation airMAX M5 CPE 150 Mbps 5 GHz con Antena Integrada de 16 dBi
060587;[NT-1011] Forza - UPS Interactivo 1000VA/500W [6] x NEMA 5-15R + RJ11
061627;[NT-1801PRO] Forza - UPS SMART 1800VA/900W 120V 10 NEMA RJ45
060585;[NT-511] Forza - UPS Interactivo 500VA/250W 110V [6] x NEMA 5-15R + RJ11
060586;[NT-751D] Forza - UPS Interactivo 750VA/375W 110V [6] x NEMA 5-15R + RJ11
060713;[NT-751] Forza - UPS Interactivo 750VA/375W [6] x NEMA 5-15R + RJ11
061481;[NT2401PRO] Forza - UPS SMART 2400VA/1200W 120V 10 NEMA RJ45
020706;[NUL6C04BU-FE] Panduit - Cable UTP CAT6 (Categoria 6) 100% Cobre LSZH 24 AWG NetKey Interior (Azul) [Caja 305 Metros]
020876;[NUL6CR04BU-CE] Panduit - Cable U/UTP CAT6 (Categoria 6) 100% Cobre LSZH 24 AWG NetKey Interior (Azul) [Caja 305 Metros]
010603;[NVR-108H-D/8P] Hilook - NVR [6MP] 8 Canales IP 8 Puertos POE Compatible con Cámaras AcuSense
010602;[NVR-108H-D] Hilook - NVR [6MP] 8 Canales IP Compatible con Cámaras AcuSense
010604;[NVR-116MH-C] Hilook - NVR 4K [8MP] 16 Canales IP Salida de vídeo 4K
010656;[NVR-216MH-C/16P] Hilook - NVR 4K [8MP] 16 Canales IP 16 Puertos POE 
010571;[NVR-216MH-C] HiLook - NVR 4K [8MP] 16 Canales IP Salida de vídeo 4K
010692;[NVR1004H-4P] Vigi By TP-Link - NVR IP 4 Canales 4 Puertos PoE+ Salida de Vídeo HDMI 4K H.265+ ONVIF
010727;[NVR1008H + TL-SF1009P] Vigi By TP-Link - Combo VIGI NVR 4K 8 Canales  + Switch 9 Puertos 10/100 Mbps 8Puertos PoE+
010693;[NVR1008H-8MP] Vigi By TP-Link - NVR IP 8 Canales 8 Puertos PoE+ Salida de Vídeo HDMI 4K H.265+ ONVIF
010390;[NVR1008H] Vigi by TP-Link - NVR Grabador de Video en Red de 8 Canales
010729;[NVR1016H + TL-SL1218P] TP-Link - Combo VIGI NVR 16 CH 4K + SWITCH GIGABIT 16Puertos 10/100 Mbps – 2Puertos PoE+ 16P RACK
010389;[NVR1016H] Vigi by TP-Link - NVR Grabador de Video en Red de 16 Canales
010691;[NVR1104H-4P] Vigi By TP-Link - NVR IP 4 Canales 4 Puertos PoE+ Salida de Vídeo HDMI 4K H.265+ ONVIF
011057;[NVR1108H-W] Vigi By TP-Tplink - NVR Wi-Fi 8 Canales Salida Simultánea HDMI y VGA 1 Interfaz SATA (hasta 10 TB)
010831;[NVR2016H-16MP] Vigi by TP-Link - NVR IP 16 Canales 16 Puertos PoE+ Salida de Vídeo HDMI 4K H.265+ ONVIF 140W PoE Budget
010988;[NVR2016H-16P] Vigi By TP-Link - NVR IP 16 Canales 16 Puertos PoE+ Salida de Vídeo HDMI 4K H.265+ ONVIF
010783;[NVR4032H] Vigi By TP-Link - NVR 32 Canales Salida 4K HDMI Compatibilidad con ONVIF Vídeo H.265+ 2 Puertos Ethernet 4 HDD hasta 16Tb
011052;[NVR4064H] Vigi By TP-Tplink - NVR 64 Canales H.265+ 2 Salidas de vídeo HDMI y 1 VGA 4 Interfaces Sata
020879;[OC200] TP-Link - Controlador Hardware [Omada]
020880;[OC300] TP-Link - Controlador Hardware [Omada]
021495;[OC400] TP-Link - Controlador Hardware [Omada]
021388;"[OHM1U-ANI] Onlink - Organizador de Cables Horizontal 1U 19"" Tipo Anillo"
020471;"[OHM1U] Onlink - Organizador de Cables Horizontal 1U 19"" Metalico con Tornillos y Tuercas"
020472;"[OHM2U] Onlink - Organizador de Cables Horizontal 2U 19"" Metalico con Tornillos y Tuercas"
020906;[OR2-42] Onlink - Rack de Piso Abierto con Ruedas 42U 150Kg 2 Postes 600x2053mm
020907;[OR4-42] Onlink - Rack de Piso Abierto con Ruedas 42U 150Kg 4 Postes 600x2053mm
060074;[OTR002-10] Pasta Termica Disipadora Gris [10 Unidades]
060149;[OTR002-1] Pasta Termica Disipadora Gris [Unidad]
060075;[OTR007-10] Pasta Termica Disipadora Dorada [10 Unidades]
060150;[OTR007-10] Pasta Termica Disipadora Dorada [Unidad]
060994;[OTR201-9] Pasta Termica Disipadora GD380 Gris 1 Gramo [9 Unidades]
060995;[OTR202-9] Pasta Termica Disipadora GD540 Dorada 1 Gramo [9 Unidades]
100229;[OV10] Astra - Difusor de Aroma Inteligente 1000Ml [Blanco]
100230;[OV2] Astra - Difusor de Aroma Inteligente 200Ml [Blanco]
020974;[OW-CAB-FTPC6-305-COB] Owire - Cable FTP CAT6 (Categoria 6) Exterior (Negro) [Bobina 305 Metros]
021605;[P-unlimited] Mikrotik - Licencia Cloud Hosted Router P-Unlimited
021604;[P10] Mikrotik - Licencia Cloud Hosted Router P10
020977;[P16B07M] Panduit - Regleta PDU para Rack Basico 16 Tomas 20Amp 120V Vertical
021603;[P1] Mikrotik - Licencia Cloud Hosted Router P1
060467;[P2500W] Pantum - Impresora Laser Monocromatica
060496;[P2509W] Impresora Laser Pantum Monocromatica
060539;[P31] Fantech - Teclado+Mouse 3 en 1 Gaming
061157;[P51] Fantech - Teclado+Mouse 5 en 1 Gaming
020805;[PAK-620] Ubiquiti - Kit de Alineación de Presición para Antenas Tipo Plato de 620mm
100110;[PB-210R] Pantum - Toner Original P2500W M6550NW
100129;[PB-211] Eledo - Toner Compatible Pantum Negro P2500 P2500W M6550NW M6600NW M6602N
020266;[PBE-5AC-500] Ubiquiti - PowerBeam airMAX AC 450 Mbps 5 GHz 27dBi
021033;[PBE-5AC-620] Ubiquiti - PowerBeam airMAX AC hasta 450 Mbps 5 GHz con Antena Tipo Plato de 29 dBi
020206;[PBE-5AC-GEN2] Ubiquiti - PowerBeam airMAX AC GEN2 450 Mbps 5 GHz 25dBi
020207;[PBE-M5-400] Ubiquiti - PowerBeam airMAX M5 150 Mbps 5 GHz 25dBi
020748;"[PC1U] Onlink - Panel Organizador Pasacables con Cepillo Horizontal 1U 19"" Metalico con Tornillos y Tuercas"
100128;[PD-219] Eledo - Toner Compatible Pantum Negro P2509 P2509W M6509 M6509NW M6559N M6559NW M6609N M6559
100127;[PD-219] Pantum - Toner Original Negro P2509 P2509W M6509 M6509NW M6559N M6559NW M6609N M6559
020908;[PDU-15AEU8T] Onlink - Regleta Rack PDU 1U 8 Tomas 15Amp 110V 1650W 483x44x44mm
020017;[PDU-8] Wireplus - Regleta PDU para Rack 8 Tomas
060192;[PE63] APC - Regleta 1200W 6 Tomas 
061653;[PFE720-Q0604] Dahua - Batería Sellada Recargable 6V 4.5Ah AGM Libre de Mantenimiento
061654;[PFE720-Q1204] Dahua - Batería Sellada Recargable 12V 4.5Ah AGM Libre de Mantenimiento
061655;[PFE720-Q1207] Dahua - Batería Sellada Recargable 12V 7Ah AGM Libre de Mantenimiento
061656;[PFE720-Q1209] Dahua - Batería Sellada Recargable 12V 9Ah AGM Libre de Mantenimiento
011017;[PFM372-L45-4S14P] Dahua - Batería de Litio para Panel Solar DH-PFM364L-D1 / DH-PFM363L-D1 / DH-PFM363L-SD1 (no incluido) y Kit Solar IP66
011020;[PFM802] Dahua - Video Balun Transceptores Pasivos de Hasta [4Mp] para Video y Energía Distancia de Hasta 150 Metros Voltaje de Entrada de 12-15V DC Cableado por RJ45 Conectores BNC y de Energía Soporta: HDCVI/TVI/AHD/CVBS
061599;[PKS-102S] Primus - Teclado Mecánico Ballista100T Alambrico Gaming Anti Ghosting SW Marron Iluminación Roja [Español]
061600;[PKS-201S] Primus - Teclado Mecánico Ballista200S Alambrico RGB Gaming Anti Ghosting SW Rojo [Español]
061642;[PMI-101] Primus - Micrófono Gamer USB Omnidireccional para Streaming [Negro]
061601;[PMP-01M] Primus - Mouse Pad Arena M 320x270mm Gaming [Negro]
061602;[PMP-01XL] Primus - Mouse Pad Arena X-Large 650x370mm Gaming [Negro]
061603;[PMP-12M] Primus - Mouse Pad Arena M 320x270mm Gaming Con Diseño en Alta Definición
021147;"[PN-UTP5E12-Mini] Onlink - Mini Patch Panel 12 Puertos 10"" 1U CAT5e (Categoria 5e)"
021148;"[PN-UTP5E24] Onlink - Patch Panel 24 Puertos 19"" 1U CAT5e (Categoria 5e)"
021149;"[PN-UTP5E48] Onlink - Patch Panel 48 Puertos 19"" 2U CAT5e (Categoria 5e)"
021150;"[PN-UTP612-Mini] Onlink - Mini Patch Panel 12 Puertos 10"" 1U CAT6 (Categoria 6)"
021571;"[PN-UTP612] Onlink - Patch Panel 12 Puertos 19"" 1U CAT6 (Categoria 6)"
021151;"[PN-UTP624] Onlink - Patch Panel 24 Puertos 19"" 1U CAT6 (Categoria 6)"
021152;"[PN-UTP648] Onlink - Patch Panel 48 Puertos 19"" 2U CAT6 (Categoria 6)"
021320;[POE-24-12W-5P] Ubiquiti - Adaptador PoE Ubiquiti de 24 VDC 0.5A 12W [Blanco] [5 Unidades]
020808;[POE-24-12W-G-WH] Ubiquiti - Adaptador PoE de 24VDC 0.5A 12W con Puerto Gigabit [Blanco]
020807;[POE-24-12W-G] Ubiquiti - Adaptador PoE de 24VDC 0.5A 12W con Puerto Gigabit [Negro]
020809;[POE-24-12W-WH] Ubiquiti - Adaptador PoE de 24VDC 0.5A 12W [Blanco]
020212;[POE-24-12W] Ubiquiti - Adaptador POE Ubiquiti de 24 VDC 0.5 A Compatible con airGatewayks [Negro]
020806;[POE-24-12W] Ubiquiti - Adaptador PoE Ubiquiti de 24 VDC 0.5A 12W [Blanco]
021034;[POE-24-24W-5P] Ubiquiti - Adaptador PoE de 24VDC 1.0A 24W [Blanco] [5 Unidades]
020812;[POE-24-24W-G-WH] Ubiquiti - Adaptador PoE de 24VDC 1.0A 24W con Puerto Gigabit [Blanco]
020811;[POE-24-24W-G] Ubiquiti - Adaptador PoE de 24VDC 1.0A 24W con Puerto Gigabit [Negro]
020813;[POE-24-24W-WH] Ubiquiti - Adaptador PoE de 24VDC 1.0A 24W [Blanco]
020810;[POE-24-24W] Ubiquiti - Adaptador PoE de 24VDC 1.0A 24W [Blanco]
020814;[POE-24-7W-G-WH] Ubiquiti - Adaptador PoE de 24VDC 0.3A 7W con Puerto Gigabit [Blanco]
020815;[POE-48-24W-G] Ubiquiti - Adaptador PoE de 48VDC 0.5A 24W con Puerto Gigabit [Negro]
021394;[POE-48-24W] Ubiquiti - Adaptador PoE Ubiquiti de 48 VDC 0.5 A
020816;[POE-WM] Ubiquiti - Montaje de Pared para Adaptadores POE
021721;[POE260S] TP-Link - Inyector PoE 2.5G [Omada]
021684;[POE4818G] TP-Link - Adaptador PoE pasivo de 48V
060663;[PS-001B] Forza - Regleta de Alimentacion de 2200W [6] NEMA Universal 120V/240V
061629;[PS-001W] Forza - Regleta de Alimentacion de 2200W [6] NEMA Universal 110V/220V [Blanco]
021035;[PS-5AC] Ubiquiti - Radio Estación Base airMAX AC hasta 500 Mbps 5 GHz con Tecnología airPrism
061082;[PS-611UL] Forza - Regleta 1800W 120V 5-15R Con [6] Tomas
060407;[PS1000] Agiler - Fuente de Poder 1000W ATX
060404;[PS600] Agiler - Fuente de Poder 600W ATX
060405;[PS700L] Agiler - Fuente de Poder 700W ATX
060406;[PS800L] Agiler - Fuente de Poder 800W ATX
061413;[PT003] Astra - Presentador Inalambrico USB con Puntero Laser
100190;[PTU001K] Maxiprint - Polvo Toner Compatible HP 85A 83A
100191;[PTU004K] Maxiprint - Polvo Toner Compatible HP GPR-22 Negro
010868;[PTZ-T4215-D3] Hilook - Cámara HD Domo PTZ 1080P [2MP] 15X
010374;[PTZ-T4215I-D] HiLook - Cámara HD Domo PTZ 1080P [2MP] 15X 360°
010324;[PTZ-T4225I-D] HiLook - Cámara HD Domo PTZ 1080P [2MP] 25X 360°
020707;[PUL6004BU-FE] Panduit - Cable UTP CAT6 (Categoria 6) 100% Cobre LSZH-1 23 AWG Pan-Net Interior (Azul) [Caja 305 Metros]
020945;[PUL6004IG-FE] Panduit - Cable UTP CAT6 (Categoria 6) 100% Cobre LSZH-1 23 AWG Pan-Net Interior (Gris) [Caja 305 Metros]
020708;[PUL6AHD04BU-EG] Panduit - Cable UTP CAT6A (Categoria 6A) 100% Cobre LSZH-3 23 AWG Pan-Net Interior (Azul) [Caja 305 Metros]
021089;[Pro-6-LR] IP-COM - Punto de Acceso de Montaje en Techo Inalambrico Gigabit Doble Banda
100097;[Q1338A-Q5942A-Q5945A] Maxiprint - Toner Compatible HP Negro Q1338A Q5942A Q5945A
100004;[Q2612A-FX104-FX9] Maxiprint - Toner Compatible HP Negro Q2612A FX104 FX9
100082;[Q2613A-C7115A] Maxiprint - Toner Compatible HP Negro Q2613A C7115A
100171;[Q5942X] Maxiprint - Toner Compatible HP Negro Q5942X
100087;[Q5949X-Q7553X] Maxiprint - Toner Compatible HP Negro Q5949X Q7553X
100167;[Q6000A] Maxiprint - Toner Compatible HP Negro Q6000A
150007;[Q6001A-(OPEN-BOX)] Maxiprint - Toner Compatible HP Cyan Q6001A (OPEN-BOX)
100168;[Q6001A] Maxiprint - Toner Compatible HP Cyan Q6001A
100169;[Q6002A] Maxiprint - Toner Compatible HP Yellow Q6002A
100170;[Q6003A] Maxiprint - Toner Compatible HP Magenta Q6003A
100163;[Q6470A] Maxiprint - Toner Compatible HP Negro Q6470A
100164;[Q6471A] Maxiprint - Toner Compatible HP Cyan Q6471A
150006;[Q6472A-(OPEN-BOX)] Maxiprint - Toner Compatible HP Yellow Q6472A (OPEN-BOX)
100165;[Q6472A] Maxiprint - Toner Compatible HP Yellow Q6472A
100166;[Q6473A] Maxiprint - Toner Compatible HP Magenta Q6473A
100103;[Q6511A] Maxiprint - Toner Compatible HP Q6511A
100098;[Q7551A] Maxiprint - Toner Compatible HP Negro Q7551A
100029;[Q7553A] Maxiprint - Toner Compatible HP Negro Q5949A Q7553A
020817;[QUICK-MOUNT] Ubiquiti - Montaje Rápido Sin Herramientas para CPE's
020030;[R-22U-A2P] Onlink - Rack de Piso [22U] Abierto 2 Postes 1.10 Metros [Negro]
021355;[R-22U-A4PE] Onlink - Rack de Piso [22U] Abierto Extensible 4 Postes 1.10 Metros [Negro]
020433;[R-22U-A4P] Onlink - Rack de Piso [22U] Abierto 4 Postes 1.10 Metros [Negro]
021354;[R-2U-A] Onlink - Rack de Pared [2U] Abierto [Negro]
020033;[R-42U-A2P] Onlink - Rack de Piso [42U] Abierto 2 Postes 2.10 Metros [Negro]
020533;[R-42U-A4PE] Onlink - Rack de Piso [42U] Abierto Extensible 4 Postes 2.10 Metros [Negro]
020431;[R-42U-A4P] Onlink - Rack de Piso [42U] Abierto 4 Postes 2.10 Metros [Negro]
020028;[R-4U-A] Onlink - Rack de Pared [4U] Abierto [Negro]
020061;[R-6U-A] Onlink - Rack de Pared [6U] Abierto [Negro]
021135;[R-9U-A] Onlink - Rack de Pared [9U] Abierto [Negro]
061181;[R-AVR1808] CDP - Regulador de Voltaje Automático de 1800Va 8 Salidas Reguladas NEMA 5-15
061183;[R-SMART1010] CDP - UPS Interactivo con Regulador de 1000Va / 500W / 120V con Pantalla LCD 10 Salidas NEMA 5-15 [5 Salidas AVR/UPS + 5 Salidas Supresoras de Picos]
061184;[R-SMART1210] CDP - UPS Interactivo con Regulador de 1200Va / 720W / 120V con Pantalla LCD 10 Salidas NEMA 5-15 [5 Salidas AVR/UPS + 5 Salidas Supresoras de Picos]
061185;[R-SMART1510] CDP - UPS Interactivo con Regulador de 1500Va / 900W / 120V con Pantalla LCD 10 Salidas NEMA 5-15 [5 Salidas AVR/UPS + 5 Salidas Supresoras de Picos]
061186;[R-SMART2010] CDP - UPS Interactivo con Regulador de 2000Va / 1200W / 120V con Pantalla LCD 10 Salidas NEMA 5-15 [5 Salidas AVR/UPS + 5 Salidas Supresoras de Picos]
061182;[R-SMART751] CDP - UPS Interactivo con Regulador de 750Va / 375W / 120V con Pantalla LCD 10 Salidas NEMA 5-15 [5 Salidas AVR/UPS + 5 Salidas Supresoras de Picos]
060171;[R-UPR1008] CDP - UPS 1000VA 500W 110V [8] Tomas Protegidas [4 en Reserva]
060200;[R-UPR508] CDP - UPS 500VA 250W 110V [8] Tomas Protegidas [4 en Reserva]
060411;[R-UPR758] CDP - UPS 750VA 375W 110V [8] Tomas Protegidas [4 en Reserva]
061179;[R2C-AVR1008] CDP - Regulador de Voltaje Automático de 1000Va 8 Salidas Reguladas NEMA 5-15
020709;[R2P] Panduit - Rack de Piso Abierto 45U 454Kg 2 Postes 2134x516x381mm
020710;[R4P] Panduit - Rack de Piso Abierto 45U 1134Kg 4 Postes 2134x591x762mm
020818;[R5AC-LITE] Ubiquiti - Radio Estación Base airMAX AC Lite hasta 500 Mbps 5 GHz [5150 - 5875 MHz]
021587;[RB1100x4] Mikrotik - RouterBoard 1100 CPU 4 Núcleos 13 Puertos Gigabit Ethernet 1 GB Memoria Licencia Nivel 6
021254;[RB3011UiAS-RM] Mikrotik - RouterBoard CPU 2 Núcleos 10 Puertos Gigabit Ethernet 1 Puerto SFP 1 GB Memoria Licencia Nivel 5 Montaje Rack
080108;[RB35] Retevis - Radio Portatil FRS 16 Canales [2 Unidades]
021257;[RB4011iGS+5HacQ2HnD-IN] Mikrotik - Router con Wi-Fi 4x4 MU-MIMO hasta 2 watts de Potencia Antenas de 3 dBi 10 Puertos Gigabit 1 Puerto SFP+
021255;[RB4011iGS+RM] Mikrotik - RouterBoard CPU 4 Núcleos 10 Puertos Gigabit Ethernet 1 Puerto SFP+
021266;[RB5009UG+S+IN] Mikrotik - RouterBoard CPU 4 Núcleos 8 Puertos Gigabit 1 SFP+ solo RouterOS v7
021250;[RB750Gr3] Mikrotik - (hEX) RouterBoard 5 Puertos Gigabit Ethernet 1 Puerto USB y versión 3
021267;[RB760iGS] Mikrotik - (hEX S) Router Dual Core 5 Puertos Gigabit 1 Puerto SFP PoE in PoE Out
021287;[RB912UAG-5HPnD-OUT] Mikrotik - (BaseBox 5) Punto de Acceso Conectorizado de 5GHz 802.11 a/n Hasta 1000mW
021302;[RB921GS-5HPacD-15S] Mikrotik - (mANTBox 15s) Punto de Acceso Sectorial 120 en 5GHz 802.11 a/n/ac Antena Integrada 15 dBi hasta 1000 mW
021306;[RB921GS-5HPacD-19S] Mikrotik - (mANTBox 19s) Punto de Acceso Sectorial de 120 en 5GHz AC (5.17 - 5.825GHz.) Antena Integrada 19 dBi hasta 1000 mW Alimentación Dual
021252;[RB941-2nD-TC] Mikrotik - (hAP lite) TC 4 Puertos Fast Ethernet Wi-Fi 2.4 GHz 802.11 b/g/n y Base Tipo Torre
021578;[RB941-2nD] Mikrotik - (hAP Lite) 4 Puertos Fast Ethernet y Wi-Fi 2.4 GHz 802.11 b/g/n
021313;[RB951G-2HnD] Mikrotik - RouterBoard 5 Puertos Gigabit Ethernet 1 Puerto USB WiFi 2.4 GHz 802.11b/g/n Antena de 2.5 dbi hasta 1W de potencia
021262;[RB951Ui-2HnD] Mikrotik - RouterBoard  5 Puertos Fast 1 Puerto USB WiFi 2.4 GHz 5 Puertos Fast 1 Puerto USB WiFi 2.4 GHz
021268;[RB951Ui-2nD] Mikrotik - RouterBoard 5 Puertos Fast 1 Puerto USB WiFi 2.4 GHz 802.11 b/g/n con Antena 2.5 dbi hasta 1 Watt de Potencia
021263;[RB952Ui-5ac2nD] Mikrotik - (hAP ac lite) 5 Puertos Fast Ethernet WiFi Doble Banda 802.11ac
021299;[RB953GS-5HnT-RP] Mikrotik - RouterBOARD con CPU de 720MHz 128MB RAM 3x Gigabit LAN 2x SFP 5GHz
021580;[RB960PGS] Mikrotik - (hEX PoE) Routerboard 5 Puertos Gigabit Ethernet PoE 802.3at 1 Puerto USB
021278;[RB962UiGS-5HacT2HnT] Mikrotik - (hAP ac) 5 Puertos Gigabit Ethernet 1 Puerto SFP 1 USB WiFi Doble Banda 3x3 802.11ac hasta 1W de potencia
021251;[RBD53iG-5HacD2HnD] Mikrotik - (hAP ac3) Router Inalámbrico de Doble Banda con 5 Puertos Gigabit Ethernet y Antenas Externas de Alta Ganancia
021298;[RBDisc-5nD] Mikrotik - (DISC Lite5) CPE y PtP en 5GHz 802.11 a/n con Antena Integrada de 21 dBi Hhasta 316 mW Puerto Fast Ethernet
021270;[RBFTC11] Mikrotik - Convertidor de Medios SFP a RJ45 PoE/PoE+ para Exterior
021260;[RBGPOE] Mikrotik - PoE Pasivo para Equipos Mikrotik 10/100/1000 Mbps
021572;[RBLHG5kit] Mikrotik - (LHG 5) Cliente y PtP en 5 GHz 802.11 a/n Antena Integrada de 24.5dBi Hasta 316mW de Potencia [3 Unidades]
021577;[RBMetalG-52SHPacn] Mikrotik - (Metal 52 ac) Punto de Acceso Doble Banda 802.11 a/b/g/n/a hasta 1260mW de Potencia con Carcasa Metálica para Inmunidad al Ruido
021265;[RBPOE] Mikrotik - PoE Pasivo para Equipos Mikrotik 10/100Mbps
021288;[RBSXTG-5HPnD-SAr2] Mikrotik - (SXT SA5) Punto de Acceso en 5GHz 802.11 a/n Antena Integrada de 14dBi hasta 1000mW de Potencia
021279;[RBSXTsq5HPnD] Mikrotik - (SXTsq 5 High Power) Punto de Acceso y CPE en 5 GHz 802.11 a/n (5150 - 5875 MHz) con Antena Integrada de 16 dBi Hasta 630 mW de Potencia
021253;[RBSXTsq5nD] Mikrotik - (SXTsq Lite5) CPE y PtP MIMO en 5GHz 802.11 a/n con Antena Integrada de 16dBi hasta 316 mW de Potencia
021264;[RBSXTsqG-5acD] Mikrotik - (SXTsq 5 ac) Cliente y PtP en 5GHZ 802.11 a/n/ac con Antena de 16 dBi hasta 316 mW de Potencia
021269;[RBcAP2nD] Mikrotik - (cAP) Punto de Acceso en 2.4 GHz 802.11b/g/n hasta 300Mbps
021583;[RBcAPGi-5acD2nD-XL] Mikrotik - (cAP XL ac) Punto de Acceso Cliente para Interior Doble banda 802.11b/g/n/ac Alta Ganancia
021258;[RBcAPGi-5acD2nD] Mikrotik - (cAP ac) Punto de Acceso Cliente para Interior Doble Banda 802.11b/g/n/ac hasta 400 mW
021259;[RBcAPL-2nD] Mikrotik - (cAP lite) Punto de Acceso para Interior de 2.4GHz con Antena Integrada de 1.5 dBi hasta 158mW de Potencia
021271;[RBmAP2nD] Mikrotik - (mAP) 2 Puertos Fast Ethernet 1 Puerto MicroUSB WiFi 2.4 GHz 802.11 b/g/n
020819;[RD-5G30-LW] Ubiquiti - Antena Direccional RocketDish airMAX Punto a Punto [PtP] 5 GHz [5.1 - 5.9 GHz] de 30 dBi
021057;[RD-5G30] Ubiquiti - Antena Direccional RocketDish airMAX Enlaces Punto a Punto [PtP] frecuencia 5 GHz (4.9 - 5.8 GHz) de 30 dBi
020820;[RD-5G34] Ubiquiti - Antena Direccional RocketDish airMAX Punto a Punto 5 GHz [4.9 - 5.8 GHz] de 34 dBi
020328;[RE200] TP-Link - Extensor de Rango WiFi Doble Banda AC750
020325;[RE205] TP-Link - Extensor de Rango WiFi Doble Banda AC750
021564;[RE215] TP-Link  - Extensor de Rango WiFi AC750 OneMEsh
020310;[RE220] TP-Link - Extensor de Rango WiFi Doble Banda AC750
020997;[RE3000W] Linksys - Extensor de Rango WiFi a 300Mbps
020234;[RE300] TP-Link - Extensor de Rango WiFi Doble Banda AC1200
020425;[RE305] TP-Link - Extensor de Rango WiFi Doble Banda AC1200
020655;[RE315] TP-Link - Extensor de Rango WiFi Doble Banda AC1200 Mesh
020426;[RE450] TP-Link - Extensor de Rango WiFi Doble Banda AC1750
020756;[RE500X] TP-Link - Extensor de Rango WiFi Doble Banda AX1500 WiFi6
020427;[RE505X] TP-Link - Extensor de Rango WiFi Doble Banda AX1500 WiFi6
021767;[RE605X] TP-Link - Extensor de Rango Wifi Doble Banda AX1800 WiFi 6
021642;[RG-ANT13-360] Ruijie/Reyee - SMB Antena Omnidireccional de 360 AirMetro con 13 dBi en Banda 5Ghz (5150-5850 Mhz) Slant 90 PTP/PTMP sma Hembra
021643;[RG-ANT16S-120] Ruijie/Reyee - SMB Antena Sectorial de 120 AirMetro con 16 dBi en Banda 5Ghz (5150-5850 Mhz) Slant 45 PTP/PTMP SMA Hembra Inverso
021644;[RG-ANT20S-90] Ruijie/Reyee - SMB Antena Sectorial de 90 AirMetro con 20 dBi en Banda 5Ghz (5150-5850 Mhz) Slant 45 PTP/PTMP SMA Hembra Inverso
021524;[RG-AP180-MNT] Ruijie/Reyee - SME Kit de Montura para RGAP180
021523;[RG-AP180] Ruijie/Reyee - SME Punto de acceso WiFi6 para Interior en Pared hasta 1.7 Gbps Doble Banda 802.11AX MU-MIMO 2x2
021525;[RG-AP680-L] Ruijie/Reyee - SME Punto de Acceso WiFi6 para Exterior Omnidireccional 360 IP68 hasta 2.976 Gbps Doble Banda 802.11AX MU-MIMO 2x2
021645;[RG-AirMetro460F] Ruijie/Reyee - SMB Antena 23 dBi 10/100 Modo AP/CPE en PTP/PTMP o CPE en Mpt 867 Mbps Botón de Auto-Emparejamiento WISP y CCTV
021646;[RG-AirMetro460G] Ruijie/Reyee - SMB Antena 23 dBi Gigabit Modo AP/CPE en PTP/PTMP o CPE en Mtp 867 Mbps Botón de Auto-Emparejamiento WISP y CCTV
021647;[RG-AirMetro550G-B] Ruijie/Reyee - SMB Estación Base PTP/PTMP hasta 32 Clientes WISP y CCTV 867 Mbps
021657;[RG-E-120(GE)] Ruijie/Reyee - SME Inyector PoE Estándar 802.3af Gigabit (50V - 0.3 A - 15 W)
021656;[RG-E-130(GE)] Ruijie/Reyee - SME Inyector PoE Estándar 802.3at Gigabit (53V - 0.6 A - 30w)
021536;[RG-E6] Ruijie/Reyee - HOME Router AX6000 WiFi6 Doble Banda 8 fem Wan 2.5g
021769;[RG-EG105G-P V2] Ruijie/Reyee - SMB Router Balanceador POE+ 54w 3 Puertos LAN Gigabit 100 Clientes 600 Mbps Asimétricos
021537;[RG-EG105G-P V3] Ruijie/Reyee - SMB Router Balanceador SD-WAN POE+ hasta 54w 3 Puertos LAN gigabit 100 clientes 600 Mbps Asimétricos
021619;[RG-EG105G-V3] Ruijie/Reyee - SMB Router Balanceador SD-WAN 3 Puertos LAN Gigabit 100 Clientes 600 Mbps Asimétricos
021538;[RG-EG105GW(T)] Ruijie/Reyee - SMB Router Balanceador WiFi 5 SD-WAN All-in-One Hasta 150 Usuarios
021540;[RG-EG1510XS] Ruijie/Reyee - SME Router Core Rackeable SD-WAN 1 Puertos LAN 6 Puertos LAN/WAN Multi-Gigabit 2 SFP+ 1500 clientes
021773;[RG-EG209GS] Ruijie/Reyee - SMB Router Balanceador con Función SD-WAN 8 Puertos Gigabit y 1 Puerto SFP Soporta 4x WAN hasta 400 clientes
021541;[RG-EG2100-P V2] Ruijie/Reyee - SMB Router Administrable 8 Puertos Giga (7x PoE+, 2x WAN Configurable) 135W 300 Clientes
021542;[RG-EG210G-P-V3] Ruijie/Reyee - SMB Router Balanceador SD-WAN PoE+ 110w 10 Gigabit (8 Puertos PoE) Soporta 4x WAN 200 clientes 1.000 Mbps
021543;[RG-EG305GH-P-E] Ruijie/Reyee - SMB Router de Oficina PoE 5 Puertos de Alto Rendimiento 1.5 Gbps Hasta 300 Clientes 4 PoE 64 Túneles VPN
021618;[RG-EG310GH-E] Ruijie/Reyee - SMB Router Balanceador SD-WAN Rackeable 6 Puertos LAN y 3 Puertos LAN/WAN Gigabit y 1 Puerto WAN Gigabit 350 Clientes 1.5 Gbps 64 VPN
021625;[RG-ES05F] Ruijie/Reyee - SMB Switch 5 Puertos 10/100 Mbps
021626;[RG-ES05G-L] Ruijie/Reyee - SMB Switch 5 Puertos Gigabit
021627;[RG-ES08F] Ruijie/Reyee - SMB Switch 8 Puertos 10/100 Mbps
021628;[RG-ES08G-L] Ruijie/Reyee - SMB Switch 8 Puertos Gigabit
021620;[RG-ES105GD] Ruijie/Reyee - SMB Switch 5 Puertos Gigabite 10/100/1000Mbps
021624;[RG-ES106F-P] Ruijie/Reyee - SMB Switch de 6 Puertos 10/100 Mbps PoE+ hasta 54 Watts
021621;[RG-ES108GD] Ruijie/Reyee - SMB Switch 8 Puertos 10/100/1000Mbps
021622;[RG-ES110F-P] Ruijie/Reyee - SMB Switch PoE+ 10 Puertos 10/100 Mbps 110 W Carcasa de Acero
021623;[RG-ES110FG-P] Ruijie/Reyee - SMB Switch 8 Puertos 10/100 Mbps PoE + 2 Puertos Gigabit 110W
021556;[RG-ES118S-LP] Ruijie/Reyee - SMB Switch Rackeable 16 Puertos 10/100Mbps POE FE + 2 Puertos GE 120 W
021557;[RG-ES205GC-P] Ruijie/Reyee - SMB Switch PoE con 5 Puertos Gigabit 4 PoE 802.3af/at 54W
021631;[RG-ES206GS-P] Ruijie/Reyee - SMB Switch 4 Puertos Gigabit PoE 2 Uplink Gigabit y 1 Uplink Gigabit SFP 54W
021558;[RG-ES209GC-P] Ruijie/Reyee - SMB Switch 8 Puertos PoE+ 802.3af/at + 1 Gigabit 120W
021632;[RG-ES210GS-P] Ruijie/Reyee - SMB Switch 8 Puertos Gigabit PoE + 2 Uplinks Gigabit (1 SFP) 120W
021559;[RG-ES218GC-P] Ruijie/Reyee - SMB Switch Rackeable Administrable L2 PoE 16 Puertos Gigabit PoE 802.3 AF/AT + 2 SFP Fibra 1Gb 240W
021629;[RG-ES220GS-P] Ruijie/Reyee - SMB Switch Rackeable Administrable L2 PoE con 18 Puertos Gigabit PoE 802.3af/at + 2 SFP 1Gb 250W
021560;[RG-ES226GC-P] Ruijie/Reyee - SMB Switch Rackeable Administrable L2 PoE/PoE+ 24 Puertos Gigabit + 2 SFP 370W
021630;[RG-ES228GS-P] Ruijie/Reyee - SME Switch Rackeable Administrable L2 PoE 26 Pts (24 POE Gigabit 802.3af/at  + 2 Pts no POE) + 2 SFP 1Gb 370W
021639;[RG-EST100-E] Ruijie/Reyee - SMB Kit Enlace Inalámbrico de 500 Mts Preconfigurado 300 Mbps Doble Puerto LAN 2.4 Ghz
021533;[RG-EST310 V2] Ruijie/Reyee - SMB CPE PTP/PTMP 1 Km 5Ghz AC WAVE2 MU-MIMO 2x2
021641;[RG-EST330F-P] Ruijie/Reyee - SMB Puente inalambrico PTP/PTMP 13 dbi 3 Km Banda 5Ghz 2 POE out 802.3af
021534;[RG-EST350 V2] Ruijie/Reyee - SMB Kit Punto a Punto Pre-Configurado hasta 5 Km 5Ghz AC WAVE2 MU-MIMO 2X2 Hasta 867Mbps 1 Puerto Lan out
021640;[RG-EST350G] Ruijie/Reyee - SMB Kit Ptp/ptmp Pre-Configurado hasta 5Km Banda 5Ghz 2 Puertos gigabitout
021545;[RG-EW1200G PRO] Ruijie/Reyee - HOME Router MESH WIFI5 2x2 doble Banda 1 Puerto WAN Gigabit y 3 Puertos LAN Gigabit hasta 1,267 Mbps
021535;[RG-EW1200R] Ruijie/Reyee - HOME Extensor MESH Home WiFi 5 Doble Banda Hasta 1,200 Mbps 24 usuarios
021544;[RG-EW1200] Ruijie/Reyee - HOME Router WiFi5 Doble Banda 1 Puerto Wan 10/100 y 3 Puertos Lan 10/100 Hasta 1,200 Mbps Repeater, AP, WISP
021547;[RG-EW1300G] Ruijie/Reyee - HOME Router Mesh Gigabit de Doble Banda WiFi 5 de 1300M Wave 2,5 Antenas Omnidireccionales
021548;[RG-EW1800GX PRO] Ruijie/Reyee - HOME Router MESH WiFi6 MU-MIMO 2x2 1 Puerto WAN Gigabit y 4 Puertos LAN
021550;[RG-EW3000GX PRO] Ruijie/Reyee - HOME Router MESH GAMING Doble Puerto WAN Gigabit 3 Puertos LAN Gigabit WiFi6 2x2 Doble Banda 6 antenas 512 Ram
021549;[RG-EW3000GX] Ruijie/Reyee - HOME Router MESH GAMING con Doble Puerto WAN Gigabit 4 Puertos LAN Gigabit WiFi6 2x2 Doble Banda 5 antenas 256 Ram
021551;[RG-EW3200GX PRO] Ruijie/Reyee - HOME Router MESH WiFi6 4x4 Doble Banda 1 Puerto WAN Gigabit y 4 Puertos LAN Gigabit 200 usuarios VPN
021552;[RG-M18(2PACK)] Ruijie/Reyee - HOME Router MESH WiFi6 2x2 Doble Banda 1 Puerto WAN Gigabit y 2 Puertos LAN Gigabit 1800 mbps
021553;[RG-M32] Ruijie/Reyee - HOME Router Mesh Gigabit de Doble Banda WiFi 6 Tipo Torre con Boton Auto-enlace 3200 mbps
021635;[RG-NBS3100-24GT4SFP-P-V2] Ruijie/Reyee - SMB Switch Administrable L2 Rackeable PoE+ 24 Puertos Eth 1G 4 Puertos SFP 1G 370W 8 LAG
021634;[RG-NBS3100-24GT4SFP-V2] Ruijie/Reyee - SMB Switch Administrable L2 Rackeable 24 Puertos Eth 1G 4 Puertos SFP 4094 VLANS
021554;[RG-NBS3100-8GT2SFP-P-V2] Ruijie/Reyee - SMB Switch Administrable L2 Rackeable PoE 8 Puertos Gigabit PoE 802.3af/at + 2 SFP 125W
021633;[RG-NBS3100-8GT2SFP] Ruijie/Reyee - SMB Switch Administrable L2 con 8 Puertos Gigabit + 2 SFP 1Gb
021636;[RG-NBS3200-24GT4XS] Ruijie/Reyee - SMB Switch Administrable L2+ Plus Rackeable 24 Puertos Gigabit 4 Puertos SFP+ para Fibra 10Gb
021638;[RG-NBS3200-24SFP/8GT4XS] Ruijie/Reyee - SMB Switch Administrable L2+ Plus Rackeable 24 Puertos SFP 1 GB + 8 Puertos Ethernet Gigabit y 4 SFP+ 10GB
021637;[RG-NBS3200-48GT4XS] Ruijie/Reyee - SMB Switch Administrable L2+ Plus Rackeable 48 Puertos Gigabit 4 SFP+ 10Gb 370W
021664;[RG-NBS3300-16MG4XS-HP] Ruijie/Reyee - SME Switch Multi-Gigabit PoE++ hasta 370W Capa 2 con 4 Puertos 2.5G (90W) 12 Puertos 2.5G (30W) y 4 Uplink SFP+ 10G Diseñado Para Access Points WiFi 6/7
021663;[RG-NBS3300-8MG2XS-P] Ruijie/Reyee - SME Switch Multi-Gigabit PoE+ Capa 2 con 8 Puertos 2.5G PoE+ hasta 240W y 2 Uplink SFP+ 10G Diseñado Para Access Points WiFi 6/7
021555;[RG-NBS5200-24GT4XS-P] Ruijie/Reyee - SME Switch Administrable L2 PoE con 24 Puertos Gigabit PoE 802.3af/at + 4 SFP+ para Fibra 10Gb
021658;[RG-NBS5200-24GT4XS] Ruijie/Reyee - SME Switch Administrable L3 con 24 Puertos Gigabit PoE 802.3af/at + 4 SFP+ para Fibra 10Gb 370W
021659;[RG-NBS5500-12XS] Ruijie/Reyee - SME Switch Administrable L3 12 Puertos SFP+ 10G y un Puerto MGMT
021653;[RG-POE-50-60W-MG] Ruijie/Reyee - SMB Inyector PoE Estándar 802.3bt Multi-gigabit 2.5G (56 V - 1.08 A - 60 W)
021655;[RG-POE-AF15] Ruijie/Reyee - SMB Inyector PoE de 1 Puerto (1000Base-T - 52V - 15,6W)
021654;[RG-POE-AT30] Ruijie/Reyee - SMB - Inyector PoE de 1 Puerto (1000Base-T - 52V - 31,2W)
021526;[RG-RAP1200(F)] Ruijie/Reyee - SMB Punto de Acceso para Pared 802.11ac Wave 2 MIMO 2X2 1.2 Gbps Puerto Adicional Frontal 10/100
021528;[RG-RAP1200(P)-MNT] Ruijie/Reyee - SMB Kit de Montura para RG-AP1200
021527;[RG-RAP1200(P)] Ruijie/Reyee - SMB Punto de Acceso WiFi5 1 Puerto PoE Out hasta 1.7 Gbps Doble Banda 802.11ac MU-MIMO 2x2
021529;[RG-RAP1260] Ruijie/Reyee - SME Punto de Acceso WiFi6 de Pared para Interior 360 Doble Banda 2976 Mbps 4 Puertos GE downlink + 1 Puerto GE uplink hasta 512 usuarios Mesh
021650;[RG-RAP2200(E)] Ruijie/Reyee - SMB Punto de Acceso Mesh Wi-Fi 5 para Interior en Techo hasta 1.2 Gbps Doble Banda 802.11ac MU-MIMO 2X2 1 Puerto Gigabit
021530;[RG-RAP2200(F)] Ruijie/Reyee - SMB Punto de Acceso WiFi5 para Interior en Techo Doble Banda 802.11ac MU-MIMO 2X2 Puertos 10/100
021531;[RG-RAP2260(E)] Ruijie/Reyee - SME Punto de Acceso WiFi 6 para Interior en Techo o Pared hasta 512 Usuarios y 3.2 Gbps Doble Banda 802.11ax MU-MIMO 4x4
021774;[RG-RAP2260(G)] Ruijie/Reyee - SME Punto de Acceso Wi-Fi 6 con 2 Puertos GE para Interior en Techo hasta 1.7 Gbps Doble Banda 802.11Ax MU-MIMO 2x2
021660;[RG-RAP2260(H)] Ruijie/Reyee - SME Punto de Acceso Mesh Wi-Fi 6 con Doble Puerto Multi-gigabit 2.5G Interior en Techo hasta 5.9 Gbps Doble Banda 802.11 AX6000 MU-MIMO 4x4
021532;[RG-RAP2266] Ruijie/Reyee - SMB Punto de Acceso WiFi 6 para Interior en Techo hasta 2.97 Gbps Doble Banda 802.11ax MU-MIMO 2x2
021546;[RG-RAP52-OD] Ruijie/Reyee - SMB Punto de Acceso 802.11ac Omnidireccional IP65 Compacto con Antenas Externas Outdoor
021652;[RG-RAP62-OD] Ruijie/Reyee - SMB Punto de Acceso Mesh Wi-Fi 6 para Exterior IP65 Largo Alcance Doble Banda hasta 512 Usuarios Ancho de Banda de hasta 3 Gbps Outdoor
021770;[RG-RAP6260(G)] Ruijie/Reyee - SMB Punto de Acceso Mesh Wi-Fi 6 Industrial para Exterior 360 Filtros Anti Interferencia y Auto Optimización con IA
021648;[RG-RAP6262(G)] Ruijie/Reyee - SMB Punto de Acceso Mesh Wi-Fi 6 Exterior IP68 Wi-Fi 6 (802.11ax) 360 Grados MU-MIMO2x2 hasta 256 clientes
021649;[RG-RAP62] Ruijie/Reyee - SMB Punto de Acceso Mesh Wi-Fi 6 para Interior IP41 Largo Alcance Doble Banda hasta 512 Usuarios Ancho de Banda de hasta 3 Gbps
021651;[RG-RAP72Pro] Ruijie/Reyee - SMB Punto de Acceso Mesh Wi-Fi 7 Doble Banda MLO hasta 512 Usuarios Ancho de Banda de hasta 5 Gbps Interior con Puerto 2.5G 802.11 BE19000 MU-MIMO 5X5
060576;[RHT-06NC] Forza - Regleta Protector de Voltaje 120V 1800W [6] x NEMA 5-15R  Giratorias
100111;[RK-211] Pantum - Kit Recarga Toner con Chip Original
100222;[RK-219] Pantum - Kit Recarga Toner con Chip Original
020938;[ROCKETM2] Ubiquiti - Radio Estación Base airMAX Rocket-M2 150 Mbps 2GHz
020209;[ROCKETM5] Ubiquiti - Radio Estación Base airMAX Rocket-M5 150 Mbps 5GHz
020821;[RP-5AC-GEN2] Ubiquiti - Radio Estación Base airMAX AC GEN2 500 Mbps 5 GHz [5150 - 5875 MHz] con Tecnología airPrism
050827;[RP1000HP] Lucerna - Reflector LED Alta Potencia 1000W  Luz Fria 150L/W [Blanco]
050272;[RP100B] Lucerna - Reflector LED Alta Potencia 100W 6500K Luz Fria 10000lm [Blanco]
050764;[RP100CV-3K] Lucerna - Reflector LED Compacto 100W 3000K Luz Calida 100-277V 110LM/W
050281;[RP100CV] Lucerna - Reflector LED Compacto 100W 6500K Luz Fria 9000lm [Negro]
050746;[RP100PH] Lucerna - Reflector LED Alta Potencia 100W 6500K Luz Fria IP 65 90-277V 120L/W [Blanco]
050618;[RP100RGB] Lucerna - Reflector LED Compacto 100W RGB 12000lm [Negro]
050273;[RP150B] Lucerna - Reflector LED Alta Potencia 150W 6500K Luz Fria 15000lm [Blanco]
050695;[RP150RGB] Lucerna - Reflector LED Compacto 150W RGB 12000lm [Negro]
050274;[RP200B] Lucerna - Reflector LED Alta Potencia 200W 6500K Luz Fria 20000lm [Blanco]
050765;[RP200CV-3K] Lucerna - Reflector LED Compacto 200W 3000K Luz Calida 100-277V 110LM/W
050282;[RP200CV] Lucerna - Reflector LED Compacto 200W 6500K Luz Fria 18000lm [Negro]
050747;[RP200PH] Lucerna - Reflector LED Alta Potencia 200W 6500K Luz Fria IP 65 90-277V 120L/W [Blanco]
050696;[RP200RGB] Lucerna - Reflector LED Compacto 200W RGB 12000lm [Negro]
050276;[RP20CV] Lucerna - Reflector LED Compacto 20W 3000K Luz Calida 1600lm [Negro]
050275;[RP20CV] Lucerna - Reflector LED Compacto 20W 6500K Luz Fria 1600lm [Negro]
050689;[RP300B] Lucerna - Reflector LED Alta Potencia 300W 6500K Luz Fria 150lm/W [Blanco]
050283;[RP300CV] Lucerna - Reflector LED Compacto 300W 6500K Luz Fria 27000lm [Negro]
150009;[RP30CV-(OPEN-BOX)] Lucerna - Reflector LED Compacto 30W 3000K Luz Calida 2700lm [Negro] (OPEN-BOX)
050278;[RP30CV] Lucerna - Reflector LED Compacto 30W 3000K Luz Calida 2700lm [Negro]
050277;[RP30CV] Lucerna - Reflector LED Compacto 30W 6500K Luz Fria 2700lm [Negro]
050744;[RP30PH] Lucerna - Reflector LED Alta Potencia 30W 6500K Luz Fria IP 65 90-277V 120L/W [Blanco]
050616;[RP30RGB] Lucerna - Reflector LED Compacto 30W RGB 3600lm [Negro]
050690;[RP400B] Lucerna - Reflector LED Alta Potencia 400W 6500K Luz Fria 150lm/W [Blanco]
050284;[RP400CV] Lucerna - Reflector LED Compacto 400W 6500K Luz Fria 36000lm [Negro]
050691;[RP500B] Lucerna - Reflector LED Alta Potencia 500W 6500K Luz Fria 150lm/W [Blanco]
050825;[RP500HP] Lucerna - Reflector LED Alta Potencia 500W  Luz Fria 85-277V/50-60Hz 150L/W [Blanco]
050748;[RP500PH] Lucerna - Reflector LED Alta Potencia 500W 6500K Luz Fria IP 65 90-277V 120L/W [Blanco]
050271;[RP50B] Lucerna - Reflector LED Alta Potencia 50W 6500K Luz Fria 5000lm [Blanco]
050280;[RP50CV] Lucerna - Reflector LED Compacto 50W 3000K Luz Calida 4500lm [Negro]
050279;[RP50CV] Lucerna - Reflector LED Compacto 50W 6500K Luz Fria 4500lm [Negro]
050745;[RP50PH] Lucerna - Reflector LED Alta Potencia 50W 6500K Luz Fria IP 65 90-277V 120L/W [Blanco]
050617;[RP50RGB] Lucerna - Reflector LED Compacto 50W RGB 6000lm [Negro]
050692;[RP600B] Lucerna - Reflector LED Alta Potencia 600W 6500K Luz Fria 150lm/W [Blanco]
050763;[RSM50] Lucerna - Reflector Led Blanco Solar con Puerto USB 50W IP65 6500K
060575;[RSO-08T] Forza - Regleta Protector de Voltaje 120V 1800W 8 x NEMA 5-15R Giratorias
080093;[RT18] Retevis - Radios Portatiles FRS 16 Canales Dual PTT [2 Unidades]
080106;[RT22S] Retevis - Radios Portatiles 2 Vías 22 Canales [2 Unidades]
080107;[RT68] Retevis - Radio Portatil FRS 16 Canales [2 Unidades]
061180;[RU-AVR604] CDP - Regulador de Voltaje Automático de 600Va Cargador USB de 4 Puertos y 4 Salidas Reguladas NEMA 5-15
090204;[Rose Replicator Plus 3 years (No USB)] Hikvision - Rose Replicator Plus 3 años (sin USB)
021314;[S+2332LC10D] Mikrotik - Transceptores MiniGbic SFP+ 10G LC Sencillo para Fibra Mono Modo 10 km
021289;[S+85DLC03D] Mikrotik - Transceptor MiniGbic SFP+ 10G LC Duplex para Fibra Multi Modo 300mts
021290;[S+AO0005] Mikrotik - Cable de Conexión Directa SFP+ Active Optics 5 mts
021272;[S+RJ10] Mikrotik - RJ45 SFP+ 10/100/1000M/2.5G/5G/10G Módulo de Cobre
050711;[S-01A1-B] Lucerna - Lampara de Pared Decorativa Infinix 14W Blanca [130mmx300mm] C/Switch 3 tonos 3K-4K-6K 
050707;[S-01C1-B] Lucerna - Lampara Colgante Decorativa Olux 45W Blanca [L705mmxW300xH210mm] C/Switch 3 tonos 3K-4K-6K 
050708;[S-01C2-B] Lucerna - Lampara Colgante Decorativa Crepúsculo 42W Blanca [L705mmxW300xH210mm] C/Switch 3 tonos 3K-4K-6K 
050709;[S-01C3-B] Lucerna - Lampara Colgante Decorativa Crepúsculo 42W Blanca [L710mmxW280xH200mm] C/Control Dimerizable 3K-4K-6K 
050712;[S-01M1-B] Lucerna - Lampara de Mesa Decorativa Infinix 14W Blanca [130mmx300mm] C/Switch 3 tonos 3K-4K-6K 
050710;[S-01T1-B] Lucerna - Lampara de Techo Decorativa Infinix 42W Blanca [680mmx250mm] C/Switch 3 tonos 3K-4K-6K 
050715;[S-02A1-N] Lucerna - Lampara de Pared Decorativa Orión 12W Negra [130x360x180mm] C/Switch 3 tonos 3K-4K-6K
050716;[S-02C1-N] Lucerna - Lampara Colgante Decorativa Pandora 40W Negra [620x310x1200mm] C/Control Dimerizable 3K-4K-6K 
050713;[S-02P1-N] Lucerna - Lampara de Piso Decorativa Pacific 42W Negra [240mmx1450mm] C/Switch 3 tonos 3K-4K-6K 
050714;[S-02T1-N] Lucerna - Lampara de Techo Decorativa Orión 25W Negra [600x180xH330mm] C/Switch 3 tonos 3K-4K-6K 
050717;[S-02T2-N] Lucerna - Lampara de Techo Decorativa Pandora 30W Negra [490x255x175mm] C/Switch 3 tonos 3K-4K-6K 
050719;[S-03C1-NO] Lucerna - Lampara de Colgante Decorativa Noova 36W NEGRA/ORO [560X220x1000mm] C/Switch 3 tonos 3K-4K-6K 
050718;[S-03M1-NO] Lucerna - Lampara de Mesa Decorativa Portrait 12W NEGRA/ORO [200X200x250mm] C/Switch 3 tonos 3K-4K-6K 
050720;[S-04A1-O] Lucerna - Lampara de Pared Decorativa Loop 14W ORO [380x164x60mm] C/Switch 3 tonos 3K-4K-6K
050721;[S-04C1-O] Lucerna - Lampara de Colgante Decorativa Wave 45W ORO [1000x1200mm] C/Control Dimerizable 3K-4K-6K
050722;[S-04C2-O] Lucerna - Lampara de Colgante Decorativa Alhambra 54W ORO [600x1200mm] C/Control Dimerizable 3K-4K-6K
050725;[S-05A1-P] Lucerna - Lampara de Pared Decorativa Lace 12W Plateada [150x170xH450mm] C/Switch 3 tonos 3K-4K-6K
050723;[S-05C1-P] Lucerna - Lampara de Colgante Decorativa Silver Saturno 40W Plateada [520x480x1200mm] C/Control Dimerizable 3K-4K-6K
050724;[S-05T1-P] Lucerna - Lampara de Techo Decorativa Atom 40W Plateada [520x480x1200mm] C/Control Dimerizable 3K-4K-6K
050727;[S-06A1-NI] Lucerna - Lampara de Pared Decorativa Aurora 12W Nickel [150x140x360mm] C/Switch 3 tonos 3K-4K-6K
050726;[S-06C1-NI] Lucerna - Lampara de Colgante Decorativa Aurora 50W Nickel [920x290xH1200mm] C/Control Dimerizable 3K-4K-6K
050729;[S-06M1-P] Lucerna - Lampara de Mesa Decorativa Inox 12w Plateada [170mmx240mm] C/Switch 3 tonos 3K-4K-6K 
050730;[S-06M2-NI] Lucerna - Lampara de Mesa Decorativa Cobra 12w Nickel [180mmx210mm] C/Switch 3 tonos 3K-4K-6K 
050728;[S-06P1-P] Lucerna - Lampara de Piso Decorativa Cobra 25w Plateada [180mmx1600mm] C/Switch 3 tonos 3K-4K-6K 
050731;[S-07C1-B] Lucerna - Lampara de Colgante Decorativa Urano 48W Blanca [450x1200mm] C/Switch 3 tonos 3K-4K-6K
021273;[S-31DLC20D] Mikrotik - Transceptor MiniGbic SFP 1.25G LC Duplex para Fibra Mono Modo 20 KM
021291;[S-4554LC80D] Mikrotik - Par de Modulos SFP S-45LC80D y S-54LC80D (SM) (80km)
021274;[S-55DLC80D] Mikrotik - SFP Modulo 1.25G SM 80km 1550nm
050622;[S-601B-G] Lucerna - Lampara de Techo Plafon Decorativo Classic White 46W [500mmx75mm] C/Control Dimerizable 3K-4K-6K Superficial
050621;[S-601B-M] Lucerna - Lampara de Techo Plafon Decorativo Classic White 32W [400mmx70mm] C/Control Dimerizable 3K-4K-6K Superficial
050624;[S-601B0-G] Lucerna - Lampara de Techo Plafon Decorativo Classic Gold 46W [500mmx75mm] C/Control Dimerizable 3K-4K-6K Superficial
050623;[S-601B0-M] Lucerna - Lampara de Techo Plafon Decorativo Classic Gold 32W [400mmx70mm] C/Control Dimerizable 3K-4K-6K Superficial
050626;[S-603B-G] Lucerna - Lampara de Techo Plafon Decorativo 46W [500mmx80m] C/Control Dimerizable 3K-4K-6K Superficial
050625;[S-603B-M] Lucerna - Lampara de Techo Plafon Decorativo 32W [400mmx80mm] C/Control Dimerizable 3K-4K-6K Superficial
050628;[S-603N-G] Lucerna - Lampara de Techo Plafon Decorativo 46W [500mmx80mm] C/Control Dimerizable 3K-4K-6K Superficial
050627;[S-603N-M] Lucerna - Lampara de Techo Plafon Decorativo 32W [400mmx80mm] C/Control Dimerizable 3K-4K-6K Superficial
050630;[S-605M-G] Lucerna - Lampara de Techo Plafon Decorativo Lucia 46W [500mmx80mm] C/Control Dimerizable 3K-4K-6K Superficial
050629;[S-605M-M] Lucerna - Lampara de Techo Plafon Decorativo Lucia 32W [400mmx80mm] C/Control Dimerizable 3K-4K-6K Superficial
050643;[S-606B-G] Lucerna - Lampara de Techo Plafon Decorativo Moon White 46W [500mmx80mm] C/Control Dimerizable 3K-4K-6K Superficial
050642;[S-606B-M] Lucerna - Lampara de Techo Plafon Decorativo Moon White 32W [400mmx70mm] C/Control Dimerizable 3K-4K-6K Superficial
050632;[S-606N-G] Lucerna - Lampara de Techo Plafon Decorativo Moon Black 46W [500mmx70mm] C/Control Dimerizable 3K-4K-6K Superficial
050631;[S-606N-M]  Lucerna - Lampara de Techo Plafon Decorativo Moon Black 32W [400mmx70mm] C/Control Dimerizable 3K-4K-6K Superficial
050644;[S-607B-G] Lucerna - Lampara de Techo Plafon Decorativo Miel 46W [500mmx80mm] C/Control Dimerizable 3K-4K-6K Superficial
050633;[S-607B-M] Lucerna - Lampara de Techo Plafon Decorativo Miel 32W [400mmx85mm] C/Control Dimerizable 3K-4K-6K Superficial
050634;[S-607C-M] Lucerna - Lampara de Techo Plafon Decorativo 32W [400mmx85mm] C/Control Dimerizable 3K-4K-6K Superficial
050693;[S-608M-G] Lucerna - Lampara de Techo Plafon Decorativo Roma 46W [500mmx70mm] C/Control Dimerizable 3K-4K-6K Superficial
050635;[S-631-RGB] Lucerna - Lampara de Techo Plafon Decorativo Sonic 36W RGB [500mmx95mm] C/Control Dimerizable 3K-4K-6K Superficial
050706;[S-632-RGB] Lucerna - Lampara de Techo Plafon Decorativo Rainbow RGB 36W [510mmx80mm] C/Control Superficial
050732;[S-701M] Lucerna - Lampara de Techo Plafon Decorativo Onix 38W Borde Madera [460mmx90mm] C/Control Dimerizable 3K-4K-6K Superficial
050735;[S-702BM] Lucerna - Lampara de Techo Plafon Decorativo Menguante 32W Blanco/Madera [460mmx80mm] C/Control Dimerizable 3K-4K-6K Superficial
050733;[S-702BN] Lucerna - Lampara de Techo Plafon Decorativo Menguante 32W Blanco/Negro [460mmx90mm] C/Control Dimerizable 3K-4K-6K Superficial
050734;[S-702NM] Lucerna - Lampara de Techo Plafon Decorativo Menguante 32W Negro/Madera [460mmx80mm] C/Control Dimerizable 3K-4K-6K Superficial
050736;[S-703B] Lucerna - Lampara de Techo Plafon Decorativo Orbix 40W Blanco [420mmx90mm] C/Control Dimerizable 3K-4K-6K Superficial
050737;[S-703N] Lucerna - Lampara de Techo Plafon Decorativo Orbix 40W Negro [420mmx90mm] C/Control Dimerizable 3K-4K-6K Superficial
021261;[S-85DLC05D] Mikrotik - Transceptor MiniGbic SFP 1.25G LC Duplex para Fibra Multi Modo 550mts
050879;[S-AMBAR-M-VO] Lucerna - Lampara de Mesa Decorativa Ambar Madera y Vidrio 7w [200mmx 254mm] C/Switch 3 tonos 3K-4K-6K
050738;[S-C704NM] Lucerna - Lampara Colgante Decorativa Andalucia 36W Negro [360mmx460mm] C/Control Dimerizable 3K-4K-6K 
050740;[S-C705B-G] Lucerna - Lampara Colgante Decorativa Victory 58W Blanca [500mmx80mm] C/Control Dimerizable 3K-4K-6K 
050739;[S-C705B-M] Lucerna - Lampara Colgante Decorativa Victory 46W Blanca [400mmx80mm] C/Control Dimerizable 3K-4K-6K 
050741;[S-C705G-G] Lucerna - Lampara Colgante Decorativa Victory Silver 58W Gris [500mmx80mm] C/Control Dimerizable 3K-4K-6K 
050742;[S-C706B] Lucerna - Lampara Colgante Decorativa Area 58W Blanca [480mmx480mm] C/Control Dimerizable 3K-4K-6K 
050743;[S-C706N] Lucerna - Lampara Colgante Decorativa Area 58W Negra [480mmx480mm] C/Control Dimerizable 3K-4K-6K 
050788;[S-EXCALIBUR-C-B] Lucerna - Lampara Colgante Blanca 36W  3 Tonos de Luz 3k - 4k - 6k inferiror y superior 
050787;[S-EXCALIBUR-C-N] Lucerna - Lampara Colgante Negra 36W  3 Tonos de Luz 3k - 4k - 6k inferiror y superior 
050789;[S-EXCALIBUR-C-O] Lucerna - Lampara Colgante Color Oro 36W  3 Tonos de Luz 3k - 4k - 6k inferiror y superior  
050892;[S-FUNGHI-B] Lucerna - Lampara Decorativa Solar Funghi Blanca [203mm x 115mm] Base recargable 2000mAh IP44 
050893;[S-FUNGHI-N] Lucerna - Lampara Decorativa Solar Funghi Negra [203mm x 115mm] Base recargable 2000mAh IP44 
050896;[S-JAR-5] Lucerna - Lampara Decorativa Solar de Jardin Negra [513mm x 114mm] Recargable 2000mAh IP44 con sensor de movimiento
050798;[S-LEVITARE-C-N] Lucerna - Lampara Colgante Ajustable Negra 10W 3 Tonos de Luz 3k - 4k - 6k
050890;[S-MEDUSA-N] Lucerna - Lampara de Mesa Decorativa Medusa Negra 2700k [192mm x 140mm] Base recargable 2000mAh IP20
050889;[S-MEDUSA-O] Lucerna - Lampara de Mesa Decorativa Medusa Oro 2700k [192mm x 140mm] Base recargable 2000mAh  IP20
050855;[S-MENHIR-M-B] Lucerna - Lampara de Mesa Decorativa Menhir Blanco 12w [225mmx 140mm x 230mm] C/Switch 3 tonos 3K-4K-6K
050894;[S-NOMAD-B] Lucerna - Lampara Decorativa Solar Nomad Blanca [142mm x 200mm] Recargable 2000mAh IP44               
050895;[S-NOMAD-N] Lucerna - Lampara Decorativa Solar Nomad Blanca [142mm x 200mm] Recargable 2000mAh IP44
050878;[S-PEAR-M-VN] Lucerna - Lampara de Mesa Decorativa Pear Vidrio 7w [160mmx 180mm] C/Switch 3 tonos 3K-4K-6K 
021275;[S-RJ01] Mikrotik - Modulo Convertidor de SFP a Ethernet 10/100/1000Mbit/s
050891;[S-SELENE-O] Lucerna - Lampara de Mesa Decorativa Selene Oro 2700k [134mm x 156mm] Base recargable 2000mAh IP20
050791;[S-VULCANO-A-B-1] Lucerna - Lampara tipo Aplique Blanca 12W un foco 3 Tonos de Luz 3k - 4k - 6k
050793;[S-VULCANO-A-B-2] Lucerna - Lampara tipo Aplique Blanca 24W dos focos 3 Tonos de Luz 3k - 4k - 6k
050795;[S-VULCANO-A-B-3] Lucerna - Lampara tipo Aplique Negra 36W tres focos 3 Tonos de Luz 3k - 4k - 6k
050790;[S-VULCANO-A-N-1] Lucerna - Lampara tipo Aplique Negra 12W un foco 3 Tonos de Luz 3k - 4k - 6k
050792;[S-VULCANO-A-N-2] Lucerna - Lampara tipo Aplique Negra 24W dos focos 3 Tonos de Luz 3k - 4k - 6k
050794;[S-VULCANO-A-N-3] Lucerna - Lampara tipo Aplique Negra 36W tres focos 3 Tonos de Luz 3k - 4k - 6k
050797;[S-VULCANO-C-B] Lucerna - Lampara Colgante Ajustable Blanca 12W 3 Tonos de Luz 3k - 4k - 6k
050796;[S-VULCANO-C-N] Lucerna - Lampara Colgante Ajustable Negra 12W  3 Tonos de Luz 3k - 4k - 6k
050841;[S-WAVE-M-O] Lucerna - Lampara de Mesa Decorativa Wave 11w Oro [235mm x 130mm x 445mm] C/Switch 3 tonos 3K-4K-6K
060367;[S120] Logitech - Cornetas Multimedia 2.0 Entrada 3.5mm 2.2W RMS 2.2W RMS 980-000012
060444;[S150] Logitech - Cornetas Multimedia 2.0 Entrada USB 1.2W RMS 980-000028
061289;[S2-BLACK] Fantech - Cargador Portatil Powerpack S2 10.000 mAh 10W [Negro]
061288;[S2-WHITE] Fantech - Cargador Portatil Powerpack S2 10.000 mAh 10W [Blanco]
011054;[S285-2.8] Vigi By TP-Tplink - Cámara IP Alta Definición 4K [8Mp] Tipo Domo Full Color con Audio PoE y 12V [Lente 2.8mm]
011056;[S385-4] Vigi By TP-Tplink - Cámara IP Alta Definición 4K [8Mp] Tipo Bullet Full Color con Audio PoE y 12V [Lente 4mm]
021496;[S4500-16GP] TP-Link - Switch Smart 16 Puertos Gigabit con 8 Puertos PoE+ [Omada Pro]
021497;[S4500-8GP2F] TP-Link - Switch Smart 8 Puertos PoE+ Gigabit con 2 Puertos SFP [Omada Pro]
021682;[S4500-8GP] TP-Link - Switch Smart Pro 8 Puertos Gigabit con 4 Puertos PoE+ [Omada]
011053;[S485-2.8] Vigi By TP-Tplink - Cámara IP Alta Definición 4K [8Mp] Tipo Turret Full Color con Audio PoE y 12V [Lente 2.8mm]
090104;[S50+TK4100] Hikvision - Tarjeta de Proximidad Doble Frecuencia M1+EM (125 y 13,56 Mhz)
021498;[S5500-24GP4F] TP-Link - Switch Administrable 24 Puertos PoE+ Gigabit L2+ con 4 Puertos SFP [Omada Pro]
011055;[S655i-1.44] Vigi By TP-Tplink - Cámara IP Alta Definición [5Mp] Tipo Fisheye IR con Audio PoE y 12V [Lente 1.44mm]
060394;[SA400M8/120G] Kingston - Disco de Estado Solido SSD A400 120Gb SATA III 500 MB/s M.2 2280
060451;[SA400M8/240G] Kingston - Disco de Estado Solido SSD A400 240Gb SATA III 500 MB/s M.2 2280
060452;[SA400M8/480G] Kingston - Disco de Estado Solido SSD A400 480Gb SATA III 500 MB/s M.2 2280
060079;"[SA400S37/120G] Kingston - Disco de Estado Solido SSD A400 120Gb SATA III 500 MB/s 2.5"""
060080;"[SA400S37/240G] Kingston - Disco de Estado Solido SSD A400 240Gb SATA III 500 MB/s 2.5"""
060081;"[SA400S37/480G] Kingston - Disco de Estado Solido SSD A400 480Gb SATA III 500 MB/s 2.5"""
060263;"[SA400S37/960G] Kingston - Disco de Estado Solido SSD A400 960Gb SATA III 500 MB/s 2.5"""
061250;[SC610-1000G-CBK/RD] Adata - Disco de Estado Solido Externo SSD SC610 1000Gb USB 3.2 Gen2
061251;[SC610-2000G-CBK/RD] Adata - Disco de Estado Solido Externo SSD SC610 2000Gb USB 3.2 Gen2
061249;[SC610-500G-CBK/RD] Adata - Disco de Estado Solido Externo SSD SC610 500Gb USB 3.2 Gen2
060159;[SDCS2/128GB] Kingston - Tarjeta de Memoria Micro SD 128GB Canvas Select Plus 100MB/s UHS-I Clase 10
060566;[SDCS2/256GB] Kingston - Tarjeta de Memoria Micro SD 256GB Canvas Select Plus 100MB/s UHS-I Clase 10
060392;[SDCS2/32GB] Kingston - Tarjeta de Memoria Micro SD 32GB Canvas Select Plus 100MB/s UHS-I Clase 10
060391;[SDCS2/64GB] Kingston - Tarjeta de Memoria Micro SD 64GB Canvas Select Plus 100MB/s UHS-I Clase 10
061614;[SDCS3/128GB] Kingston - Tarjeta de Memoria Micro SD 128GB Canvas Select Plus S3 100MB/s UHS-I Clase 10
061640;[SDCS3/256GB] Kingston - Tarjeta de Memoria Micro SD 256GB Canvas Select Plus S3 100MB/s UHS-I Clase 10
061613;[SDCS3/64GB] Kingston - Tarjeta de Memoria Micro SD 64GB Canvas Select Plus S3 100MB/s UHS-I Clase 10
060350;[SDCZ33-032G-G35] SanDisk - Pendrive 32Gb Cruzer Fit USB 2.0
060351;[SDCZ33-064G-G35] SanDisk - Pendrive 64Gb Cruzer Fit USB 2.0
060403;[SDCZ410-064G-G46] SanDisk - Pendrive 64Gb Ultra Shift USB 3.0
060455;[SDCZ410-128G-G46] SanDisk - Pendrive 128Gb Ultra Shift USB 3.0
060618;[SDCZ410-256G-G46] SanDisk - Pendrive 256Gb Ultra Shift USB 3.0
060133;[SDCZ50-032G-B35] SanDisk - Pendrive 32Gb Cruzer Blade USB 2.0
060134;[SDCZ50-064G-B35] SanDisk - Pendrive 64Gb Cruzer Blade USB 2.0
060206;[SDSQUNS-016G-GN3MA] SanDisk - Memoria Micro SD 16GB Ultra 80MB/s
060157;[SDSQUNS-032G-GN3MA] SanDisk - Memoria Micro SD 32GB Ultra 80MB/s
080059;[SEH-1430] Senhaix - Radio Portatil Ultra Delgado 2W 2 Vias 16 Canales [1 Unidad]
080113;[SEH-8130-Plus] Senhaix - Radio Portatil 5W 2 Vias 16 Canales [1 Unidad]
061490;[SEH-Manos-libre] Senhaix- Manos libre para radios SenHaix  modelos 1430 y 8131-Plus
021679;[SG2210XMP-M2] TP-Link - Switch Smart de 10 Puertos con 8 Puertos PoE+ a 2.5G y 2 SFP+ a 10G [Omada]
021780;[SG3428X-M2] TP-Link - Switch Administrado L2+ Multi-Gigabit 24 Puertos x 2.5 Gigabit 4 Puertos SFP+ de 10 Gigabit Compatible con Omada SDN
021927;[SG3428XMPP] TP-Link - Switch Administrado L2+ JetStream de 24 Puertos Gigabit y 4 Puertos 10GE SFP+ con 16 PoE+ y 8 PoE++
021681;[SG3428XMP] TP-Link - Switch Administrado L2+ JetStream de 24 Puertos Gigabit PoE+ y 4 Puertos 10GE SFP+
021781;[SG3428XPP-M2] TP-Link -  Switch Administrado L2+ PoE 24 Puertos de 2.5 GB Puerto SFP+ 4 x 10 GE 16 Puertos PoE+ y 8 Puertos PoE++ a 500W L2+ Omada SDN IPv6 VLAN ACL QoS IGMP
021501;[SG3452XP] TP-Link - Switch Conmutador Administrable JetStream de 48 Puertos Gigabit y 4 Puertos 10GE SFP+ L2+ con 48 Puertos PoE+
021782;[SG3452X] TP-Link - Switch Administrado L2+ Gigabit de 48 Puertos 4 Ranuras SFP+ de 10 GE Omada SDN integrado IPv6 Enrutamiento Estático Compatible con QoS IGMP LAG
021433;[SG6428X] TP-Link - Switch L3 Stackable de 24 Puertos Gigabit y 4 Puertos a 10G [Omada]
061239;[SGAMMIXS50C-500G-CS] Adata - Disco de Estado Solido SSD XPG Gammix S50 Core 500Gb PCIe Gen4 NVMe M.2 2280
060975;[SL-1011UL] Forza - UPS Interactivo 1000VA/600W Torre Pantalla LCD 110V [8] x NEMA 5-15R
060767;[SL-1501UL] Forza - UPS Interactivo 1500VA/900W Torre Pantalla LCD 110V [8] x NEMA 5-15R
060753;[SL-2001UL] Forza - UPS Interactivo 2000VA/1200W Torre Pantalla LCD 110V [8] x NEMA 5-15R
061628;[SL-801UL] Forza - UPS Interactivo 480VA/800W Torre Pantalla Tactil LCD 120V [6] x NEMA 5-15R
061204;[SLB12-38] CDP - Bateria Plomo-Ácido Sellada 12V 38Ah
061201;[SLB12-4.5] CDP - Bateria Plomo-Ácido Sellada 12V 4.5Ah
061609;[SLB12-5] CDP - Bateria Plomo-Ácido Sellada 12V 5Ah
061202;[SLB12-7] CDP - Bateria Plomo-Ácido Sellada 12V 7Ah
061203;[SLB12-9] CDP - Bateria Plomo-Ácido Sellada 12V 9Ah
021680;[SM331T] TP-Link - Módulo SFP 1000BASE-T RJ45
060916;[SMT3000RM2UC] APC- UPS Smart 3000VA LCD Para Rack 2U 120V Con SmartConnect
060790;[SNV2S/1000G] Kingston - Disco de Estado Solido SSD NV2 1Tb PCIe 4.0 x4 NVMe 3500 MB/s M.2 2280
060791;[SNV2S/2000G] Kingston - Disco de Estado Solido SSD NV2 2Tb PCIe 4.0 x4 NVMe 3500 MB/s M.2 2280
060788;[SNV2S/250G] Kingston - Disco de Estado Solido SSD NV2 250Gb PCIe 4.0 x4 NVMe 3000 MB/s M.2 2280
060789;[SNV2S/500G] Kingston - Disco de Estado Solido SSD NV2 500Gb PCIe 4.0 x4 NVMe 3500 MB/s M.2 2280
090151;[SOP-AD-WHITE] Blink - Soporte Adhesivo para Puerta Compatible con Video Portero Blink [Blanco]
090152;[SOP-AJ-BLACK] Blink - Soporte para Ajustable (15 a 45 grados) Montaje en Esquina Compatible con Video Portero Blink [Negro]
022005;[SQ60600B18] Rack de pared  [18U] Cerrado 600x600 Con Puerta de Vidrio [Negro]
021303;"[SR-10U] Mikrotik - (solidRACK 10) Rack de escritorio de 19"" y 10U con Angulo Ajustable"
061048;[SRV2KA] APC - UPS 2000VA/1600W 120V TORRE [4] NEMA 5-20R [Batería de reserva]
061049;[SRV2KRA] APC - UPS 2000VA/1600W 120V [4] NEMA 5-20R [Batería de reserva]
061050;[SRV3KA] APC - UPS 3000VA/2400W 120V [4] NEMA 5-20R [1] NEMA L5-30R [Batería de reserva]
061284;"[ST10000VE0008] Seagate - Disco Duro Skyhawk AI SATA III 10Tb 7200 rpm Cache 256Mb 3.5"" Videovigilancia"
060937;"[ST10000VE000] Seagate - Disco Duro Skyhawk AI SATA III 10Tb 7200 rpm Cache 256Mb 3.5"" Videovigilancia"
060785;"[ST10000VE001] Seagate - Disco Duro Skyhawk AI SATA III 10Tb 7200 rpm Cache 256Mb 3.5"" Videovigilancia"
060900;"[ST1000VX001-520] Seagate - Disco Duro Skyhawk SATA III 1Tb 5900 rpm Cache 64Mb 3.5"" Videovigilancia"
060880;"[ST1000VX001] Seagate - Disco Duro Skyhawk SATA III 1Tb 5900 rpm Cache 64Mb 3.5"" Videovigilancia"
010099;"[ST1000VX003] Seagate - Disco Duro 1Tb 5900 rpm 3.5"" "
060778;"[ST1000VX005] Seagate - Disco Duro Skyhawk SATA III 1Tb 5900 rpm Cache 64Mb 3.5"" Videovigilancia"
061009;"[ST1000VX012] Seagate - Disco Duro Skyhawk SATA III 1Tb 5400 rpm Cache 256Mb 3.5"""
061041;"[ST1000VX013] Seagate - Disco Duro Skyhawk SATA III 1Tb 5400 rpm Cache 256Mb 3.5"" Videovigilancia"
060786;"[ST12000VE001] Seagate - Disco Duro Skyhawk AI SATA III 12Tb 7200 rpm Cache 256Mb 3.5"" Videovigilancia"
060787;"[ST16000VE002] Seagate - Disco Duro Skyhawk AI SATA III 16Tb 7200 rpm Cache 256Mb 3.5"" Videovigilancia"
060898;"[ST2000VX003-520] Seagate - Disco Duro Skyhawk SATA III 2Tb 5900 rpm Cache 64Mb 3.5"" Videovigilancia"
060901;"[ST2000VX012] Seagate - Disco Duro Skyhawk SATA III 2Tb 5400 rpm Cache 256Mb 3.5"" Videovigilancia"
060779;"[ST2000VX015] Seagate - Disco Duro Skyhawk SATA III 2Tb 5400 rpm Cache 256Mb 3.5"" Videovigilancia"
061042;"[ST2000VX017] Seagate - Disco Duro Skyhawk SATA III 2Tb 5400 rpm Cache 256Mb 3.5"" Videovigilancia"
060902;"[ST4000VX005] Seagate - Disco Duro Skyhawk SATA III 4Tb 5900 rpm Cache 64Mb 3.5"" Videovigilancia"
060780;"[ST4000VX013] Seagate - Disco Duro Skyhawk SATA III 4Tb 5400 rpm Cache 256Mb 3.5"" Videovigilancia"
060931;"[ST4000VX015-520] Seagate - Disco Duro Skyhawk SATA III 4Tb 5900 rpm Cache 256Mb 3.5"" Videovigilancia"
061532;"[ST4000VX015] Seagate - Disco Duro Skyhawk SATA III 4Tb 5900 rpm Cache 256Mb 3.5"" Videovigilancia"
061167;"[ST4000VX016] Seagate - Disco Duro Skyhawk SATA III 4Tb 5400 rpm Cache 256Mb 3.5"" Videovigilancia"
060776;"[ST6000DM003] Seagate - Disco Duro Barracuda SATA III 6Tb 5400 rpm Cache 256Mb 3.5"" "
060493;"[ST6000VX0003] Seagate - Disco Duro 6Tb 5900 rpm 3.5"""
060781;"[ST6000VX001] Seagate - Disco Duro Skyhawk SATA III 6Tb 5400 rpm Cache 256Mb 3.5"" Videovigilancia"
061352;"[ST6000VX008] Seagate - Disco Duro Skyhawk SATA III 6Tb 7200 rpm Cache 256Mb 3.5"" "
060777;"[ST8000DM004] Seagate - Disco Duro Barracuda SATA III 8Tb 5400 rpm Cache 256Mb 3.5"" "
060783;"[ST8000VE000] Seagate - Disco Duro Skyhawk AI SATA III 8Tb 7200 rpm Cache 256Mb 3.5"" Videovigilancia"
060784;"[ST8000VE001] Seagate - Disco Duro Skyhawk AI SATA III 8Tb 7200 rpm Cache 256Mb 3.5"" Videovigilancia"
061078;"[ST8000VX0002-520] Seagate - Disco Duro Skyhawk SATA III 8Tb 7200 rpm Cache 256Mb 3.5"" Videovigilancia"
060899;"[ST8000VX004-520] Seagate - Disco Duro Skyhawk SATA III 8Tb 7200 rpm Cache 256Mb 3.5"" Videovigilancia"
061168;"[ST8000VX009] Seagate - Disco Duro Skyhawk SATA III 8Tb Cache 256Mb 3.5"" Videovigilancia"
060782;"[ST8000VX010] Seagate - Disco Duro Skyhawk SATA III 8Tb 5400 rpm Cache 256Mb 3.5"" Videovigilancia"
021091;[STC-5EKYSB] STC - Conector Jack Coupler RJ45 CAT5e (Categoria 5e) (Azul) [Unidad]
020741;[STC-5EKYSW] STC- Conector Jack Coupler RJ45 CAT5e (Categoria 5e) (Blanco) [Unidad]
021092;[STC-5EPC0.5M-B] STC - Patch Cord UTP CAT5e (Categoria 5e) (Azul) [50 Cm] [Unidad]
021093;[STC-5EPC0.5M-W] STC - Patch Cord UTP CAT5e (Categoria 5e) (Blanco) [50 Cm] [Unidad]
021094;[STC-5EPC1M-B] STC - Patch Cord UTP CAT5e (Categoria 5e) (Azul) [1 Metro] [Unidad]
020749;[STC-5EPC1M-W] STC- Patch Cord UTP CAT5e (Categoria 5e) (Blanco) [1 Metro] [Unidad]
021095;[STC-5EPC2M-B] STC - Patch Cord UTP CAT5e (Categoria 5e) (Azul) [2 Metros] [Unidad]
020750;[STC-5EPC2M-W] STC- Patch Cord UTP CAT5e (Categoria 5e) (Blanco) [2 Metros] [Unidad]
020665;[STC-5EPP12] STC- Patch Panel 12 Puertos CAT5E CAT5e (Categoria 5e)
020666;[STC-5EPP24] STC- Patch Panel 24 Puertos CAT5E CAT5e (Categoria 5e)
020667;[STC-5EPP48] STC- Patch Panel 48 Puertos CAT5E CAT5e (Categoria 5e)
021096;[STC-6KYSB] STC - Conector Jack Coupler RJ45 CAT6 (Categoria 6) (Azul) [Unidad]
020623;[STC-6KYSW] STC- Conector Jack Coupler RJ45 CAT6 (Categoria 6) (Blanco) [Unidad]
021727;[STC-6KYS] STC- Conector Jack Coupler RJ45 CAT6 (Categoria 6) (Negro) [Unidad]
021097;[STC-6PC0.5M-B] STC - Patch Cord UTP CAT6 (Categoria 6) (Azul) [50 Cm] [Unidad]
021098;[STC-6PC0.5M-W] STC - Patch Cord UTP CAT6 (Categoria 6) (Blanco) [50 Cm] [Unidad]
020621;[STC-6PC1M-B] STC- Patch Cord UTP CAT6 (Categoria 6) (Azul) [1 Metro] [Unidad]
021099;[STC-6PC1M-W] STC - Patch Cord UTP CAT6 (Categoria 6) (Blanco) [1 Metro] [Unidad]
020622;[STC-6PC2M-B] STC- Patch Cord UTP CAT6 (Categoria 6) (Azul) [2 Metros] [Unidad]
021100;[STC-6PC2M-W] STC - Patch Cord UTP CAT6 (Categoria 6) (Blanco) [2 Metros] [Unidad]
020668;[STC-6PP12] STC- Patch Panel 12 Puertos CAT6 CAT6 (Categoria 6)
020669;[STC-6PP24] STC- Patch Panel 24 Puertos CAT6 CAT6 (Categoria 6)
020670;[STC-6PP48] STC- Patch Panel 48 Puertos CAT6 CAT6 (Categoria 6)
060702;[STC-ACPC] STC- Cable Universal de Corriente AC para PC/Monitor/UPS
040105;[STC-ALARM-100W] STC - Cable Alarma [Caja 100 Metros]
080088;[STC-AP10A] STC - Transformador 12V 10Amp
080089;[STC-AP1A] STC - Transformador 12V 1Amp
080102;[STC-AP3A] STC - Transformador 12V 3Amp
080090;[STC-AP5A] STC - Transformador 12V 5Amp
070851;[STC-BCP12100] STC- Bateria Ciclo Profundo 12V 100Ah
070860;[STC-BCP12150] STC - Bateria Ciclo Profundo 12V 150Ah
070861;[STC-BCP12200] STC - Bateria Ciclo Profundo 12V 200Ah
070862;[STC-BCP12260] STC - Bateria Ciclo Profundo 12V 260Ah
070859;[STC-BCP1270] STC - Bateria Ciclo Profundo 12V 70Ah
010717;[STC-BNCDC20M] STC - Cable BNC + DC [20 Metros]
010718;[STC-BNCDC30M] STC - Cable BNC + DC [30 Metros]
070657;[STC-BS12-12] STC- Bateria Sellada 12V 12Ah
070658;[STC-BS12-18] STC- Bateria Sellada 12V 18Ah
070659;[STC-BS12-20] STC- Bateria Sellada 12V 20Ah
070857;[STC-BS12-33] STC - Bateria Sellada 12V 33Ah
070858;[STC-BS12-38] STC - Bateria Sellada 12V 38Ah
070654;[STC-BS12-4.5] STC- Bateria Sellada 12V 4.5Ah
070653;[STC-BS12-4] STC- Bateria Sellada 12V 4Ah
070810;[STC-BS12-7] STC- Bateria Sellada 12V 7Ah
070811;[STC-BS12-9] STC- Bateria Sellada 12V 9Ah
070808;[STC-BS6-4] STC- Bateria Sellada 6V 4Ah
070809;[STC-BS6-7] STC- Bateria Sellada 6V 7Ah
021728;[STC-BTS-AZUL] STC - Botas Protectoras RJ45 Color Azul [100 Unidades]
020659;[STC-CAT5E-100B] STC- Cable UTP CAT5e (Categoria 5e) CCA Interior (Azul) [Caja 100 Metros]
020660;[STC-CAT5E-100G] STC- Cable UTP CAT5e (Categoria 5e) CCA Interior (Gris) [Caja 100 Metros]
020576;[STC-CAT5E-100W] STC- Cable UTP CAT5e (Categoria 5e) CCA Interior (Blanco) [Caja 100 Metros]
020575;[STC-CAT5E-305B] STC- Cable UTP CAT5e (Categoria 5e) CCA Interior (Azul) [Caja 305 Metros]
020658;[STC-CAT5E-305W] STC- Cable UTP CAT5e (Categoria 5e) CCA Interior (Blanco) [Caja 305 Metros]
020580;[STC-CAT5EXT-100] STC- Cable UTP CAT5e (Categoria 5e) CCA Exterior (Negro) [Caja 100 Metros]
020579;[STC-CAT5EXT-305] STC- Cable UTP CAT5e (Categoria 5e) CCA Exterior (Negro) [Bobina 305 Metros]
020663;[STC-CAT6-100B] STC- Cable UTP CAT6 (Categoria 6) CCA Interior (Azul) [Caja 100 Metros]
020664;[STC-CAT6-100G] STC- Cable UTP CAT6 (Categoria 6) CCA Interior (Gris) [Caja 100 Metros]
020578;[STC-CAT6-100W] STC- Cable UTP CAT6 (Categoria 6) CCA Interior (Blanco) [Caja 100 Metros]
020577;[STC-CAT6-305B] STC- Cable UTP CAT6 (Categoria 6) CCA Interior (Azul) [Caja 305 Metros]
020661;[STC-CAT6-305G] STC- Cable UTP CAT6 (Categoria 6) CCA Interior (Gris) [Caja 305 Metros]
020662;[STC-CAT6-305W] STC- Cable UTP CAT6 (Categoria 6) CCA Interior (Blanco) [Caja 305 Metros]
020582;[STC-CAT6EXT-100] STC- Cable UTP CAT6 (Categoria 6) CCA Exterior (Negro) [Caja 100 Metros]
020581;[STC-CAT6EXT-305] STC- Cable UTP CAT6 (Categoria 6) CCA Exterior (Negro) [Bobina 305 Metros]
070813;[STC-CINTAV-B12X20-100UND] STC -  Cinta Velcro Negra 12x20cm [100 Unidades]
020674;[STC-CO1U] STC- Organizador de Cables Horizontal 1U Solo Frente
080103;[STC-D12-17] STC - Pulpo Splitter 1 Hembra a 2 Macho
080100;[STC-D14-17] STC - Pulpo Splitter 1 Hembra a 4 Macho
080101;[STC-D18-17] STC - Pulpo Splitter 1 Hembra a 8 Macho
080110;[STC-FC10A9CHB] STC- Fuente Centralizada 9 Canales 12V 10Amp con Respaldo por Bateria (No incluida)
080119;[STC-FC10A9CHC] STC - Fuente Centralizada 9 Canales 12V 10Amp [Certificada]
080068;[STC-FC10A9CH] STC- Fuente Centralizada 9 Canales 12V 10Amp
080111;[STC-FC20A18CHB] STC- Fuente Centralizada 18 Canales 12V 20Amp con Respaldo por Bateria (No incluida)
021112;[STC-FC20A18CHC] STC - Fuente Centralizada 18 Canales 12V 20Amp [Certificada]
080069;[STC-FC20A18CH] STC - Fuente Centralizada 18 Canales 12V 20Amp
080112;[STC-FC30A18CHB] STC- Fuente Centralizada 18 Canales 12V 30Amp con Respaldo por Bateria (No incluida)
080120;[STC-FC30A18CHC] STC - Fuente Centralizada 18 Canales 12V 30Amp [Certificada]
080019;[STC-FC30A18CH] STC - Fuente Centralizada 18 Canales 12V 30Amp
020671;[STC-FP01] STC- Face Plate Placa Frontal de Pared para Keystone 1 Puerto Blanco [Unidad]
020672;[STC-FP02] STC- Face Plate Placa Frontal de Pared para Keystone 2 Puertos Blanco [Unidad]
020673;[STC-FP04] STC- Face Plate Placa Frontal de Pared para Keystone 4 Puertos Blanco [Unidad]
060950;[STC-HDMI1.5M] STC - Cable HDMI Macho Doble HD Goma Negro [1.5 Metros]
060696;[STC-HDMI10M] STC- Cable HDMI Macho Doble HD Goma Negro [10 Metros]
060697;[STC-HDMI20M] STC- Cable HDMI Macho Doble HD Goma Negro [20 Metros]
060951;[STC-HDMI3M] STC - Cable HDMI Macho Doble HD Goma Negro [3 Metros]
060952;[STC-HDMI5M] STC - Cable HDMI Macho Doble HD Goma Negro [5 Metros]
060695;[STC-HDMIEXT120M] STC- Extensor HDMI Hembra a RJ45 Activo [120 Metros]
060693;[STC-HDMIEXT30M] STC- Extensor HDMI Macho a RJ45 Pasivo 1 Cable [30 Metros]
060694;[STC-HDMIEXT60M] STC- Extensor HDMI Hembra a RJ45 Activo [60 Metros]
060701;[STC-HDMISWITCH] STC- Switch HDMI 5 en 1 con Control
070886;[STC-KIT01-STRIPPERS] STC - Kit Herramienta de Puntas Pelacables para Taladro Electrico 5 Piezas (6AWG/8AWG/10AWG/12AWG/14AWG)
070887;[STC-KIT02-STRIPPERS] STC - Kit Herramienta de Puntas Pelacables para Taladro Electrico 4 Piezas (2.5SQ/4.0SQ/6.0SQ/10.0SQ)
021371;[STC-LANT ] STC- Lan Tester RJ11 RJ45
010004;[STC-M50] STC- Microfono Espia CCTV 50 Metros
010218;[STC-M80] STC- Microfono Espia CCTV 80 Metros
010262;[STC-PC0.5M] STC- Patch Cord BNC [50 Cm] [10 Unidades]
010261;[STC-PC0.5M] STC- Patch Cord BNC [50 Cm] [Unidad]
010264;[STC-PC1M] STC- Patch Cord BNC [1 Metro] [10 Unidades]
010263;[STC-PC1M] STC- Patch Cord BNC [1 Metro] [Unidad]
021102;[STC-PDU12] STC - Regleta Rack PDU 12 Tomas 15Amp 120V
021103;[STC-PDU16] STC - Regleta Rack PDU 16 Tomas 15Amp 120V
021104;[STC-PDU24] STC - Regleta Rack PDU 24 Tomas 15Amp 120V
021101;[STC-PDU8] STC - Regleta Rack PDU 8 Tomas 15Amp 120V
021449;"[STC-R-BP-1U] STC - Panel Organizador Pasa Cables de Cepillo 1U 19"""
021450;"[STC-R-BP-2U] STC - Panel Organizador Pasa Cables de Cepillo 2U 19"""
020679;[STC-RG11-100] STC- Cable Coaxial RG11 [Bobina 100 Metros]
020680;[STC-RG11-305] STC- Cable Coaxial RG11 [Bobina 305 Metros]
020675;[STC-RG59-100] STC- Cable Coaxial RG59 [Bobina 100 Metros]
020676;[STC-RG59-305] STC- Cable Coaxial RG59 [Bobina 305 Metros]
020681;[STC-RG59S-100] STC- Cable Coaxial Siames RG59 [Bobina 100 Metros]
020682;[STC-RG59S-305] STC- Cable Coaxial Siames RG59 [Bobina 305 Metros]
020677;[STC-RG6-100] STC- Cable Coaxial RG6 [Bobina 100 Metros]
020678;[STC-RG6-305] STC- Cable Coaxial RG6 [Bobina 305 Metros]
021106;[STC-RJ45-CAT5E-PS] STC - Conector RJ45 Blindado CAT5e (Categoria 5e) Pass-Through Pasante [100 Unidades]
021105;[STC-RJ45-CAT5E-PU] STC - Conector RJ45 CAT5e (Categoria 5e) Pass-Through Pasante [100 Unidades]
020610;[STC-RJ45-CAT5E] STC- Conector RJ45 CAT5e (Categoria 5e) [100 Unidades]
021108;[STC-RJ45-CAT6-PS] STC - Conector RJ45 Blindado CAT6 (Categoria 6) Pass-Through Pasante [100 Unidades]
021107;[STC-RJ45-CAT6-PU] STC - Conector RJ45 CAT6 (Categoria 6) Pass-Through Pasante [100 Unidades]
020611;[STC-RJ45-CAT6] STC- Conector RJ45 CAT6 (Categoria 6) [100 Unidades]
070888;[STC-STRP-8IN1] STC - Alicate Multifuncional 8 en 1 de Acero Inoxidable para Electricista con Pelador de Cables Probador de Voltaje Enrollador de Cables con Lapiz Medidor
021729;[STC-TOOL-PLIERS] STC - Alicate Corta Canaleta
021730;[STC-TOOL-SCIS] STC - Tijeras Corta Canaleta
070774;[STC-TW-36100B] STC - Tirrap 10Cm 3.6mm Negro [100 Unidades]
070775;[STC-TW-36100W] STC - Tirrap 10Cm 3.6mm Blanco [100 Unidades]
070776;[STC-TW-36200B] STC - Tirrap 20Cm 3.6mm Negro [100 Unidades]
070777;[STC-TW-36200W] STC - Tirrap 20Cm 3.6mm Blanco [100 Unidades]
070778;[STC-TW-36300B] STC - Tirrap 30Cm 3.6mm Negro [100 Unidades]
070779;[STC-TW-36300W] STC - Tirrap 30Cm 3.6mm Blanco [100 Unidades]
021113;[STC-UYC] STC - Union Empalme UY [100 Unidades]
011114;[STC-VB01S] STC - Video Balun Pasivo HD 400 Metros [Atornillable]
010010;[STC-VB01] STC - Video Balun Pasivo HD 400 Metros [Presión]
010409;[STC-VB04CH] STC- Video Balun Pasivo HD 4 Canales
010410;[STC-VB08CH] STC- Video Balun Pasivo HD 8 Canales
010411;[STC-VB16CH-RACK] STC- Video Balun Pasivo HD 16 Canales Rackeable
010087;[STC-VB21] STC- Video Balun Pasivo HD RJ45 Video/12V
010130;[STC-VB31] STC- Video Balun Pasivo HD RJ45 Audio/Video/12V
021110;[STC-VCM1] STC - Organizador de Cable Vertical [1 Metro]
021111;[STC-VCM2] STC - Organizador de Cable Vertical [2 Metros]
060698;[STC-VGA1.5M] STC- Cable VGA Macho a Macho [1.5 Metros]
060699;[STC-VGA3M] STC- Cable VGA Macho a Macho [3 Metros]
060700;[STC-VGA5M] STC- Cable VGA Macho a Macho [5 Metros]
080091;[STCAP2A] STC - Transformador 12V 2Amp
060475;[STKM1000400] Seagate - Disco Duro Externo Expansion 1Tb Portatil V2
060476;[STKM2000400] Seagate - Disco Duro Externo Expansion 2Tb Portatil V2
060477;[STKM4000400] Seagate - Disco Duro Externo Expansion 4Tb Portatil V2
100236;[STMP-PD219] Stamprint - Toner Compatible Pantum Negro P2509 P2509W M6509 M6509NW M6559N M6559NW M6609N M6609NW M6559
021599;[SWL4] Mikrotik - Licencia WISP AP (nivel 4)
021600;[SWL5] Mikrotik - Licencia WISP AP (nivel 5)
021601;[SWL6] Mikrotik - Licencia CONTROLLER (nivel 6)
021602;[SWROS] Mikrotik - Licencia de software MikroTik RouterOS
021783;[SX3008F] TP-Link - Switch de Nivel Empresarial Administrado L2+ 10G SFP+ de 8 Puertos Omada SDN integrado IPv6 Enrutamiento Estático L2/L3/L4 QoS IGMP LAG
021784;[SX3016F] TP-Link - Switch de Nivel Empresarial Administrado L2+  10G SFP+ de 16 Puertos Omada SDN integrado IPv6 Enrutamiento Estático L2/L3/L4 QoS IGMP LAG
070009;[T-1U-L] Onlink - Tapa Ciega para Rack 1U
070010;[T-2U-L] Onlink - Tapa Ciega para Rack 2U
070011;[T-3U-L] Onlink - Tapa Ciega para Rack 3U
070012;[T-4U-L] Onlink - Tapa Ciega para Rack 4U
061290;[T2-BLACK] Fantech - Cargador Portatil Powerpack T2 10.000 mAh 22W [Negro]
061292;[T2-BLUE] Fantech - Cargador Portatil Powerpack T2 10.000 mAh 22W [Azul]
061435;[T2-PURPLE] Fantech - Cargador Portatil Powerpack T2 10.000 mAh 22W [Purpura]
061291;[T2-WHITE] Fantech - Cargador Portatil Powerpack T2 10.000 mAh 22W [Blanco]
020280;[T2U-ARCHER] TP-Link - Adaptador USB Inalambrico WiFi Doble Banda de Alta Ganancia AC600
020639;[T2U-NANO-ARCHER] TP-Link - Adaptador USB Inalambrico WiFi Doble Banda de Alta Ganancia AC600 
020615;[T2U-PLUS-ARCHER] TP-Link - Adaptador USB Inalambrico WiFi Doble Banda de Alta Ganancia AC600
061610;[T2UB-Archer-Nano] TP-Link - Adaptador USB AC600 Nano Wi-Fi Bluetooth 4.2
020630;[T3U-ARCHER] TP-Link - Mini Adaptador USB Inalambrico WiFi Doble Banda de Alta Ganancia AC1300
021926;[T3U-NANO-ARCHER] TP-Link - Adaptador USB Inalambrico WiFi Doble Banda de Alta Ganancia AC1300 MU-MIMO
020654;[T3U-PLUS-ARCHER] TP-Link - Adaptador USB Inalambrico WiFi Doble Banda de Alta Ganancia AC1300
021932;[T4E-Archer] TP-Link - Adaptador PCI Express WiFi Inalámbrico Doble Banda AC1200
021444;[T4U-ARCHER] TP-Link - Adaptador USB Inalambrico WiFi Doble Banda de Alta Ganancia AC1300
020331;[T4U-PLUS-ARCHER] TP-Link - Adaptador USB Inalambrico WiFi Doble Banda de Alta Ganancia AC1300
100233;[T504-Black] Epson - Botella de Tinta Original Epson T504 [Negro]
100234;[T504-Colors] Epson - Botellas de Tinta Original Epson T504 3-Pack [Cian/Magenta/Amarillo]
100231;[T544-Black] Epson - Botella de Tinta Original Epson T544 [Negro]
100232;[T544-Colors] Epson - Botellas de Tinta Original Epson T544 3-Pack [Cian/Magenta/Amarillo]
020301;[T5E-ARCHER] TP-Link - Tarjeta Adaptador Inalambrico PCIe WiFi Doble Banda AC1200 Bluetooth 4.2 PCIe
100042;[T664C] Maxiprint - Tinta Compatible Epson 70ml Cyan T664C
100041;[T664K] Maxiprint - Tinta Compatible Epson 70ml Negro T664K
100043;[T664M] Maxiprint - Tinta Compatible Epson 70ml Magenta T664M
100044;[T664Y] Maxiprint - Tinta Compatible Epson 70ml Yellow T664Y
021036;[TC-GND] Ubiquiti - Conector RJ45 para Cable FTP/STP Categoría 6 Blindado
061382;[TDH102] Astra - Bascula Digital para Equipaje hasta 50Kgs
010091;[THC-B110-P(2.8mm)] HiLook - Cámara HD Bullet 720P [1MP] Lente 2.8mm [Plástico]
010146;[THC-B120-M(2.8mm)] HiLook - Cámara HD Bullet 1080P [2MP] Lente 2.8mm [Metalico]
010639;[THC-B120-MC(2.8mm)] HiLook - Cámara  HD Bullet 1080P [2MP] Lente de 2.8mm [Metalico]
010758;[THC-B120-MS(2.8mm)] HiLook - Cámara HD Bullet con Audio HiLook 1080P [2MP] Lente 2.8mm [Metalico]
010208;[THC-B120-P(2.8mm)] HiLook - Cámara HD Bullet 1080P [2MP] Lente 2.8mm [Plástico]
010239;[THC-B120-PC(2.8mm)] HiLook - Cámara HD Bullet 1080P [2MP] Lente 2.8mm [Plástico]
010442;[THC-B120-PS(2.8mm)] HiLook - Cámara HD Bullet con Audio HiLook 1080P [2MP] Lente 2.8mm [Plástico]
010888;[THC-B127-LPS(2.8mm)(HiLook STD)] Hilook - Cámara HD Bullet con Audio Dual Ligth 1080P [2MP] Lente 2.8mm [Plástico]
010236;[THC-B129-M(2.8mm)] HiLook - Cámara HD Bullet ColorVU 1080P [2MP] Lente 2.8mm [Metalico]
010216;[THC-B129-P(2.8mm)] HiLook- Cámara HD Bullet ColorVU 1080P [2MP] Lente 2.8mm [Plástico]
010446;[THC-B129-PS(2.8mm)] HiLook - Cámara HD Bullet ColorVU con Audio 1080P [2MP] Lente 2.8mm [Plástico]
010640;[THC-B140-M(2.8mm)] HiLook - Cámara Mini Bullet 2K [4MP] Lente de 2.8mm [Metalico]
010373;[THC-B150-M(2.8mm)] HiLook - Cámara HD Bullet 3K [5MP] Lente 2.8mm [Metalico]
010372;[THC-B150-P(2.8mm)] HiLook - Cámara HD Bullet 3K [5MP] Lente 2.8mm [Plástico]
010761;[THC-B157-LMS(2.8mm)] HiLook - Cámara HD Bullet con Audio Dual Light [3K] Lente 2.8mm [Metalico]
010637;[THC-B220(2.8mm)] HiLook - Cámara Bullet 1080P [2MP] Lente de 2.8mm  [Metal/Plástico]
011080;[THC-B220-M(2.8mm)(HiLook STD)] HiLook - Cámara Bullet 1080P [2MP] Lente de 2.8mm  [Metalico]
010638;[THC-B223-M(3.6mm)] HiLook - Cámara Bullet 1080P [2MP] Lente de 2.8mm [Metalico]
010251;[THC-B229-M(2.8mm)] HiLook - Cámara HD Bullet ColorVU 1080P [2MP] Lente 2.8mm [Metalico]
010445;[THC-B229-MS(2.8mm)] HiLook - Cámara HD Bullet ColorVU con Audio 1080P [2MP] Lente 2.8mm [Metalico]
010093;[THC-B320-VF(2.8-12mm)] HiLook - Cámara HD Bullet 1080P [2MP] Varifocal [Metalico]
010074;[THC-T110-P(2.8mm)] HiLook - Cámara HD Domo 720P [1MP] Lente 2.8mm [Plástico]
010092;[THC-T120-M(2.8mm)] HiLook - Cámara HD Domo 1080P [2MP] Lente 2.8mm [Metalico]
010249;[THC-T120-MC(2.8mm)] HiLook - Cámara HD Domo 1080P [2MP] Lente 2.8mm [Metalico]
010759;[THC-T120-MS(2.8mm)] HiLook - Cámara HD Domo con Audio 1080P [2MP] Lente 2.8mm [Metalico]
010107;[THC-T120-P(2.8mm)] HiLook - Cámara HD Domo 1080P [2MP] Lente 2.8mm [Plástico]
010195;[THC-T120-PC(2.8mm)] HiLook - Cámara HD Domo 1080P [2MP] Lente 2.8mm [Plástico]
010441;[THC-T120-PS(2.8mm)] HiLook - Cámara HD Domo con Audio HiLook 1080P [2MP] Lente 2.8mm [Plástico]
010760;[THC-T127-LPS(2.8mm)] HiLook - Cámara HD Domo con Audio Dual Ligth 1080P [2MP] Lente 2.8mm [Plástico]
010215;[THC-T129-M(2.8mm)] HiLook - Cámara HD Domo ColorVU 1080P [2MP] Lente 2.8mm [Metalico]
010754;[THC-T129-MS(2.8mm)] HiLook - Cámara HD Domo ColorVU con Audio 1080P [2MP] Lente 2.8mm [Metalico]
010214;[THC-T129-P(2.8mm)] HiLook - Cámara HD Domo ColorVU 1080P [2MP] Lente 2.8mm [Plástico]
010448;[THC-T129-PS(2.8mm)] HiLook - Cámara HD Domo ColorVU con Audio 1080P [2MP] Lente 2.8mm [Plástico]
010371;[THC-T150-M(2.8mm)] HiLook - Cámara HD Domo 3K [5MP] Lente 2.8mm [Metalico]
010370;[THC-T150-P(2.8mm)] HiLook - Cámara HD Domo 3K [5MP] Lente 2.8mm [Plástico]
010762;[THC-T157-LMS(2.8mm)] HiLook - Cámara HD Domo con Audio Dual Ligth [3K] Lente 2.8mm [Metalico]
010397;[THC-T229-M(2.8mm)] HiLook - Cámara HD Domo ColorVU 1080P [2MP] Lente 2.8mm [Metalico]
010447;[THC-T229-MS(2.8mm)] HiLook - Cámara HD Domo ColorVU con Audio 1080P [2MP] Lente 2.8mm [Metalico]
011179;[THC-T240-M(2.8mm)] HiLook- Cámara HD Domo [4MP] Lente 2.8mm [Metalico]
011180;[THC-T320-VF(2.8-12mm)] HiLook - Cámara HD Domo 1080P [2MP] Varifocal [Metalico]
100223;[TL-5120XEV] Pantum - Toner Negro BP5100DN BP5100DW BM5100ADN BM5100FDW 
020315;[TL-ER6020] TP-Link - Router Balanceador de Carga VPN Gigabit 2 Puertos WAN Rackeable 
021423;[TL-FC311A-20] TP-Link - Convertidor de medios Gigabit WDM
021420;[TL-FC311A-2] TP-Link - Convertidor de medios Gigabit WDM
021421;[TL-FC311B-20] TP-Link - Convertidor de medios Gigabit WDM
021422;[TL-FC311B-2] TP-Link - Convertidor de medios Gigabit WDM
020092;[TL-MR3420] TP-Link - Router Inalambrico WiFi N 3G/4G USB LTE HSPA+ HSUPA HSDPA UMetros EVDO
020313;[TL-POE10R] TP-Link - Splitter Receptor POE
021086;[TL-POE150S] TP-Link - Inyector PoE
021085;[TL-POE2412G] TP-Link - Adaptador PoE pasivo 24V
021084;[TL-POE4824G] TP-Link - Adaptador PoE Pasivo 48V
020642;[TL-SF1006P] TP-Link - Switch de Escritorio/Rack de 6 Puertos a 10/100 con 4 Puertos POE
020489;[TL-SF1009P] TP-Link - Switch de Escritorio de 9 Puertos a 10/100 Mbps con 8 Puertos POE
020436;[TL-SF1016DS] TP-Link - Switch de Escritorio/Rack de 16 Puertos a 10/100 Mbps
020036;[TL-SF1016] TP-Link - Switch para Montaje en Rack de 16 Puertos a 10/100 Mbps
020277;[TL-SF1024M] TP-Link - Switch de Escritorio de 24 Puertos a 10/100 Mbps
020035;[TL-SF1024] TP-Link - Switch para Montaje en Rack de 24 Puertos a 10/100 Mbps
020633;[TL-SG1005P] TP-Link - Switch de Escritorio de 5 Puertos Gigabit con 4 Puertos POE
020437;[TL-SG1008MP] TP-Link - Switch de Escritorio/Rack de 8 Puertos a Gigabit POE
020631;[TL-SG1016DE] TP-Link - Switch de Escritorio/Rack de 16 Puertos a Gigabit
020326;[TL-SG1016D] TP-Link - Switch de Escritorio/Rack de 16 Puertos a Gigabit
020644;[TL-SG1016PE] TP-Link - Switch Easy Smart de 16 Puertos Gigabit con 8 Puertos POE Rackeable
020175;[TL-SG1016] TP-Link - Switch para Montaje en Rack de 16 Puertos a Gigabit
020632;[TL-SG1024DE] TP-Link - Switch de Escritorio/Rack de 24 Puertos a Gigabit
020408;[TL-SG1024D] TP-Link - Switch de Escritorio/Rack de 24 Puertos a Gigabit
020160;[TL-SG1024] TP-Link - Switch para Montaje en Rack de 24 Puertos a Gigabit
020202;[TL-SG1048] TP-Link - Switch para Montaje en Rack de 48 Puertos a Gigabit 
020645;[TL-SG108PE] TP-Link - Switch de Escritorio Inteligente de 8 Puertos a Gigabit con 4 Puertos POE
020643;[TL-SG108] TP-Link - Switch de Escritorio de 8 Puertos a Gigabit 
020536;[TL-SG1210MPE] TP-Link - Switch 10 Puertos Gigabit + 8 Puertos POE 
020881;[TL-SG1210P] TP-Link - Switch de Escritorio Gigabit de 10 Puertos con PoE de 8 Puertos
020421;[TL-SG1218MPE] TP-Link - Switch Inteligente de 18 Puertos con POE de 16 Puertos Gigabit
021434;[TL-SG1218MP] TP-Link - Switch de Montaje en Bastidor Gigabit de 18 Puertos con 16 Puertos PoE +
021432;[TL-SG1428PE] TP-Link - Switch Inteligente Gigabit de 28 Puertos con PoE + de 24 Puertos
021427;[TL-SG2008P] TP-Link - Switch Inteligente JetStream Gigabit de 8 Puertos con 4 Puertos PoE+
021426;[TL-SG2016P] TP-Link - Switch Inteligente Gigabit JetStream de 16 Puertos con PoE+ de 8 Puertos
020422;[TL-SG2210MP] TP-Link - Switch Inteligente JetStream de 10 Puertos Gigabit + 8 Puertos POE [Omada]
020646;[TL-SG2210P] TP-Link - Switch de Escritorio Inteligente de 8 Puertos a Gigabit POE + 2 Puertos SFP [Omada]
021428;[TL-SG2218P] TP-Link - Switch Inteligente Gigabit JetStream de 18 Puertos con PoE+ de 16 Puertos
021430;[TL-SG2218] TP-Link - Switch Inteligente JetStream de 16 Puertos Gigabit con 2 ranuras SFP
021771;[TL-SG2428LP] TP-Link - Switch Smart Gigabit JetStream de 28 Puertos Gigabit con 16 Puertos PoE y 4 ranuras SFP [Omada]
020619;[TL-SG2428P] TP-Link - Switch Smart Gigabit JetStream de 24 Puertos PoE y 4 ranuras SFP [Omada]
020882;[TL-SG3210] TP-Link - Switch Administrable L2 de 8 Puertos Gigabit con 2 Ranuras SFP JetStream
021346;[TL-SG3428MP] TP-Link - Switch Administrable JetStream de 28 Puertos Gigabit L2 con PoE+ de 24 Puertos
021058;[TL-SG3428X] TP-Link - Switch Administrable 24 Puertos Gigabit L2+ con 4 Ranuras 10GE SFP+
020620;[TL-SG3428] TP-Link - Switch Rack 24 Puertos Admin
020883;[TL-SG3452P] TP-Link - Switch Administrable L2 de 48 Puertos Gigabit con 4 Ranuras SFP JetStream
021445;[TL-SG3452] TP-Link - Switch Administrable L2 de 48 Puertos Gigabit con 4 Ranuras SFP JetStream
020884;[TL-SL1218P] TP-Link - Switch para Montaje en Rack de 16 Puertos PoE 10/100 Mbps + 2 Puertos Gigabit
020885;[TL-SL1226P] TP-Link - Switch para Montaje en Rack de 24 Puertos PoE 10/100 Mbps + 4 Puertos Gigabit
020332;[TL-SL2428P] TP-Link - Switch Inteligente JetStream de 24 Puertos POE 10/100Mbps + 4 Puertos Gigabit [Omada]
021436;[TL-SM311LM] TP-Link - Módulo MiniGBIC
021416;[TL-SM321A-2] TP-Link - Módulo SFP bidireccional 1000Base-BX WDM
021417;[TL-SM321A] TP-Link - Módulo SFP bidireccional 1000Base-BX WDM
021419;[TL-SM321B-2] TP-Link - Módulo SFP Bidireccional 1000Base-BX WDM
021418;[TL-SM321B] TP-Link - Módulo SFP Bidireccional 1000Base-BX WDM
020118;[TL-WN822N] TP-Link - Adaptador USB Inalambrico WiFi de Alta Ganancia 300Mbps
020625;[TL-WR902AC] TP-Link - Mini Router de Viaje Inalambrico WiFi Doble Banda AC750 Sin Antena
021892;[TM-PNLZ-24-01] Siemon - Patch Panel Tera Max Blindado de 24 Puertos Modular (Vacio) Plano 1UR [Negro]
020482;[TR50] Onlink - Kit de Tornillos y Grapas M6 para Rack [50 unidades]
050754;[TRANSF-150W-CINTA] Lucerna - Transformador 150W Cinta DYNA
050753;[TRANSF-60W-CINTA] Lucerna - Transformador 60W Cinta DYNA
061340;[TROLLEY] Pecron - Carretilla Complatible con Modelos E3600LFP / E2000LFP /E1500LFP
061070;[TW10-BLACK] Fantech - Audifonos Wave 10 Inalámbricos Negro
061071;[TW10-WHITE] Fantech - Audifonos Wave 10 Inalámbricos Blanco
061115;[TW13-BLACK] Fantech - Audifonos Wave 13 Inalámbricos Negro
061116;[TW13-BLUE] Fantech - Audifonos Wave 13 Inalámbricos Azul
061313;[TW13-WHITE] Fantech -Audifonos Wave Earbuds Inalambricos [Blanco]
021894;[TX20U-NANO] TP-Link - Adaptador USB Inalambrico Nano WiFi 6 Doble Banda de Alta Ganancia AX1800
021720;[TX20U] TP-Link - Adaptador USB Inalambrico WiFi 6 Doble Banda de Alta Ganancia AX1800
020629;[TX3000E-ARCHER] TP-Link - Tarjeta Adaptador Inalambrico PCIe WiFi 6 Doble Banda AX3000 Bluetooth 5.2
020840;[U-CABLE-C6-CMP] Ubiquiti - Cable UTP Plenum UniFi CAT6 (Categoria 6) 100% Cobre 24AWG CMP Interior (Blanco) [305m/1000ft]
020841;[U-CABLE-C6-CMR] Ubiquiti - Cable UTP Riser UniFi CAT6 (Categoria 6) 100% Cobre 24AWG CMR Interior (Blanco) [305m/1000ft]
021400;[U-Cable-Patch-0.3M-RJ45-BK] Ubiquiti - UniFi Patch Cord Cable Negro [0.3 Mts]
021401;[U-Cable-Patch-0.3M-RJ45-BL] Ubiquiti - UniFi Patch Cord Cable Azul [0.3 Mts]
021399;[U-Cable-Patch-0.3M-RJ45] Ubiquiti - UniFi Patch Cord Cable Blanco [0.3 Mts]
021461;[U-Cable-Patch-1M-RJ45] Ubiquiti - UniFi Patch Cord Cable Blanco [1 Mts]
021462;[U-Cable-Patch-RJ45] Ubiquiti - UniFi Patch Cord Cable
021463;[U-POE++] Ubiquiti - Adaptador PoE 60W
020274;[U-POE-AF] Ubiquiti - Adaptador POE 48 VDC 0.32A Puerto Gigabit para Equipos UniFi [Blanco]
020863;[U-POE-AT] Ubiquiti - Adaptador PoE de 48VDC 0.65A 15W con Puerto Gigabit [Blanco]
020864;[U-PRO-MP] Ubiquiti - Montaje profesional para UAP-AC-PRO UAP-AC-HD y UAP-AC-SHD
021857;[U-PoE+] Ubiquiti - Adaptador PoE+ U-PoE+ (48V DC @ 0.65A) hasta 30W Puerto Gigabit
021856;[U-PoE] Ubiquiti - Inyector Adaptador POE UniFi U-POE (48 VDC, 0.32 A hasta 15W) Puerto Gigabit ideal para Equipos UniFi
021325;[U-Rack-6U-TL] Ubiquiti - Mini Rack sin herramientas de 6U con un panel de conexión en blanco de 24 Puertos y paño de microfibra
021037;[U6+] Ubiquiti - Punto de Acceso UniFi WiFi6 Doble Banda AX3000 (MIMO 2x2) Gigabit
021038;[U6-ENTERPRISE-IW] Ubiquiti - Punto de Acceso Enterprise WiFi6E Doble Banda (MIMO 4x4) Empotrable
020822;[U6-ENTERPRISE] Ubiquiti - Punto de Acceso UniFi WiFi6E Enterprise Multibanda [2.4/5/6 GHz] 10,2 Gb 1 Puerto RJ45 de 2.5Gb
020823;[U6-EXTENDER] Ubiquiti - Extensor de Cobertura WiFi6 Doble Banda para Equipos U6
021881;[U6-H06NB] Siemon - Jack RJ45 Cat6 Tipo 110 Montaje híbrido en Placa de Pared [Plano y Angulado] Color Azul [Unidad]
021039;[U6-IW] Ubiquiti - Punto de Acceso Enterprise WiFi6 Doble Banda (MIMO 4x4) Empotrable
021889;[U6-K06NB] Siemon - Jack RJ45 Cat6 UltraMax Color Azul Punch Down [Unidad]
020824;[U6-LITE] Ubiquiti - Punto de Acceso UniFi WiFi6 Doble Banda 802.11ax 5 GHz [MU-MIMO 2x2 y OFDMA] y 2.4 GHz [MIMO 2x2]
020825;[U6-LR] Ubiquiti - Punto de Acceso UniFi WiFi6 Long Range Doble Banda 5 GHz [4x4 MU-MIMO y OFDMA] y 2.4 GHz 4x4 MIMO
021464;[U6-Mesh-Pro] Ubiquiti - Punto de Acceso Mesh Pro WiFi6 Doble Banda (MIMO 4x4) Interior/Exterior
021040;[U6-Mesh] Ubiquiti - Punto de Acceso Mesh WiFi6 Doble Banda (MIMO 4x4) Interior/Exterior
020826;[U6-PRO] Ubiquiti - Punto de Acceso UniFi WiFi6 Pro Doble Banda 5.3 Gbps 5 GHz [MU-MIMO 4x4 y OFDMA] y 2.4 GHz [MIMO 2x2]
021755;[U7-LITE] Ubiquiti - Punto de Acceso Unifi Wi-Fi 7 Doble Banda para Interiores con Cobertura de Hasta 115 m² y Soporte para Hasta 200 Usuarios
021758;[U7-Outdoor] Ubiquiti - Punto de Acceso UniFi Wi-Fi 7 Outdoor WiFi 7 802.11be Doble Banda MU-MIMO 2x2 en Cada Banda, Puerto 2.5G Antena Sectorial Integrada 90° en 2.4 y 45° en 5 GHz Conectores para Antenas Omnidireccionales (incluidas) (No incluye inyector POE)
021760;[U7-PRO-Wall] Ubiquiti - Punto de Acceso Wi-Fi 7 Con Diseño de Pared Tribanda en 2.4, 5 y 6 GHz Hasta 10.688 Gbps Puerto Ethernet 1/2.5 GbE 300+ Clientes Simultáneos
021396;[U7-Pro-Max] Ubiquiti - Punto de Acceso WiFi-7 Triple Banda con Puerto 2.5G Ethernet
021372;[U7-Pro-US] Ubiquiti - Punto de Acceso UniFi Wi-Fi 7 Pro Soporta 6 GHz para Interior en Techo o Pared 6 streams MU-MIMO 2x2 en Cada Banda (2.4/5/6 GHz) Multi-Link Operation Puerto 2.5 GbE (NO incluye POE+)
021865;[U7-Pro-XG-B] Ubiquiti - Punto de Acceso WiFi-7 PoE+ Triple Banda con Puerto Multi-Gig 10/5/2.5/1 GbE Cobertura de 140 Metros (6 dBi en 6 GHz - 5 dBi en 5 GHz - 4 dBi en 2.4 GHz) [Negro]
021868;[U7-Pro-XGS-B] Ubiquiti - Punto de Acceso WiFi-7 de 8 Flujos PoE++ Triple Banda con Puerto Multi-Gig 10/5/2.5/1 GbE Cobertura de 160 Metros (6 dBi en 6 GHz - 6 dBi en 5 GHz - 4 dBi en 2.4 GHz) [Negro]
021867;[U7-Pro-XGS] Ubiquiti - Punto de Acceso WiFi-7 de 8 Flujos PoE++ Triple Banda con Puerto Multi-Gig 10/5/2.5/1 GbE Cobertura de 160 Metros (6 dBi en 6 GHz - 6 dBi en 5 GHz - 4 dBi en 2.4 GHz) [Blanco]
021864;[U7-Pro-XG] Ubiquiti - Punto de Acceso WiFi-7 PoE+ Triple Banda con Puerto Multi-Gig 10/5/2.5/1 GbE Cobertura de 140 Metros (6 dBi en 6 GHz - 5 dBi en 5 GHz - 4 dBi en 2.4 GHz) [Blanco]
021395;[U7-Pro] Ubiquiti - Punto de Acceso Wifi-7 con 3 Radios Compatible con 6Ghz hasta 140m2 de Cobertura
090262;[UA-CARD] Ubiquiti - Tarjetas NFC para UniFi Access Multicapa de Encriptación Compatibles con Lectores UA-LITE/UA-G2/UA-G2-PRO [20Pack]
021165;[UA-Hub] Ubiquiti - UniFi Access Hub para Control de una Puerta Única
090264;"[UA-Intercom-Viewer-3] Ubiquiti - UniFi Intercom Viewer Monitor que se Vincula a UA-INTERCOM Pantalla Táctil de 5"" POE Montaje en Pared [3 Unidades]"
090263;"[UA-Intercom] Ubiquiti - UniFi Intercom Lector NFC y QR Pantalla táctil 7"" Cámara, Bocina y Micrófono IP65 Interior/Exterior"
090221;[UA-Lock-Electric] Ubiquiti - Cerradura eléctrica para conectar a UniFi Access Hub Soporta hasta 1200 kg
020839;[UA-READER-LITE] Ubiquiti - UniFi Escáner de Acceso a Puertas Compatible con Lector NFC y Desbloqueo de Puertas con Movimiento Manual
090265;[UA-Ultra] Ubiquiti - UniFi Access Ultra Lector de NFC y Movimiento para Abrir una Puerta Incluye Conexiones Cerradura Magnética No Requiere HUB
021566;[UACC-AE] Ubiquiti - Módulo de Medios de Fibra a Cobre Ethernet Activo SFP/RJ45 PoE de 1 Gbps
021465;[UACC-AOC-SFP10-10M] Ubiquiti - Cable de Conexión Directa DAC de 10 metros SFP+ 1/10Gbps
020827;[UACC-CABLE-C5E-OUTDOOR-PRO-305M-W] Ubiquiti - Cable UTP CAT5e (Categoria 5e) 100% Cobre 24AWG Exterior (Blanco) [305m/1000ft]
021329;[UACC-CM-RJ45-MG] Ubiquiti - Módulo transceptor de cobre 10Gbps SFP+ 10GBASE-T 30m CAT6a/CAT7 RJ45
021570;[UACC-Cable-Patch-EL-0.15M-W-24] Ubiquiti - Patchcords UniFi Etherlighting de 15 cm hasta 2.5G Conector RJ45 Transparente para Mejores Efectos de Luz con Switches USW PRO MAX [24 Unidades]
021466;[UACC-Cable-Patch-EL-0.15M-W] Ubiquiti - UniFi UniFi Etherlighting Patch Cord Cable Conector RJ45 Translucido [15 cm]
021337;[UACC-DAC-SFP10-3M] Ubiquiti - Cable de conexión directa SFP+ de 10Gbs de 3 metros
021858;[UACC-DAC-SFP28-1M] Ubiquiti - Transceptor de Fibra Óptica Multimodo SFP28 hasta 25 Gbps con 2 Conectores LC hasta 100 mts
021338;[UACC-DAC-SFP28-3M] Ubiquiti - Cable de conexión directa SFP+ de 25 Gbps de 3 metros
090266;[UACC-Display-FM] Ubiquiti - Montaje Empotrado para Pantalla UniFi Connect
090267;[UACC-Display-SM] Ubiquiti - Montaje en Superficie para Pantalla UniFi Connect
021568;[UACC-FIBER-SR-KIT] Ubiquiti - Caja Resistente a los rayos U para montaje en Poste o Pared con Carrete Desmontable para Organizar y Reducir la Tensión Física del Cableado
021569;[UACC-FM] Ubiquiti - Soporte de Pared Magnético para Unifi Express y Gateway Lite
061605;"[UACC-HDD-E-16TB] Ubiquiti - Disco Duro SATA 3.5"" HDD 16Tb de Nivel Empresarial (Enterprise) Ideal para Sistemas NAS y de Seguridad de Cámaras UniFi con uso Intensivo de Almacenamiento"
061604;"[UACC-HDD-E-24TB] Ubiquiti - Disco Duro SATA 3.5"" HDD 24Tb de Nivel Empresarial (Enterprise) Ideal para Sistemas NAS y de Seguridad de Cámaras UniFi con uso Intensivo de Almacenamiento"
061495;"[UACC-HDD-E-8TB] Ubiquiti - Disco Duro SATA Enterprise 3.5"" HDD 8 TB de Nivel Empresarial Ideal para Sistemas NAS y de Seguridad de Cámaras UniFi con Uso Intensivo de Almacenamiento"
090268;[UACC-Intercom-FM] Ubiquiti - Accesorio de Montaje Empotrado UniFi Access Intercom
090269;[UACC-Intercom-SAM] Ubiquiti - Accesorio de Montaje en Ángulo de Superficie UniFi Access Intercom
090270;[UACC-Intercom-Sunshield] Ubiquiti - Accesorio de Parasol UniFi Access Intercom
021860;[UACC-Keystone-Blank-Insert] Ubiquiti - Tapa Ciega para Panel de Parcheo Tipo Keystone [24 Unidades]
021861;[UACC-Keystone-Coupler-C6A] Ubiquiti - Conector Keystone Jack Coupler Cat6a (Categoria 6a) de Acero Inoxidable [Plateado] [12 Unidades]
021863;[UACC-Keystone-Jack-C6A] Ubiquiti - Conector Keystone Jack Coupler Cat6a (Categoria 6a) de Aleación de Zinc [Plateado] [12 Unidades]
021862;[UACC-Keystone-Jack-C6] Ubiquiti - Conector Keystone Jack Coupler Cat6 (Categoria 6) de Policarbonato [Blanco] [12 Unidades]
020828;[UACC-LRE] Ubiquiti - Repetidor Ethernet de Largo Alcance
021397;[UACC-OFC-SM-PATCH-UPC-APC] Ubiquiti - Fiber PatchCord Cable UPC/APC [1.5 Mts]
021167;[UACC-OM-MM-10G-D-20] Ubiquiti - UFiber Módulo SFP+ 10G Transceptor MiniGibic MultiModo 10Gbps Hasta 300 Metros Conectores LC [20 Unidades]
020829;[UACC-OM-MM-10G-D-2] Ubiquiti - UFiber Módulo SFP+ 10G Transceptor MiniGibic MultiModo 10Gbps Hasta 300 Metros Conectores LC [2 Unidades]
020830;[UACC-OM-MM-10G-D] Ubiquiti - UFiber Módulo SFP+ 10G Transceptor MiniGibic MultiModo 10Gbps Hasta 300 Metros Conectores LC [1 Unidad]
021398;[UACC-OM-MM-1G-D-20] Ubiquiti - UFiber Módulo SFP Transceptor MiniGibic MultiModo 1.25 Gbps Distancia 550m Conectores LC [20 Unidades]
020831;[UACC-OM-MM-1G-D-2] Ubiquiti - UFiber Módulo SFP Transceptor MiniGibic MultiModo 1.25Gbps Hasta 550 Metros Conectores LC [2 Unidades]
020832;[UACC-OM-MM-1G-D] Ubiquiti - UFiber Módulo SFP Transceptor MiniGibic MultiModo 1.25Gbps Hasta 550 Metros Conectores LC 
020833;[UACC-OM-SFP28-SR] Ubiquiti - Transceptor de Fibra Optica Multimodo SFP28 hasta 25Gbps con 2 conectores LC Hasta 100 Metros [1 Unidad]
021467;[UACC-OM-SM-10G-D-2] Ubiquiti - UFiber Módulo SFP+ 10G Transceptor MiniGibic MonoModo 10 Gbps Distancia 10 km Conectores LC [2 Unidades]
021468;[UACC-OM-SM-10G-S-2] Ubiquiti - UFiber Módulo SFP+ Transceptor MiniGibic MonoModo 10 Gbps Distancia 10 km Conector LC [2 Unidades]
021321;[UACC-OM-SM-1G-S-20] Ubiquiti - UFiber Módulo SFP Transceptor MiniGibic MonoModo 1.25 Gbps Distancia 3k Conector LC [20 Unidades]
021469;[UACC-OM-SM-1G-S-2] Ubiquiti - UFiber Módulo SFP Transceptor MiniGibic MonoModo 1.25 Gbps Distancia 3k Conector LC [2 Unidades]
020834;[UACC-OM-SM-1G-S] Ubiquiti - UFiber Módulo SFP Transceptor MiniGibic MonoModo 1.25 Gbps Distancia 3k Conector LC [1 Unidad]
021470;[UACC-Pro-AP-AM] Ubiquiti - Soporte de Pared para U6 Pro y AC Pro
021757;[UACC-RJ45-COUPLER-C6A-OUTDOOR] Ubiquiti - Conector Keystone Jack Coupler RJ45 Cat6A Para Exteriores [2 Uniades]
021756;[UACC-RJ45-COUPLER-C6A] Ubiquiti - Conector Keystone Jack Coupler RJ45 Cat6A Interior [10 Unidades]
021859;[UACC-RJ45-Cover] Ubiquiti - Cubierta de Polvo RJ45 [24 Unidades]
021471;[UACC-Rack-Panel-Blank-1U] Ubiquiti - Panel OCD de Montaje en Rack 1U Liso
021472;[UACC-Rack-Panel-Blank-2U] Ubiquiti - Panel OCD de Montaje en Rack 2U Liso
021473;[UACC-Rack-Panel-Brush-1U] Ubiquiti - Panel OCD de Montaje en Rack 1U Cepillo
021335;[UACC-Rack-Panel-Patch-Blank-24] Ubiquiti - Patch Panel sin couplers para montaje en rack de 24 Puertos
021474;[UACC-Rack-Panel-Vented-1U] Ubiquiti - Panel OCD de Montaje en Rack 1U Ventilado
021475;[UACC-Rack-Panel-Vented-2U] Ubiquiti - Panel OCD de Montaje en Rack 2U Ventilado
021476;[UACC-UK-Ultra-Omni-Antenna] Ubiquiti - Antenas Omnidireccionales y Stand para AP UK-ULTRA (no incluido) Incluye 2 Antenas Dual-band de 3 dBi en 2.4 Ghz y 4 dBi en 5 Ghz
021477;[UACC-Uplink-SFP28-3M] Ubiquiti - Cable de Enlace Ascendente de Conexión Directa [3 Mts]
021567;[UACC-WAVE-AP-MICRO-MOUNT] Ubiquiti - Soporte de Poste Admite hasta 4 Wave AP Micros para una Difusión Completa a 360
020835;[UAP-AC-HD] Ubiquiti - Punto de Acceso UniFi HD 802.11ac Wave 2 MU-MIMO 4X4 hasta 500 usuarios WiFi
020916;[UAP-AC-IW] Ubiquiti - Punto de Acceso UniFI Doble Banda Cobertura 180 Grados MI-MO 2x2 hasta 100 Usuarios WiFi
021041;[UAP-AC-LITE-5] Ubiquiti - Punto de Acceso UniFi Doble Banda para Interior [5 Unidades]
020270;[UAP-AC-LITE] Ubiquiti - Punto de Acceso UniFi Doble Banda para Interior
020211;[UAP-AC-LR] Ubiquiti - Punto de Acceso UniFi Doble Banda para Interior
021042;[UAP-AC-M-5] Ubiquiti - Punto de Acceso UniFi MESH Doble Banda para Exterior2.4/5 GHz [5 Unidades]
021166;[UAP-AC-M-PRO-5] Ubiquiti - Punto de Acceso UniFi para Mesh en exterior Antena Integrada 360 Grados 802.11ac MIMO 3X3 [5 Unidades]
020872;[UAP-AC-M-PRO] Ubiquiti - Punto de Acceso UniFi para Mesh en exterior Antena Integrada 360 Grados 802.11ac MIMO 3X3
020269;[UAP-AC-M] Ubiquiti - Punto de Acceso UniFi MESH Doble Banda para Exterior 2.4/5 GHz
020271;[UAP-AC-PRO] Ubiquiti - Punto de Acceso UniFi Doble Banda para Interior
020836;[UAP-AC-SHD] Ubiquiti - Punto de Acceso UniFi Doble Banda 802.11ac Wave 2 MU-MIMO 4X4 airView airTime hasta 500 clientes
021043;[UAP-FLEXHD] Ubiquiti - Punto de Acceso Empresarial UniFi Flex Hd Doble Banda para Interior o Exterior MU-MIMO 4X4 802,11ac Wave 2
020838;[UAP-IW-HD-JB] Ubiquiti - Caja de Conexiones en la Pared para UAP-IW-HD
020837;[UAP-IW-HD] Ubiquiti - Punto de Acceso In Wall HD MU-MIMO 4x4 Wave 2 con 5 Puertos antena Beamforming
021871;[UAP-nanoHD-3] Ubiquiti - Punto de Acceso WiFi 5 PoE UniFi 802.11ac Wave 2 MU-MIMO4X4 con Antena Beamforming hasta 1.7 Gbps para Interior PoE 802.3af Soporta 200 Clientes [3 Unidades]
020230;[UB400] TP-Link - Adaptador Nano USB Bluetooth 4.0
021044;[UBB] Ubiquiti - Kit UniFi de puente inalámbrico Gigabit+ de 60 Ghz
061169;"[UC-Display] Ubiquiti - Pantalla Táctil PoE++ Full HD de 21,5"" Diseñada para Aplicaciones de Señalización Digital Interactiva."
061267;[UC310-128G-RBK] Adata - Memoria Pendrive USB DashDrive UC310 128GB USB 3.2 [Negro]
061268;[UC310-64G-RBK] Adata - Memoria Pendrive USB DashDrive UC310 64GB USB 3.2 [Negro]
061269;[UC310-64G-RWH] Adata - Memoria Pendrive USB DashDrive UC310 64GB USB 3.2 [Blanco]
020626;[UC400] TP-Link - Adaptador USB-C 3.0 Super Rápido a Adaptador USB-A
021776;[UCG-Max] Ubiquiti - UniFi Cloud Gateway Router MultiWAN para Balanceo Failover Integra UniFi Network para Administrar hasta 30 Dispositivos UniFi (1) puerto WAN 2.5 GbE y (4) puertos LAN GbE
021344;[UCG-Ultra] Ubiquiti - UniFi Cloud Gateway Router MultiWAN para Balanceo Failover Integra UniFi Network para Administrar hasta 30 Dispositivos UniFi (1) puerto WAN 1/2.5 GbE y (4) puertos LAN GbE
020842;[UCK-G2-PLUS] Ubiquiti - UniFi OS Console Cloud Key Gen2 PLUS hasta 50 dispositivos y 20 cámaras UniFi HD 1Tb
021478;[UCK-G2-SSD] Ubiquiti - UniFi OS Console Cloud Key Gen2 PLUS SSD Administra Todas las Líneas UniFi Memoria SSD 1TB Gestione desde Internet o App Móvil Pantalla Informativa Alimentación POE af o Adaptador de Corriente (NO incluidos)
021168;[UCK-G2] Ubiquiti - UniFi Cloud Key Gen2 para gestionar dispositivos UniFi, portal cautivo, alertas, configura vía remota, etc.
021480;[UDB-Pro] Ubiquiti - Puente Inalámbrico de 5 GHz con Salida PoE Distancia de hasta 5+ km o Enlaces Ascendentes sin Problemas a UniFi WiFi.
021479;[UDB] Ubiquiti - Adaptador PoE de Puente Inalámbrico Plug-and-Play con UniFi WiFi Auto-Link Integrado
021402;"[UDM-Pro-Max] Ubiquiti - UniFi OS Console Dream Machine PRO MAX Administra hasta 200 dispositivos UniFi 128 GB SSD Integrados Pantalla Táctil 1.3"""
020844;[UDM-Pro] Ubiquiti - UniFi OS Console Dream Machine Pro 1 Puerto WAN Gigabit RJ45 1 Puerto WAN 10G SFP+ 8 Puertos LAN Gigabit RJ45 UniFi
020845;[UDM-SE] Ubiquiti - UniFi Dream Machine Special Edition 8 Puertos LAN RJ45 con POE 1 LAN SFP+ 1 WAN 2.5G RJ45 y 1 WAN SFP+ 128Gb UniFi
020843;[UDM] Ubiquiti - UniFi Dream Machine WiFi AP Wave 2 MU-MIMO 4x4 Switch de 4 Puertos Router Security Gateway y Controlador UniFi
021759;[UDR7] Ubiquiti -  Dream Router 7 Cloud Gateway de 10G de Escritorio con Wi-Fi 7 Integrado Switch de 4 Puertos Almacenamiento microSD y Compatibilidad Total con Full Stack UniFi
020846;[UDR] Ubiquiti - UniFi Dream Router con WiFi6 4 Puertos LAN Gigabitco con 2 POE 802.3af UniFi Pantalla LCD
021328;[UDW] Ubiquiti - Dream Wall Cloud Gateway 10G Diseñado para Montaje en Pared con WiFi 6 Integrado Switch PoE de Alta Potencia y Compatibilidad Total con Aplicaciones UniFi
020616;[UE200] TP-Link - Adaptador de Red USB 2.0 a Ethernet a 100Mbps
020529;[UE300C] TP-Link - Adaptador Red USB Type-C a RJ45
020540;[UE300] TP-Link - Adaptador de Red USB 3.0 a Ethernet Gigabit
020755;[UE330] TP-Link - Adaptador USB 2 en 1 con Hub de 3 Puertos USB 3.0 y Adaptador Ethernet Gigabit
021322;[UF-ADAPTER-APC-50] Ubiquiti - UFiber Módulo Acoplador de Fibra Optica Simplex SC/APC a SC/APC Monomodo [50 Unidades]
020847;[UF-ADAPTER-APC] Ubiquiti - UFiber Módulo Acoplador de Fibra Optica Simplex SC/APC a SC/APC Monomodo
020917;[UF-GP-C+] Ubiquiti - UFiber Módulo GPON C+ SFP para UFiber OL, hasta 128 UF-Nano por Puerto GPON
020848;[UF-LOCO] Ubiquiti - UFiber Loco GPON ONU Unidad de Red Optica con 1 Puerto WAN GPON [SC/APC] + 1 Puerto LAN Gigabit Ethernet
020849;[UF-NANO] Ubiquiti - UFiber GPON ONU Unidad de Red Optica con 1 Puerto WAN GPON [SC/APC] + 1 Puerto LAN Gigabit Ethernet
020851;[UF-OLT-4] Ubiquiti - UFiber GPON OLT Terminal de Línea Optica hasta 512 ONUs concurrentes 4 Puertos SFP GPON + 1 Puertos SFP+ 10G
020850;[UF-OLT] Ubiquiti - UFiber GPON OLT Terminal de Línea Optica hasta 1024 ONUs concurrentes 8 Puertos SFP GPON + 2 Puertos SFP+ 10G
020920;[UF-RJ45-1G] Ubiquiti - UFiber Módulo Ethernet RJ45 a SFP 10/100/1000 Mbps hasta 100 Metros
020852;[UF-SM-PATCH-UPC-APC] Ubiquiti - UFiber Patch Cord Cable Simplex UPC/APC SM G.657A1 Fibra [1.5 metros]
020853;[UF-SPLITTER-16] Ubiquiti - UFiber Splitter [Divisor Optico] PLC 1 x 16 con conectores SC/APC
020854;[UF-SPLITTER-32] Ubiquiti - UFiber Splitter [Divisor Optico] PLC 1 x 32 con conectores SC/APC
020855;[UF-SPLITTER-4] Ubiquiti - UFiber Splitter [Divisor Optico] PLC 1 x 4 con conectores SC/APC
020856;[UF-SPLITTER-8] Ubiquiti - UFiber Splitter [Divisor Optico] PLC 1 x 8 con conectores SC/APC
020857;[UF-TERMINAL-BOX] Ubiquiti - Caja de Terminales Exterior UFiber
020923;[UF-WIFI] Ubiquiti - UFiber WiFi 802.11n GPON ONU Unidad de red óptica con 1 Puerto WAN GPON [SC/APC] + 4 Puertos LAN Gigabit Ethernet
050688;[UFO-100W] Lucerna - Lampara LED UFO 100W 6500K Luz Fria 100lm 100V - 277V 
050687;[UFO-200W] Lucerna - Lampara LED UFO 200W 6500K Luz Fria 100lm 100V - 277V 
020150;[UH400] TP-Link - Hub USB USB 3.0
020874;[UH700] TP-Link - Hub de 7 Puertos USB 3.0
021678;[UH720] TP-Link - Hub 7 Puertos con dos Puertos de carga USB 3.0
100142;[UI100K-1LT] Maxiprint - Tinta Universal 1lt Negro UI1LK
100143;[UI1LC-1LT] Maxiprint - Tinta Universal 1lt Cyan UI1LC
100145;[UI1LM-1LT] Maxiprint - Tinta Universal 1lt Magenta UI1LM
100144;[UI1LY-1LT] Maxiprint - Tinta Universal 1lt Amarillo UI1LY
021045;[UISP-BOX] Ubiquiti - Gabinete Exterior para Routers y Switches UISP
020858;[UISP-CABLE-CARRIER] Ubiquiti - UISP Cable Carrier CAT5e (Categoria 5e) 100% Cobre 24AWG Exterior [305m/1000ft]
020859;[UISP-CABLE-PRO] Ubiquiti - UISP Cable Pro CAT5e (Categoria 5e) 100% Cobre 24AWG Exterior [305m/1000ft]
021403;[UISP-Connector-SHD] Ubiquiti - Conector de protección contra sobretensiones RJ45  [100 Unidades]
020860;[UISP-DISH] Ubiquiti - UISP Dish Antena [PtP] de Plato de 30 dBi Rango de Frecuencia extendido de [5.15 a 6.87Ghz]
020861;[UISP-HORN] Ubiquiti - Antena de Bocina Punto a Multipunto PtMP de 19.5 dBi Rango de Frecuencia extendido de [5.15 a 6.87Ghz]
021336;[UISP-P-Pro] Ubiquiti - Sistema de Gestión de Energía Ininterrumpida Diseñado para Soportar Sitios de Implementación WISP de Alta Capacidad
021046;[UISP-R] Ubiquiti - UISP Router Gigabit PoE Pasivo con 8 Puertos para Implementaciones MicroPoP y Redes Seguras
021047;[UISP-S] Ubiquiti - Switch de 8 Puertos Gigabit con PoE pasivo de 27V y 1 Puerto SFP
021332;[UK-Ultra] Ubiquiti - Punto de Acceso UniFi Navaja Suiza WiFi 5 MU-MIMO 2x2 Antena Omnidireccional Integrada (2) Conectores RP-SMA para Antenas Externas para Interior o Exterior (IPX6)
020862;[UMA-D] Ubiquiti - Antena Sectorial Simétrica UniFi Doble Banda de 90 Grados en 2.4 GHz 10 dBi y 45 Grados en 5 GHz 15dBi
021761;[UMR-Ultra] Ubiquiti - Router Móvil LTE Gestionado Ultra Compacto con Wifi Integrado para despliegues IoT
061608;"[UNAS-Pro] Ubiquiti - UNAS Pro Servidor de Almacenamiento en Red de 2U Rack con (7) Bahías para HDD/SSD de 2.5/3.5"" con 1 Puerto Gb y 1 Puerto SFP+ 10G"
011126;[UNVR-Pro] Ubiquiti - NVR PRO UniFi Protect con Bahía para 7 Discos Duros Almacena hasta 20 Cámaras 4k o 60 Cámaras 1080p Pantalla Táctil
010774;[UNVR] Ubiquiti - NVR Empresarial UniFi Protect de 4 Bahías de Disco Duro Recomendado para hasta 50 Cámaras Full HD
061607;[UP-AI-Horn-Speaker-B] Ubiquiti - Corneta UniFi Protect AI Horn Altavoz IP 120 dB PoE+ Alerta AI Avanzada Montaje Pared Esquina y Poste IP66 [Negro]
061606;[UP-AI-Horn-Speaker-W] Ubiquiti - Corneta UniFi Protect AI Horn Altavoz IP 120 dB PoE+ Alerta AI Avanzada Montaje Pared Esquina y Poste IP66 [Blanco]
021880;[UP6-F2-48L-RS] Siemon - Patch Panel UltraMax Precargado con Jacks Cat6 de 48 Puertos Plano 2U
061187;[UPO11-1] CDP - UPS de Torre En Linea de Doble Conversión Onda Senoidal 1000Va / 900W / 120V con Pantalla LCD 4 Salidas NEMA 5-15 [4 Salidas AVR/UPS]
061190;[UPO11-2AXI] CDP - UPS de Torre En Linea de Doble Conversión Onda Senoidal para Montaje en Piso 2000Va / 2000W / 220V con Pantalla LCD 8 Salidas IEC-C13/14
061192;[UPO11-2RT] CDP - UPS de Torre En Linea de Doble Conversión Onda Senoidal para Rack 2000Va / 1800W / 120V con Pantalla LCD 8 Salidas 5-15R
061188;[UPO11-2] CDP - UPS de Torre En Linea de Doble Conversión Onda Senoidal 2000Va / 1800W / 120V con Pantalla LCD 4 Salidas NEMA 5-15 [4 Salidas AVR/UPS]
061191;[UPO11-3AXI] CDP - UPS de Torre En Linea de Doble Conversión Onda Senoidal para Montaje en Piso 3000Va / 3000W / 220V con Pantalla LCD 8 Salidas IEC-C13/14
061193;[UPO11-3RT] CDP - UPS de Rack/Torre En Linea de Doble Conversión Onda Senoidal para Rack 3000Va / 2700W / 120V con Pantalla LCD 6 Salidas 5-15R
061189;[UPO11-3] CDP - UPS de Torre En Linea de Doble Conversión Onda Senoidal 3000Va / 2700W / 120V con Pantalla LCD 4 Salidas NEMA 5-15 [4 Salidas AVR/UPS]
061196;[UPO22-10AX] CDP - UPS de Torre En Linea de Doble Conversión Onda Senoidal para Montaje en Piso 10Kva / 10.000Va / 10.000W / 220V con Pantalla LCD 4 Salidas 5-15R
061197;[UPO22-10RTAX] CDP - UPS de Torre En Linea UL de Doble Conversión Onda Senoidal para Montaje en Piso/Rack 10Kva / 10.000Va / 10.000W / 110-300V con Pantalla LCD 4 Salidas 5-15R
061194;[UPO22-10] CDP - UPS de Torre En Linea de Doble Conversión Onda Senoidal para Montaje en Piso 10Kva / 10.000Va / 10.000W / 220V con Pantalla LCD 4 Salidas 5-15R
061198;[UPO22-15RTAX] CDP - UPS de Torre En Linea UL de Doble Conversión Onda Senoidal para Montaje en Piso/Rack 15Kva / 15.000Va / 15.000W / 110-300V con Pantalla LCD 4 Salidas 5-15R
061199;[UPO22-20RTAX] CDP - UPS de Torre En Linea UL de Doble Conversión Onda Senoidal para Montaje en Piso/Rack 20Kva / 20.000Va / 20.000W / 110-300V con Pantalla LCD 4 Salidas 5-15R
061195;[UPO22-6AX] CDP - UPS de Torre En Linea de Doble Conversión Onda Senoidal para Montaje en Piso 6Kva / 6.000Va / 6.000W / 220V con Pantalla LCD 4 Salidas 5-15R
061200;[UPO33-20HFAX] CDP - UPS de Torre Industrial En Linea UL de Doble Conversión Onda Senoidal para Montaje en Piso Trifasico 20Kva / 20.000Va / 20.000W / 120-208V con Pantalla LCD
021404;[US-8-60W-5] Ubiquiti - Switch UniFi Administrable Capa 2 de 8 Puertos Gigabit 4 Puertos Gigabit PoE 802.3af y 4 Puertos Gigabit Ethernet 60W [5 Unidades]
021412;[US-XG-6POE] Ubiquiti - Switch UniFi 7 Puertos [1 Puerto Consola + 4 Puertos PoE++ 802.3bt + 2 Puertos SFP+]
060058;[USB003] Adaptador USB a RJ45
060085;[USB004] Cable Adaptador USB 2.0 a RS232
060083;[USB005] Tarjeta USB de Sonido
020924;[USW-16-POE] Ubiquiti - UniFi Switch Gen2 Capa 2 de 16 Puertos [8 Puertos PoE 802.3af/at + 8 Puertos Gigabit] + 2 Puertos 1G SFP 42W
020865;[USW-24-POE] Ubiquiti - UniFi Switch Gen2 Capa 2 de 24 Puertos [16 Puertos PoE 802.3af/at + 8 Puertos Gigabit] + 2 Puertos 1G SFP 95W
021048;[USW-24] Ubiquiti - Switch UniFi Capa 2 de 24 Puertos 10/100/1000 Mbps + 2 Puertos 1G SFP Pantalla Informativa
020866;[USW-48-POE] Ubiquiti - UniFi Switch Capa 2 de 48 Puertos [32 Puertos PoE 802.3af/at + 16 Puertos Gigabit] + 4 Puertos 1G SFP 195W
021049;[USW-48] Ubiquiti - Switch UniFi Capa 2 de 48 Puertos (32 Puertos 802.3af/at + 16 Puertos Gigabit) + 4 Puertos 1G SFP 195W Pantalla Informativa
020867;[USW-AGGREGATION] Ubiquiti - UniFi Switch Aggregation Capa 2 Administrable 8 Puertos SFP+ de 10G
021050;[USW-ENTERPRISE-24-POE] Ubiquiti - Switch UniFi Empresarial Capa 3 de 24 Puertos PoE 802.3af/at + 2 Puertos 1/10G SFP+ 400W
020868;[USW-ENTERPRISE-XG-24] Ubiquiti - UniFi Switch Empresarial Capa 3 de 24 Puertos RJ45 de 10GbE y 2 Puertos SFP28 25G
021327;[USW-Enterprise-48-PoE] Ubiquiti - Switch Enterprise 48 PoE Conmutador PoE Multi-Gigabit de capa 3 gestionado de 48 Puertos
021366;[USW-Enterprise-8-PoE] Ubiquiti - Switch Enterprise 8 PoE Conmutador PoE Multi-Gigabit de capa 3 gestionado de 8 Puertos
021405;[USW-EnterpriseXG-24] Ubiquiti - UniFi Switch Empresarial Capa 3 de 24 Puertos 10GbE + 2 Puertos 25G SFP28 100W
020869;[USW-FLEX-MINI] Ubiquiti - Switch UniFi Administrable Compacto de 5 Puertos 10/100/1000 Mbps
020870;[USW-FLEX-UTILITY] Ubiquiti - Kit Adaptador para Switch Resistente para Exterior de Montaje en Poste
020871;[USW-FLEX-XG] Ubiquiti - Switch UniFi FLEX de 5 Puertos para Exterior IP55 [1 x PoE de entrada 802.3af/at/bt y 4 Puertos PoE de salida 802.3af]
021051;[USW-FLEX] Ubiquiti - Switch GigaBit PoE de 5 Puertos para Interiores / Exteriores con Soporte de Alimentación de Entrada 802,3bt
021406;[USW-Flex-Mini-3] Ubiquiti - Switch UniFi Administrable Compacto de 5 Puertos 10/100/1000 Mbps Soporta Entrada de PoE 802.3af/at [3 Unidades]
021052;[USW-LITE-16-POE] Ubiquiti - Switch UniFi Lite Administrable PoE de 16 Puertos 10/100/1000 Mbps (8Puertos 802,03af/at), 45 W
021407;[USW-Lite-8-POE] Ubiquiti - Switch UniFi Lite Administrable PoE de 8 Puertos 10/100/1000 Mbps 4 Puertos 802.3af/at 52W
021053;[USW-PRO-24-POE] Ubiquiti - Switch UnifFi Capa 3 Gigabit de 24 Puertos PoE 802,3at/bt + 2 Puertos 1/10G SFP
021054;[USW-PRO-48-POE] Ubiquiti - Switch UniFi Profesional 48 Puertos gigabit Capa 3
020925;[USW-PRO-48] Ubiquiti - UniFi Switch Capa 3 de 48 Puertos Gigabit RJ45 + 4 Puertos 1/10G SFP+
021055;[USW-PRO-AGGREGATION] Ubiquiti - Switch UniFi Pro Aggregation Capa 3 para Fibra Optica 28 Puertos SFP+ (10G) y 4 Puertos SFP28 (25G)
021762;[USW-PRO-HD-24] Ubiquiti -  Switch Pro de 24 Puertos de Alta Densidad Conmutador de capa 3 Incluye 2 puertos 10 GbE 22 puertos 2,5 GbE y 4 puertos SFP+ 10G
021481;[USW-PRO-MAX-24-POE] Ubiquiti - UniFi Switch Pro Max 24 POE 24 Puertos (8 Puertos POE++ 2.5 GbE y 16 Puertos GbE POE+) 2 Puertos SFP+ 10G 400W Pantalla Táctil
021410;[USW-PRO-MAX-24] Ubiquiti - UniFi Switch Pro Max  24 Puertos [8 Puertos 2.5 GbE + 16 Puertos GbE + 2 Puertos SFP+ 10G] 50W
021411;[USW-PRO-MAX-48] Ubiquiti - UniFi Switch Pro Max 48 con Funciones Capa 3 48 Puertos [16 Puertos 2.5 GbE + 32 Puertos 1 GbE + 2 Puertos SFP+ 10G] 100W
021482;[USW-PRO-Max-48-PoE] Ubiquiti - UniFi Switch Pro Max 48 POE con Funciones Capa 3 48 Puertos (16 Puertos 2.5 GbE y 32 Puertos 1 GbE)  2 Puertos SFP+ 10G, POE++ 720W Pantalla Informativa
021342;[USW-Pro-24] Ubiquiti - Switch Capa 3 de 24 Puertos Gigabit y 2 Puertos SFP+
021408;[USW-Pro-8-PoE] Ubiquiti - Switch Capa 3 de 8 Puertos con Salida PoE+ y PoE++ [6 Puertos GbE PoE+ + 2 Puertos GbE PoE++ + 2 Puertos 10G SFP+] 120W
021874;[USW-Pro-HD-24-PoE] Ubiquiti - Switch Pro HD UniFi Capa 3 24 Puertos Etherlighting POE++ 22 Puertos 2.5 GbE 2 Puertos 10GbE todos POE++ 4 Puertos 10G SFP+ 600W
021872;[USW-Pro-Max-16-PoE] Ubiquiti - Switch Pro Max UniFi 16 Puertos PoE con Funciones Capa 3 16 Puertos EtherLight RGB 4 Puertos 2.5 GbE POE++ y 12 Ouertos GbE POE+ 2 Puertos SFP+ 10G con Pantalla Táctil Informativa hasta 180W
021409;[USW-Pro-Max-16] Ubiquiti - UniFi Switch Pro Max con funciones Capa 3 16 Puertos GbE EtherLight (4 Puertos 2.5 GbE  + 12 Puertos 1 GbE + 2 Puertos de fibra SFP+ 10G] 25W
021878;[USW-Pro-XG-48-PoE] Ubiquiti - Switch Etherlighting PoE+++ de Capa 3 de 48 Puertos de Nivel Profesional con 32 Puertos 10 GbE 16 Puertos PoE 2,5 GbE y 4 Puertos SFP28 de 25 G
021877;[USW-Pro-XG-48] Ubiquiti - Switch UniFi Capa 3 de 48 Puertos 16 Puertos 2.5 GbE 32 Puertos 10 GbE + 4 Puertos 25G SFP28 Pantalla Informativa
021873;[USW-Pro-XG-8-PoE] Ubiquiti - Switch PoE++ USW Pro XG 8 Puertos PoE Switch Capa 3 Etherlighting de 8 Puertos 10GbE (Todos PoE++) y 2 Puertos SFP+ con Disponibilidad PoE de 155W
021343;[USW-Ultra-210W] Ubiquiti - Switch PoE compacto capa 2, 8 Puertos GbE (7 con salida PoE+ y 1 con entrada PoE++)
021484;[USW-Ultra-60W] Ubiquiti - UniFi Switch Ultra 60W Administrable 8 Puertos GbE (1) Puerto POE++ IN opcional y (7) Puertos POE+ Incluye Fuente AC hasta 62W para POE
021483;[USW-Ultra] Ubiquiti - UniFi Switch Ultra Administrable 8 Puertos GbE (1) Puerto POE++ IN y (7) Puertos POE+ hasta 42W No incluye fuente/inyector
021866;[USW-WAN] Ubiquiti - Switch WAN de 10G SFP+ que enlaza dos UniFi Gateways en modo sombra hacia un único proveedor de Internet (ISP)
090339;"[UTP-G3-Touch-Wall] Ubiquiti - Teléfono VoIP Inteligente para Montaje en Pared Sistema UniFi Talk Pantalla Táctil HD de 7"" Integra Aplicaciones como UniFi Access y UniFi Protect"
021731;[UTP28SP10BU] Panduit - Patch Cord UTP CAT6 (Categoria 6) (Azul) 28 AWG Pan-Net [10ft/3M] [Unidad]
021754;[UTP28SP3BU] Panduit - Patch Cord UTP CAT6 (Categoria 6) (Azul) 28 AWG Pan-Net [3ft/1M] [Unidad]
021234;[UTP28SP7BU] Panduit - Patch Cord UTP CAT6 (Categoria 6) (Azul) 24 AWG Pan-Net [7ft/2M] [Unidad]
021851;[UTP28SP8INBU] Panduit - Patch Cord UTP CAT6 (Categoria 6) (Azul) 28 AWG Pan-Net [0,65ft/0,2M] [Unidad]
021786;[UTP28X3MBU] Panduit - Patch Cord UTP CAT6A (Categoria 6A) (Azul) 28 AWG Pan-Net [9,84ft/3M] [Unidad]
021785;[UTP28X7BU] Panduit - Patch Cord UTP CAT6A (Categoria 6A) (Azul) 28 AWG Pan-Net [7ft/2M] [Unidad]
021014;[UTP6AX3BU] Panduit - Patch Cord UTP CAT6A (Categoria 6A) (Azul) 24 AWG Pan-Net [3ft/0,90M] [Unidad]
020711;[UTP6AX7BU] Panduit - Patch Cord UTP CAT6A (Categoria 6A) (Azul) 24 AWG Pan-Net [7ft/2M] [Unidad]
021669;[UTPCH10RDY] Panduit - Patch Cord UTP CAT5e (Categoria 5e) Rojo 24 AWG Pan-Net [10ft/3M] [Unidad]
021666;[UTPCH3BUY] Panduit - Patch Cord UTP CAT5e (Categoria 5e) 24 AWG (Azul) [3ft/1M] [Unidad]
020712;[UTPCH7BUY] Panduit - Patch Cord UTP CAT5e (Categoria 5e) 24 AWG Pan-Net (Azul) [7ft/2M] [Unidad]
020713;[UTPCH7RDY] Panduit - Patch Cord UTP CAT5e (Categoria 5e) Rojo 24 AWG Pan-Net [7ft/2M] [Unidad]
021732;[UTPSP10BUY] Panduit - Patch Cord UTP CAT6 (Categoria 6) (Azul) [10ft/3M] [Unidad]
020714;[UTPSP3BUY] Panduit - Patch Cord UTP CAT6 (Categoria 6) (Azul) 24 AWG Pan-Net [3ft/1M] [Unidad]
020715;[UTPSP3RDY] Panduit - Patch Cord UTP CAT6 (Categoria 6) (Rojo) 24 AWG Pan-Net [3ft/1M] [Unidad]
020716;[UTPSP5BUY] Panduit - Patch Cord UTP CAT6 (Categoria 6) (Azul) 24 AWG Pan-Net [3ft/1.5M] [Unidad]
020717;[UTPSP5RDY] Panduit - Patch Cord UTP CAT6 (Categoria 6) (Rojo) 24 AWG Pan-Net [3ft/1.5M] [Unidad]
010429;[UVC-AI-360] Ubiquiti - Cámara Full HD de 30 FPS con Sensor CMOS de 5MP PoE Lente Ojo de Pez Ultra Gran Angular de 360 Grados
011127;[UVC-AI-PTZ-B] Ubiquiti - Cámara IP PoE++ UniFi Protect PTZ 4K [4Mp] AI Industrial Zoom Óptico 22x Visión Nocturna IR 100 Metros Reconocimiento Facial y Placas Protección IP66 Movimiento 360 [Negro]
021485;[UVC-G3-F-C] Ubiquiti - Montaje para UVC-G3-FLEX para Bajo Perfil en Falso Plafon
010666;[UVC-G3-FLEX] Ubiquiti - Cámara IP UniFi G3 1080P para Interior/Exterior 2MP con Micrófono y Vista Nocturna PoE 802.3af/at
090340;[UVC-G4 Doorbell Pro PoE Kit-White] Ubiquiti - Timbre UniFi Premium con PoE Integrado y Timbre PoE Incluido Audio Bidireccional para Instalación plug-and-play UniFi Protect iOS y Android [Blanco]
090222;[UVC-G4 Doorbell Pro PoE Kit] Ubiquiti - Timbre UniFi Premium con PoE Integrado y Timbre PoE Incluido Audio Bidireccional para Instalación plug-and-play UniFi Protect iOS y Android [Negro]
010430;[UVC-G4-PRO] Ubiquiti - Cámara IP UniFi G4 PRO Ultra HD 4K para Interior/Exterior IP67 con Micrófono y Vista Nocturna PoE 802.3af/at
010775;[UVC-G4-PTZ] Ubiquiti - Cámara PTZ con Zoom de Inclinación panorámica para exteriores 4K, 24 FPS, zoom óptico de 22x
010772;[UVC-G5-Bullet] Ubiquiti - Cámara IP UniFi G5 Bullet 2k [4Mp] 30 FPS IP55 Resistencia IK04 Micrófono Visión Nocturna IR hasta 9 mts Detecciones Inteligentes para Interior/Exterior
010871;[UVC-G5-Dome-Ultra-B] Ubiquiti - Cámara IP UniFi G5 Domo Ultra 2K (4MP) Ángulo Amplio 102.4 Visión Nocturna IR hasta 20 mts
010773;[UVC-G5-Dome] Ubiquiti - Cámara de Techo IP PoE 2K [4Mp] HD Audio Bidireccional
010872;[UVC-G5-Flex] Ubiquiti - Cámara UniFi G5 Flex 2K (4MP) HD Visión Nocturna IR hasta 6 mts
011128;[UVC-G5-PTZ-B] Ubiquiti - Cámara IP POE+ UniFi G5 PTZ 2K [4Mp] Control de Giro e Inclinación Zoom Óptico 2X Visión Nocturna IR 20 Metros Interior/Exterior [Negro]
011103;[UVC-G5-PTZ] Ubiquiti - Cámara PTZ con Zoom de Inclinación panorámica para exteriores 2K (4MP) 30 FPS, zoom óptico de 2x y Opciones deMontaje Flexibles
011125;[UVC-G5-Turret-Ultra-B] Ubiquiti - Cámara IP PoE+ 2K [4Mp] UniFi Protect G5 Turret Ultra Compacta para Exterior Ángulo 102.4 Visión Nocturna hasta 30mts Micrófono [Negro]
011051;[UVC-G5-Turret-Ultra] Ubiquiti - Cámara IP UniFi G5 Turret Ultra 2K (4MP) Ángulo Amplio 102.4 Visión Nocturna IR hasta 30 mts] Ubiquiti - Cámara IP UniFi G5 Turret Ultra 2K (4MP) Ángulo Amplio 102.4 Visión Nocturna IR hasta 30 mts
021326;[UWB-XG] Ubiquiti - Punto de Acceso WiFi UniFi Base Station XG para Exterior IP67 Alto Rendimiento en Escenarios Exigentes Tres Radios 802.11ac Wave 2 MU-MIMO 4X4 Antenas de 90 y 50 con Beamforming hasta 1500 Usuarios Puerto de 10G WiFi solo en 5 GHz
060964;[UX2X-BLACK] Fantech - Mouse Raptor Gaming [Negro]
021331;[UXG-Lite] Ubiquiti - Consola UniFi Express Gateway con 1 Puerto WAN RJ45 y 1 Puerto LAN RJ45 Ruteo Administrable a Través del Servidor UniFi Network
021486;[UXG-Max] Ubiquiti - Puerta de Enlace Max con Soporte Completo de 2.5G para Redes de Alto Rendimiento
021330;[UX] Ubiquiti - UniFi Express UX Gateway, firewall y punto de acceso todo en uno con WiFi 6
050403;[V90-IP65-6.5K] Lucerna - Lampara Vapoleta Ovalada Hermetica LED 9W 6500K Luz Fria IP65 Exteriores Borde Blanco 810lm
050405;[V90-RB-6.5K] Lucerna - Lampara Vapoleta Ovalada Hermetica LED 9W 6500K Luz Fria IP65 Exteriores Borde Blanco 810lm
050406;[V90-RN-6.5K] Lucerna - Lampara Vapoleta Ovalada Hermetica LED 9W 6500K Luz Fria IP65 Exteriores Borde Negro 810lm
050368;[VP12-IP65-6.5K] Lucerna - Lampara Vapoleta Redonda Hermetica LED 12W 6500K Luz Fria IP65 Exteriores Borde Blanco 1080lm
150022;[VP12-OVA-6.5KL] Lucerna - Lampara Vapoleta Ovalada LED 12W 6500K Luz Fria IP54 Interiores/Exteriores Borde Blanco 174mm x 87mm x 55mm
050401;[VP12-OVA-6.5KL] Lucerna - Lampara Vapoleta Ovalada LED 12W 6500K Luz Fria IP54 Interiores/Exteriores Borde Blanco 960lm
050402;[VP12-OVAL-3K] Lucerna - Lampara Vapoleta Ovalada LED 12W 3000K Luz Calida IP54 Interiores/Exteriores Borde Blanco 960lm
050364;[VP12-RED-6.5K] Lucerna - Lampara Plafon Redonda LED 12W 6500K Luz Fria IP54 Interiores/Exteriores Borde Blanco 960lm
050371;[VP18-RED-6.5K] Lucerna - Lampara Plafon Redonda LED 18W 6500K Luz Fria IP54 Interiores/Exteriores Borde Blanco 1440lm
050365;[VP25-RED-6.5K] Lucerna - Lampara Plafon Redonda LED 25W 6500K Luz Fria IP54 Interiores/Exteriores Borde Blanco 2000lm
050356;[VP6-R-6.5K] Lucerna - Lampara Vapoleta Redonda LED 6W 6500K Luz Fria IP54 Interiores/Exteriores Borde Blanco 540lm
050400;[VP8-OVAL-3K] Lucerna - Lampara Vapoleta Ovalada LED 8W 3000K Luz Calida IP54 Interiores/Exteriores Borde Blanco 640lm
050399;[VP8-OVAL-6.5K] Lucerna - Lampara Vapoleta Ovalada LED 8W 6500K Luz Fria IP54 Interiores/Exteriores Borde Blanco 640lm
050358;[VP8-RED-3K] Lucerna - Lampara Plafon Redonda LED 8W 3000K Luz Calida IP54 Interiores/Exteriores Borde Blanco 640lm
050357;[VP8-RED-6.5K] Lucerna - Lampara Plafon Redonda LED 8W 6500K Luz Fria IP54 Interiores/Exteriores Borde Blanco 640lm
050758;"[VP818RED] Lucerna - Vapoleta Redonda 18w 8"" de policarbonato resistente al agua "
020305;[VR300-ARCHER] TP-Link - Modem Router Inalambrico WiFi Doble Banda VDSL/ADSL 4 Antenas 5dBi
061152;[VX6-BLACK] Fantech - Mouse Phantom II Alámbrico [Negro]
061151;[VX6-WHITE] Fantech - Mouse Phantom II Alámbrico [Blanco]
060530;[VX7-BLACK] Fantech - Mouse Crypto Gaming [Negro]
060531;[VX7-PINK] Fantech - Mouse Crypto Gaming [Rosado]
060529;[VX7-WHITE] Fantech - Mouse Crypto Gaming [Blanco]
061571;[VX7V2-BK] Fantech - Mouse Crypto II Cableado Gaming [Negro]
061149;[VX9-BLACK] Fantech - Mouse Kanata Alámbrico [Negro]
100104;[W1103A] Maxiprint - Toner Compatible HP Negro W1103A
100091;[W1105A-C/CHIP] Maxiprint - Toner Compatible HP Negro [Con Chip] W1105A
060962;[W190-BLACK] Fantech - Mouse Silent  [Negro]
060963;[W190-WHITE] Fantech - Mouse Silent [Blanco]
061572;[W190D-BK] Fantech - Mouse Go Inalambrico [Negro]
061573;[W190D-WH] Fantech - Mouse Go Inalambrico [Blanco]
061148;[W191-BLACK] Fantech - Mouse Go Inalámbrico [Negro]
100189;[W2110A] HP - Toner Original Negro
100186;[W2111A] HP - Toner Original Cyan
100187;[W2112A] HP - Toner Original Yellow
100188;[W2113A] HP - Toner Original Magenta
061574;[W606-BK] Fantech - Mouse Go Inalambrico [Negro]
061575;[W606-BL] Fantech - Mouse Go Inalambrico [Azul]
061576;[W606-WH] Fantech - Mouse Go Inalambrico [Blanco]
061316;[W608-BK] Fantech -Mouse GO Inalambrico [Negro]
061577;[W609-BK] Fantech - Mouse GO Inalambrico [Negro]
061318;[W609-PR] Fantech -Mouse GO Inalambrico [Purpura]
061317;[W609-WH] Fantech -Mouse GO Inalambrico [Blanco]
060773;"[WD101PURP] Western Digital - Disco Duro Purple SATA III 10Tb 7200 rpm Cache 256Mb 3.5"" Videovigilancia"
061285;[WD102KFBX] Western Digital - Disco Duro RED 10TB SATA3 256MB 7200 RED NAS PRO
061163;"[WD102PURX-78] Western Digital - Disco Duro Interno Purple 10TB 7200 rpm Cache 256Mb 3.5"" Videovigilancia"
060202;"[WD10PURZ] Western Digital - Disco Duro Purple SATA III 1Tb 5400 rpm Cache 64Mb 3.5"" Videovigilancia"
060917;"[WD11PURZ] Western Digital - Disco Duro Interno Purple 1TB 5400 rpm Cache 64Mb 3.5"" Videovigilancia"
060774;"[WD121PURP] Western Digital - Disco Duro Purple SATA III 12Tb 7200 rpm Cache 256Mb 3.5"" Videovigilancia"
060775;"[WD141PURP] Western Digital - Disco Duro Purple SATA III 14Tb 7200 rpm Cache 512Mb 3.5"" Videovigilancia"
061286;[WD142KFGX] Western Digital - Disco Duro RED PRO 14TB SATA3  512MB 7200 RED NAS PRO
060769;"[WD22PURZ] Western Digital - Disco Duro Purple SATA III 2Tb 5400 rpm Cache 256Mb 3.5"" Videovigilancia"
060918;"[WD23PURZ] Western Digital - Disco Duro Interno Purple 2TB 5400 rpm Cache 64Mb 3.5"" Videovigilancia"
060770;"[WD42PURZ] Western Digital - Disco Duro Purple SATA III 4Tb 5400 rpm Cache 64Mb 3.5"" Videovigilancia"
060919;"[WD43PURZ] Western Digital - Disco Duro Interno Purple 4TB 5400 rpm Cache 256Mb 3.5"" Videovigilancia"
060771;"[WD63PURZ] Western Digital - Disco Duro Purple SATA III 6Tb 5400 rpm Cache 128Mb 3.5"" Videovigilancia"
060772;"[WD84PURZ] Western Digital - Disco Duro Purple SATA III 8Tb 5400 rpm Cache 64Mb 3.5"" Videovigilancia"
060616;[WDBU6Y0020BBK-WESN] Disco Duro Externo Western Digital 2Tb Portatil Elements
060617;[WDBU6Y0040BBK-WESN] Disco Duro Externo Western Digital 4Tb Portatil Elements
060615;[WDBUZG0010BBK-WESN] Disco Duro Externo Western Digital 1Tb Portatil Elements
060535;[WG10-BLACK] Fantech - Mouse Raigor II Inalambrico Gaming [Negro]
060534;[WG10-GREY] Fantech - Mouse Raigor II Inalambrico Gaming [Gris]
060536;[WG10-RED] Fantech - Mouse Raigor II Inalambrico Gaming [Rojo]
060961;[WG10-WHITE] Fantech - Mouse Raigor II Gaming  [Blanco]
060528;[WG11-BLACK] Fantech - Mouse Cruiser Inalambrico Gaming [Negro]
060527;[WG11-WHITE] Fantech - Mouse Cruiser Inalambrico Gaming [Blanco]
061153;[WG12-BLACK] Fantech - Mouse Raigor III Inalámbrico [Negro]
061105;[WG12R-BEIGE] Fantech - Mouse Raigor III Inalámbrico Gaming [Beige]
061106;[WG12R-BLACK] Fantech - Mouse Raigor III Inalámbrico Gaming [Negro]
061104;[WG12R-GREY] Fantech - Mouse Raigor III Inalámbrico Gaming [Gris]
061321;[WG12RS-BK] Fantech -Mouse Raigor III Inalambrico [Negro]
061320;[WG12RS-WH] Fantech -Mouse Raigor III Inalambrico [Blanco]
061580;[WG13E-BK] Fantech - Mouse Tanto E Inalambrico con Dock de Carga Gaming [Negro]
061578;[WG13E-PK] Fantech - Mouse Tanto E Inalambrico con Dock de Carga Gaming [Rosado]
061579;[WG13E-WH] Fantech - Mouse Tanto E Inalambrico con Dock de Carga Gaming [Blanco]
061453;[WG7V2-BK] Fantech -Mouse Crypto II Inalambrico [Negro]
061452;[WG7V2-WH] Fantech - Mouse Crypto II Inalambrico [Blanco]
061150;[WG9-BLACK] Fantech - Mouse Kanata Inalámbrico [Negro]
061319;[WG9-WH] Fantech -Mouse Kanata Inalambrico [Blanco]
061294;[WG9S-GREY] Fantech - Mouse Kanata Inalámbrico [Gris]
060922;[WGC2-BLACK] Fantech - Mouse Venom II WGC2 Gaming [Negro]
060920;[WGC2-PINK] Fantech - Mouse Venom II WGC2 Gaming [Rosado]
060921;[WGC2-WHITE] Fantech - Mouse Venom II WGC2 Gaming [Blanco]
061073;[WGC3-BLACK] Fantech - Mouse Crypto Inalámbrico Negro
061072;[WGC3-WHITE] Fantech - Mouse Crypto Inalámbrico Blanco
061107;[WGC5S-BLACK] Fantech - Mouse Blake Inalámbrico Gaming [Negro]
061108;[WGC5S-WHITE] Fantech - Mouse Blake Inalámbrico Gaming [Blanco]
061145;[WGP13-BLUE] Fantech - Gamepad Shooter II Inalámbrico [Azul]
061146;[WGP13-WHITE] Fantech - Gamepad Shooter II Inalámbrico [Blanco]
061293;[WGP13S-GREY] Fantech - Gamepad Shooter III Inalámbrico [Gris]
061561;[WGP13S-PINK] Fantech - Gamepad Shooter III Inalámbrico [Rosado]
061563;[WGP13X-BLACK] Fantech - Gamepad Shooter III X Inalámbrico [Negro]
061562;[WGP13X-WHITE] Fantech - Gamepad Shooter III X Inalámbrico [Blanco]
061560;[WGP14V2-ATOMIC] Fantech - Gamepad Nova Pro Inalámbrico [Atomic]
061556;[WGP15V2-BLACK] Fantech - Gamepad Eos Pro II Inalámbrico [Negro]
061555;[WGP15V2-WHITE] Fantech - Gamepad Eos Pro II Inalámbrico [Blanco]
061553;[WGP15V2S-GEMINUS] Fantech - Gamepad Eos Pro II S Inalámbrico [Geminus]
061554;[WGP15V2S-STAR.TWO] Fantech - Gamepad Eos Pro II S Inalámbrico [Star.Two]
061559;[WGP16-BLACK] Fantech - Gamepad Nova II Inalámbrico [Negro]
061558;[WGP16-GREY] Fantech - Gamepad Nova II Inalámbrico [Gris]
061557;[WGP16-WHITE] Fantech - Gamepad Nova II Inalámbrico [Blanco]
060520;[WH01] Fantech - Audifonos Inalambrico Gaming
061308;[WH02S-BK] Fantech - Audifonos GO Air Inalambricos [Negros]
061512;[WH05-BG] Fantech - Audifonos Inalámbricos GO Vibe [Beige]
061113;[WH05-BLACK] Fantech - Audifonos Inalámbricos GO Vibe Negro
061069;[WH05-BLUE] Fantech - Audifonos Inalámbricos GO Vibe Azul
061114;[WH05-PINK] Fantech - Audifonos Inalámbricos GO Vibe Rosado
061310;[WH06-BG] Fantech - Audifonos GO Tune Inalambricos [Beige]
061311;[WH06-DGY] Fantech - Audifonos GO Tune Inalambricos [Gris Oscuro]
061446;[WH07A-BK] Fantech - Audifonos GO Flow Inalambricos [Negros]
061309;[WH07A-GY] Fantech - Audifonos GO Flow Inalambricos [Gris]
060958;[WHG01-BLACK] Fantech - Audifonos Tamago Gaming Headset  [Negro]
060959;[WHG01-WHITE] Fantech - Audifonos Tamago Gaming Headset  [Blanco]
061360;[WHG02-BK] Fantech - Audifonos Harmony Inalambricos [Negro]
061361;[WHG02-WH] Fantech - Audifonos Harmony Inalambricos [Blanco]
061362;[WHG02P-BL] Fantech - Audifonos Harmony Inalambricos [Azul Dark]
061364;[WHG03P-GY] Fantech - Audifonos Studio PRO Inalambricos [Gris]
061363;[WHG03P-WH] Fantech - Audifonos Studio PRO Inalambricos [Blanco]
061448;[WHG04-BK] Fantech - Audifonos Tamago II Inalambricos [Negro]
061447;[WHG04-WH] Fantech - Audifonos Tamago II Inalambricos [Blanco]
021002;[WHW0102] Linksys - Router Inalambrico WiFi Mesh Doble Banda AC1300 [2 Unidades]
061177;[WK895-BEIGE] Fantech - Teclado+Mouse Go Inalámbrico [Beige]
061174;[WK895-BLACK] Fantech - Teclado+Mouse Go Inalámbrico [Negro]
061176;[WK895-BLUE] Fantech - Teclado+Mouse Go Inalámbrico [Azul]
061175;[WK895-GREY] Fantech - Teclado+Mouse Go Inalámbrico [Gris]
021893;[WM-144-5] Siemon - Organizador de Cables Horizontal de 1 Cara [Negro]
020456;[WM6404] Onlink - Rack de Pared [4U] Cerrado Fijo 600x450x280mm con 3 Cerraduras y Puerta de Vidrio [Negro]
020457;[WM6406] Onlink - Rack de Pared [6U] Cerrado Fijo 600x 450x368mm con 3 Cerraduras y Puerta de Vidrio [Negro]
020458;[WM6409] Onlink - Rack de Pared [9U] Cerrado Fijo 600x450x501mm con 3 Cerraduras y Puerta de Vidrio [Negro]
020459;[WM6412] Onlink - Rack de Pared [12U] Cerrado Fijo 600x450x635mm con 3 Cerraduras y Puerta de Vidrio [Negro]
020901;[WM6415] Onlink - Rack de Pared [15U] Cerrado Fijo 600x450x769mm con 3 Cerraduras y Puerta de Vidrio [Negro]
020902;[WM6418] Onlink - Rack de Pared [18U] Cerrado Fijo 600x450x901mm con 3 Cerraduras y Puerta de Vidrio [Negro]
021145;[WMG6504-550] Onlink - Rack de Pared [4U] Cerrado Abatible 600x550x280mm con 3 Cerraduras y Puerta de Vidrio [Negro]
020460;[WMG6506-550] Onlink - Rack de Pared [6U] Cerrado Abatible 600x550x368mm con 3 Cerraduras y Puerta de Vidrio [Negro]
020461;[WMG6509-550] Onlink - Rack de Pared [9U] Cerrado Abatible 600x550x501mm con 3 Cerraduras y Puerta de Vidrio [Negro]
020462;[WMG6512-550] Onlink - Rack de Pared [12U] Cerrado Abatible 600x550x635mm con 3 Cerraduras y Puerta de Vidrio [Negro]
021146;[WMG6515-550] Onlink - Rack de Pared [15U] Cerrado Abatible 600x550x769mm con 3 Cerraduras y Puerta de Vidrio [Negro]
021236;[WMP1E] Panduit - Organizador Horizontal 2RU [Front/Back]
021768;[WMPSE] Panduit - Organizador Horizontal 1RU [Front/Back]
020718;[WMPV22E] Panduit - Organizador de Cables Vertical Dual PVC 22U 1054x125x306mm NetRunner
061315;[WMV21C-BK] Fantech -Microfono Leviosa Air Inalambrico
060875;[WP-1000VA] Wireplus - UPS Interactivo 1000VA 600W con Pantalla LCD 120V [4] Tomas
021378;[WP-1005G]  Wireplus - Switch de Escritorio de 5 Puertos a Gigabit
021380;[WP-1008G]  Wireplus - Switch de Escritorio de 8 Puertos a Gigabit
021377;[WP-105P] Wireplus - Switch de Escritorio de 5 Puertos a  a 10/100 Mbps
021379;[WP-108P] Wireplus - Switch de Escritorio de 8 Puertos a  a 10/100 Mbps
061120;[WP-1200-720W] Wireplus - UPS Interactivo 1200VA 720W con Pantalla LCD 120V [6] Tomas
061121;[WP-1500-900W] Wireplus - UPS Interactivo 1500VA 900W con Pantalla LCD 120V [6] Tomas
060876;[WP-1500VA] Wireplus - UPS Interactivo 1500VA 900W con Pantalla LCD 120V [4] Tomas
060877;[WP-2000VA] Wireplus - UPS Interactivo 2000VA 1200W con Pantalla LCD 120V [4] Tomas
060878;[WP-3000VA] Wireplus - UPS Interactivo 3000VA 1800W con Pantalla LCD 120V [4] Tomas
061118;[WP-600-360W] Wireplus - UPS Interactivo 600VA 360W con Pantalla LCD 120V [4] Tomas
060874;[WP-750VA] Wireplus - UPS Interactivo 750VA 380W con Pantalla LCD 120V [4] Tomas
061119;[WP-800-480W] Wireplus - UPS Interactivo 800VA 480W con Pantalla LCD 120V [4] Tomas
020096;[WP-ADSL-01] Wireplus - Filtro ADSL
070883;[WP-BADHE-20] Wireplus - Base Adhesiva Plástica para Amarrar Cables 20mm x 20mm [Negro] [100 Unidades]
070884;[WP-BADHE-30] Wireplus - Base Adhesiva Plástica para Amarrar Cables 30mm x 30mm [Negro] [100 Unidades]
070885;[WP-BADHE-40] Wireplus - Base Adhesiva Plástica para Amarrar Cables 40mm x 40mm [Negro] [100 Unidades]
070228;[WP-BAT12V-100A-G] Wireplus - Bateria Sellada Acido-Plomo 12V 100Ah
070372;[WP-BAT12V-12A] Wireplus - Bateria Sellada Acido-Plomo 12V 12Ah
070229;[WP-BAT12V-150A-G] Wireplus - Bateria Sellada Acido-Plomo 12V 150Ah
070377;[WP-BAT12V-200A-G] Wireplus - Bateria Sellada Acido-Plomo 12V 200Ah
070367;[WP-BAT12V-4.5A] Wireplus - Bateria Sellada Acido-Plomo 12V 4.5Ah
070022;[WP-BAT12V-7A] Wireplus - Bateria Sellada Acido-Plomo 12V 7Ah
070369;[WP-BAT12V-9A] Wireplus - Bateria Sellada Acido-Plomo 12V 9Ah
080002;[WP-BAT6V-4.5A] Wireplus - Bateria Sellada Acido-Plomo 6V 4.5Ah
021850;[WP-BLANKC] Wireplus - Tapa Ciega para Puerto de Patch Panel Modular [Negro]
070807;[WP-BRACKET-AC] Wireplus - Base para Aire Acondicionado hasta 120Kg 365x450mm de 9.000 hasta 18.000 BTU
090018;[WP-BRAZO-60KG] Wireplus - Brazo Hidraulico para Puerta 60KG
020042;[WP-BTRJ-BLACK] Wireplus - Botas Protectoras RJ45 Color Negro [100 Unidades]
020107;[WP-BTRJ-BLUE] Wireplus - Botas Protectoras RJ45 Color Azul [100 Unidades]
020109;[WP-BTRJ-GRAY] Wireplus - Botas Protectoras RJ45 Color Gris [100 Unidades]
020043;[WP-BTRJ-GREEN] Wireplus - Botas Protectoras RJ45 Color Verde [100 Unidades]
020044;[WP-BTRJ-RED] Wireplus - Botas Protectoras RJ45 Color Roja [100 Unidades]
020106;[WP-BTRJ-WHITE] Wireplus - Botas Protectoras RJ45 Color Blanco [100 Unidades]
020041;[WP-BTRJ-YELLOW] Wireplus - Botas Protectoras RJ45 Color Amarilla [100 Unidades]
070001;[WP-CANA1010-2M-10UND] Wireplus - Canaleta PVC Multiuso con Pegamento 10x10x2000 [10 Unidades]
070002;[WP-CANA2010-2M-10UND] Wireplus - Canaleta PVC Multiuso con Pegamento 20x10x2000 [10 Unidades]
070003;[WP-CANA2414-2M-10UND] Wireplus - Canaleta PVC Multiuso con Pegamento 24x14x2000 [10 Unidades]
070220;[WP-CANA2414-2M-1UND] Wireplus - Canaleta PVC Multiuso con Pegamento 24x14x2000 [Unidad]
070004;[WP-CANA3013-2M-10UND] Wireplus - Canaleta PVC Multiuso con Pegamento 30x13x2000 [10 Unidades]
070221;[WP-CANA3013-2M-1UND] Wireplus - Canaleta PVC Multiuso con Pegamento 30x13x2000 [Unidad]
070021;[WP-CANA4025-2M-10UND] Wireplus - Canaleta PVC Multiuso con Pegamento 40x25x2000 [10 Unidades]
020045;[WP-CBL-TLF-100M] Wireplus - Cable Telefonico Plano [Bobina 100 Metros]
020141;[WP-CBL-TLF-10M] Wireplus - Cable Telefonico Plano [10 Metros]
020142;[WP-CBL-TLF-20M] Wireplus - Cable Telefonico Plano [20 Metros]
020143;[WP-CBL-TLF-30M] Wireplus - Cable Telefonico Plano [30 Metros]
020140;[WP-CBL-TLF-5M] Wireplus - Cable Telefonico Plano [5 Metros]
090008;[WP-CERRMAG-12V] Wireplus - Cerradura Electromagnetica 2 Cables 600Lbs
070752;[WP-CINTAV-B12X20-100UND] Wireplus - Cinta Velcro Negra 20cm [100 Unidades]
070024;[WP-CINTAV-B12X20-10UND] Wireplus - Cinta Velcro Negra 20cm [10 Unidades]
070751;[WP-CINTAV-W12X20-100UND] Wireplus - Cinta Velcro Blanco 20cm [100 Unidades]
070020;[WP-CINTAV-W12X20-10UND] Wireplus - Cinta Velcro Blanco 20cm [10 Unidades]
020153;[WP-CON-UY2] Wireplus - Union Empalme UY [100 Unidades]
020311;[WP-CRIM-HEX] Wireplus - Herramienta Coaxial Hexagonal
080210;[WP-F12V-10AMP] Wireplus - Fuente de Alimentación/Poder Conmutada Regulada Universal de 12V 10Amp
080211;[WP-F12V-20AMP] Wireplus - Fuente de Alimentación/Poder Conmutada Regulada Universal de 12V 20Amp
080213;[WP-FDP18C-20AMP] Wireplus - Fuente de Alimentación/Poder 18 Canales 12V 20Amp
080212;[WP-FDP9C-10AMP] Wireplus - Fuente de Alimentación/Poder 9 Canales 12V 10Amp
070007;[WP-FP01-WHITE-10UND] Wireplus - Face Plate Placa Frontal de Pared para Keystone 1 Puerto Blanco [10 Unidades]
070216;[WP-FP01-WHITE] Wireplus - Face Plate Placa Frontal de Pared para Keystone 1 Puerto Blanco [Unidad]
070008;[WP-FP02-WHITE-10UND] Wireplus - Face Plate Placa Frontal para Keystone 2 Puertos Blanco [10 Unidades]
070217;[WP-FP02-WHITE] Wireplus - Face Plate Placa Frontal de Pared para Keystone 2 Puertos Blanco [Unidad]
070364;[WP-FP04-WHITE-10UND] Wireplus - Face Plate Placa Frontal de Pared para Keystone 4 Puertos Blanco [10 Unidades]
070365;[WP-FP04-WHITE] Wireplus - Face Plate Placa Frontal de Pared para Keystone 4 Puertos Blanco [Unidad]
070880;[WP-FPC3-10] Wireplus - Tirrap de Nylon [3mm 10cm] con Cabezal de Sujeción para Tornillo (No incluidos) [Blanco] [100 Unidades]
070881;[WP-FPC4-20] Wireplus - Tirrap de Nylon [4mm 20cm] con Cabezal de Sujeción para Tornillo (No incluidos) [Blanco] [100 Unidades]
070882;[WP-FPC5-25] Wireplus - Tirrap de Nylon [5mm 25cm] con Cabezal de Sujeción para Tornillo (No incluidos) [Blanco] [100 Unidades]
020105;[WP-GJTN-SUP-4X2-10UND] Wireplus - Cajetin Superficial 4x2 Color Blanco [10 Unidades]
020197;[WP-GJTN-SUP-4X2-1UND] Wireplus - Cajetin Superficial 4x2 Color Blanco [Unidad]
070879;[WP-GPCC-10] Wireplus - Grapa Plástica Fija Cables Cuadrada de 10mm [Blanco] [100 Unidades]
070877;[WP-GPCC-5] Wireplus - Grapa Plástica Fija Cables Cuadrada de 5mm [Blanco] [100 Unidades]
070919;[WP-GPCR-10] Wireplus - Grapa Plástica Fija Cables Redonda de 10mm [Blanco] [100 Unidades]
070878;[WP-GPCR-5] Wireplus - Grapa Plástica Fija Cables Redonda de 5mm [Blanco] [100 Unidades]
021381;[WP-GPON] Wireplus - Terminal Onu GPON 1 Puerto Gigabit
020046;[WP-HCRIMP-COAX] Wireplus - Crimpeadora Coaxial RG6-RG59 
021846;[WP-HCRIMP-MODU] Wireplus - Herramienta Crimpeadora para Conectores RJ45 / RJ-11
060204;[WP-HDMI-1] Wireplus - Cable HDMI Macho Doble HDTV V2.0 4K [1 Metro]
060034;[WP-HDMI-2] Wireplus - Cable HDMI Macho Doble HDTV V2.0 4K [2 Metros]
060205;[WP-HDMI-3] Wireplus - Cable HDMI Macho Doble HDTV V2.0 4K [3 Metros]
060231;[WP-HDMI-5] Wireplus - Cable HDMI Macho Doble HDTV V2.0 4K [5 Metros]
090012;[WP-HEMBRILA-12] Wireplus - Hembrilla Cerradura 12V
020047;[WP-HT-314] Wireplus - Herramienta Impacto Ponchadora
020060;[WP-KRJ-C3TLF-10UND] Wireplus - Conector Keystone Jack Coupler Categoria 3 Blanco [10 Unidades]
020196;[WP-KRJ-C3TLF] Wireplus - Conector Keystone Jack Coupler Categoria 3 Blanco [Unidad]
021839;[WP-KRJ-C5BLANK] Wireplus - Conector Keystone a Presión para Patch Panel Modular CAT5e (Categoria 5e) RJ45 (Hembra a Hembra) (Negro)
020049;[WP-KRJ-C5EBLUE-10UND] Wireplus - Conector Keystone Jack Coupler RJ45 CAT5e (Categoria 5e) (Azul) [10 Unidades]
020192;[WP-KRJ-C5EBLUE] Wireplus - Conector Keystone Jack Coupler RJ45 CAT5e (Categoria 5e) (Azul) [Unidad]
020050;[WP-KRJ-C5EWHITE-10UND] Wireplus - Conector Keystone Jack Coupler RJ45 CAT5e (Categoria 5e) (Blanco) [10 Unidades]
020193;[WP-KRJ-C5EWHITE] Wireplus - Conector Keystone Jack Coupler RJ45 CAT5e (Categoria 5e) (Blanco) [Unidad]
021838;[WP-KRJ-C6BLANK] Wireplus - Conector Keystone a Presión para Patch Panel Modular CAT6 CAT6 (Categoria 6) RJ45 (Hembra a Hembra) [(Negro)]
020051;[WP-KRJ-C6BLUE-10UND] Wireplus  - Conector Keystone Jack Coupler RJ45 CAT6 (Categoria 6) (Azul) [10 Unidades]
020194;[WP-KRJ-C6BLUE] Wireplus  - Conector Keystone Jack Coupler RJ45 CAT6 (Categoria 6) (Azul) [Unidad]
020052;[WP-KRJ-C6WHITE-10UND] Wireplus  - Conector Keystone Jack Coupler RJ45 CAT6 (Categoria 6) (Blanco) [10 Unidades]
020195;[WP-KRJ-C6WHITE] Wireplus  - Conector Keystone Jack Coupler RJ45 CAT6 (Categoria 6) (Blanco) [Unidad]
021061;[WP-PC-C5E-1BLUE] Wireplus - Patch Cord UTP CAT5e (Categoria 5e) (Azul) [1 Metro] [Unidad]
020053;[WP-PC-C5E-1GRAY-10UND] Wireplus - Patch Cord UTP CAT5e (Categoria 5e) (Gris) [1 Metro] [10 Unidades]
020188;[WP-PC-C5E-1GRAY] Wireplus - Patch Cord UTP CAT5e (Categoria 5e) (Gris) [1 Metro] [Unidad]
020054;[WP-PC-C5E-2GRAY-10UND] Wireplus - Patch Cord UTP CAT5e (Categoria 5e) (Gris) [2 Metros] [10 Unidades]
020189;[WP-PC-C5E-2GRAY] Wireplus - Patch Cord UTP CAT5e (Categoria 5e) (Gris) [2 Metros] [Unidad]
021062;[WP-PC-C6-1BLUE] Wireplus - Patch Cord UTP CAT6 (Categoria 6) (Azul) [1 Metro] [Unidad]
020055;[WP-PC-C6-1GRAY-10UND] Wireplus - Patch Cord UTP CAT6 (Categoria 6) (Gris) [1 Metro] [10 Unidades]
020190;[WP-PC-C6-1GRAY] Wireplus - Patch Cord UTP CAT6 (Categoria 6) (Gris) [1 Metro] [Unidad]
020936;[WP-PC-C6-2BLUE] Wireplus - Patch Cord UTP CAT6 (Categoria 6) (Azul) [2 Metros] [Unidad]
020056;[WP-PC-C6-2GRAY-10UND] Wireplus - Patch Cord UTP CAT6 (Categoria 6) (Gris) [2 Metros] [10 Unidades]
020191;[WP-PC-C6-2GRAY] Wireplus - Patch Cord UTP CAT6 (Categoria 6) (Gris) [2 Metros] [Unidad]
021849;[WP-PC-C6-5BLUE] Wireplus - Patch Cord UTP CAT6 (Categoria 6) (Azul) [5 Metros] [Unidad]
020937;[WP-PC-CE-2BLUE] Wireplus - Patch Cord UTP CAT5e (Categoria 5e) (Azul) [2 Metros] [Unidad]
021840;"[WP-PPBLANK-12] Wireplus - Patch Panel para Montaje en Rack Modular 12 Puertos 1U 10"" (Vacio)"
021841;"[WP-PPBLANK-24] Wireplus - Patch Panel para Montaje en Rack Modular 24 Puertos 1U 19"" (Vacio)"
021842;"[WP-PPBLANK-48] Wireplus - Patch Panel para Montaje en Rack Modular 48 Puertos 2U 19"" (Vacio)"
021848;"[WP-PPBLANK-TRIANGLE] Wireplus - Patch Panel Angulado (Triangular) para Montaje en Rack Modular 24 Puertos 1U 19"" (Vacio)"
020057;[WP-PPC5E-12] Wireplus - Patch Panel 12 Puertos CAT5e (Categoria 5e)
020010;[WP-PPC5E-24] Wireplus - Patch Panel 24 Puertos CAT5e (Categoria 5e)
020011;[WP-PPC5E-48] Wireplus - Patch Panel 48 Puertos CAT5e (Categoria 5e)
020002;[WP-PPC6-12] Wireplus - Patch Panel 12 Puertos CAT6 (Categoria 6)
020144;[WP-PPC6-24] Wireplus - Patch Panel 24 Puertos CAT6 (Categoria 6)
020220;[WP-PPC6-48] Wireplus - Patch Panel 48 Puertos CAT6 (Categoria 6)
020095;[WP-PU-RJ45-10UND] Wireplus - Puente Union RJ45 H/H [10 Unidades]
020187;[WP-PU-RJ45-1UND] Wireplus - Puente Union RJ45 H/H [Unidad]
021488;[WP-RJ45CAT5-EZ-UND] Wireplus - Conector RJ45 EZ CAT5e (Categoria 5e) Pass-Through Pasante [Unidad]
021159;[WP-RJ45CAT5-EZ] Wireplus - Conector RJ45 EZ CAT5e (Categoria 5e) Pass-Through Pasante [100 Unidades]
021489;[WP-RJ45CAT6-EZ-UND] Wireplus - Conector RJ45 EZ CAT6 (Categoria 6) Pass-Through Pasante [Unidad]
020058;[WP-SCRERACK-10UND] Wireplus - Tornillos Para Rack [10 Unidades]
020016;[WP-SCRERACK-50UND] Wireplus - Tornillos Para Rack [50 Unidades]
020693;[WP-TER-ENC] Wireplus - Kit de Termoencogibles 580 Piezas
070013;[WP-TW3.6-10BLACK] Wireplus - Tirrap 10Cm 3.6mm Color Negro [100 Unidades]
070014;[WP-TW3.6-10WHITE] Wireplus - Tirrap 10Cm 3.6mm Blanco [100 Unidades]
070015;[WP-TW3.6-20BLACK] Wireplus - Tirrap 20Cm 3.6mm Color Negro [100 Unidades]
070016;[WP-TW3.6-20WHITE] Wireplus - Tirrap 20Cm 3.6mm Blanco [100 Unidades]
070026;[WP-TW3.6-30BLACK] Wireplus - Tirrap 30Cm 3.6mm Color Negro [100 Unidades]
070017;[WP-TW3.6-30WHITE] Wireplus - Tirrap 30Cm 3.6mm Blanco [100 Unidades]
020083;[WP-UTPC5-50OUT] Wireplus - Cable UTP CAT5e (Categoria 5e) CCA Exterior (Negro) [50 Metros]
020085;[WP-UTPC6-50OUT] Wireplus - Cable UTP CAT6 (Categoria 6) CCA Exterior (Negro) [50 Metros]
021073;[WPF-ADPT-SCAPC-50UND] Wireplus - Adaptador - Puente - Acoplador de Fibra Optica SC-APC Verde [50 Unidades]
020555;[WPF-ADPT-SCAPC] Wireplus - Adaptador - Puente - Acoplador de Fibra Optica SC-APC Verde [Unidad]
021072;[WPF-ADPT-SCUPC-50UND] Wireplus - Adaptador - Puente - Acoplador de Fibra Optica SC-UPC Azul [50 Unidades]
020554;[WPF-ADPT-SCUPC] Wireplus - Adaptador - Puente - Acoplador de Fibra Optica SC-UPC Azul [Unidad]
021156;[WPF-CAB-FTTH-1C-1KM] Wireplus - Cable Drop Outdoor de Fibra Optica FTTH 1 Hilo FRP G657A2 [Bobina 1000 Metros]
021237;[WPF-CAB-FTTH-1C-2KM] Wireplus - Cable Drop Outdoor de Fibra Optica FTTH 1 Hilo FRP [Bobina 2000 Metros]
020568;[WPF-CAB-FTTH-2C-1KM] Wireplus - Cable Drop Outdoor de Fibra Optica FTTH 2 Hilos FRP G657A2 [Bobina 1000 Metros]
020652;[WPF-CAB-FTTH-2C-2KM] Wireplus - Cable Drop Outdoor de Fibra Optica FTTH 2 Hilos FRP G657A2 [Bobina 2000 Metros]
020683;[WPF-CAB-FTTH-4C-1KM] Wireplus - Cable Drop Outdoor de Fibra Optica FTTH 4 Hilos FRP G657A2 [Bobina 1000 Metros]
020571;[WPF-CLVR-PRC] Wireplus - Cortador de Precision de Fibra Optica
020690;[WPF-CON-PIG-LCUPC] Wireplus - Pigtail 1 Conector LC-UPC 0.9mm Fibra Optica 1.5 Metros
020691;[WPF-CON-PIG-SCAPC] Wireplus - Pigtail 1 Conector SC-APC 0.9mm Fibra Optica 1.5 Metros
020692;[WPF-CON-PIG-SCUPC] Wireplus - Pigtail 1 Conector SC-UPC 0.9mm Fibra Optica 1.5 Metros
021069;[WPF-CON-RAP-SC-UPC-5UND] Wireplus - Conector Rapido de Fibra Optica FTTH SC-UPC Azul [5 Unidades]
020542;[WPF-CON-RAP-SC-UPC] Wireplus - Conector Rapido de Fibra Optica FTTH SC-UPC Azul [Unidad]
021068;[WPF-CON-RAP-SCAPC-5UND] Wireplus - Conector Rapido de Fibra Optica FTTH SC-APC Verde [5 Unidades]
020541;[WPF-CON-RAP-SCAPC] Wireplus - Conector Rapido de Fibra Optica FTTH SC-APC Verde [Unidad]
021070;[WPF-CON-SCAPC-10UND] Wireplus - Conector de Fibra Optica FTTH SC-APC Verde [10 Unidades]
020751;[WPF-CON-SCAPC] Wireplus - Conector de Fibra Optica FTTH SC-APC Verde [Unidad]
021071;[WPF-CON-SCUPC-10UND] Wireplus - Conector de Fibra Optica FTTH SC-UPC Azul [10 Unidades]
020752;[WPF-CON-SCUPC] Wireplus - Conector de Fibra Optica FTTH SC-UPC Azul [Unidad]
020684;[WPF-COR-LONG] Wireplus - Cortador de Tubo Longitudinal de Chaqueta de Fibra
020547;[WPF-EMP-12C] Wireplus - Caja Empalme de Fibra Optica 12 Nucleos
020548;[WPF-EMP-24C] Wireplus - Caja Empalme de Fibra Optica 24 Nucleos
020549;[WPF-EMP-48C] Wireplus - Caja Empalme de Fibra Optica 48 Nucleos
020550;[WPF-EMP-96C] Wireplus - Caja Empalme de Fibra Optica 96 Nucleos
020572;[WPF-MED-POT] Wireplus - Medidor de Potencia de Fibra Optica
021017;[WPF-NAP-16C-C] Wireplus - Caja de Distribucion NAP [Completa] FTTH para Exteriores 16 Hilos Fibra Optica
020689;[WPF-NAP-16C-V] Wireplus - Caja de Distribucion NAP [Vacia] FTTH para Exteriores 16 Hilos Fibra Optica
021016;[WPF-NAP-8C-C] Wireplus - Caja de Distribucion NAP [Completa] FTTH para Exteriores 8 Hilos Fibra Optica
020688;[WPF-NAP-8C-V] Wireplus - Caja de Distribucion NAP [Vacia] FTTH para Exteriores 8 Hilos Fibra Optica
020694;[WPF-OUT-48CORE] Wireplus - Enclosure Manga de Empalme Fibra Optica Tipo Domo 24 Hilos
020563;[WPF-PC-APCAPC-10] Wireplus - Patch Cord Fibra Optica SC/APC a SC/APC G652D [Verde a Verde] [10 Metros]
020560;[WPF-PC-APCAPC-1] Wireplus - Patch Cord Fibra Optica SC/APC a SC/APC G652D [Verde a Verde] [1 Metro]
020561;[WPF-PC-APCAPC-3] Wireplus - Patch Cord Fibra Optica SC/APC a SC/APC G652D [Verde a Verde] [3 Metros]
020562;[WPF-PC-APCAPC-5] Wireplus - Patch Cord Fibra Optica SC/APC a SC/APC G652D [Verde a Verde] [5 Metros]
020559;[WPF-PC-APCUPC-10] Wireplus - Patch Cord Fibra Optica SC/APC a SC/UPC G652D [Verde a Azul] [10 Metros]
020556;[WPF-PC-APCUPC-1] Wireplus - Patch Cord Fibra Optica SC/APC a SC/UPC G652D [Verde a Azul] [1 Metro]
020557;[WPF-PC-APCUPC-3] Wireplus - Patch Cord Fibra Optica SC/APC a SC/UPC G652D [Verde a Azul] [3 Metros]
020558;[WPF-PC-APCUPC-5] Wireplus - Patch Cord Fibra Optica SC/APC a SC/UPC G652D [Verde a Azul] [5 Metros]
020567;[WPF-PC-UPCUPC-10] Wireplus - Patch Cord Fibra Optica SC/UPC a SC/UPC G652D [Azul a Azul] [10 Metros]
020564;[WPF-PC-UPCUPC-1] Wireplus - Patch Cord Fibra Optica SC/UPC a SC/UPC G652D [Azul a Azul] [1 Metro]
020565;[WPF-PC-UPCUPC-3] Wireplus - Patch Cord Fibra Optica SC/UPC a SC/UPC G652D [Azul a Azul] [3 Metros]
020566;[WPF-PC-UPCUPC-5] Wireplus - Patch Cord Fibra Optica SC/UPC a SC/UPC G652D [Azul a Azul] [5 Metros]
020573;[WPF-PLD-DROP-AMA] Wireplus - Pelador de Cable Drop de Fibra Optica
020647;[WPF-PLD-DROP-VER] Wireplus - Pelador de Cable Drop de Fibra Optica [Mango Verde]
020686;[WPF-ROSETAS] Wireplus - Roseta Optica 2 Puertos para Fibra Pigtail + Adaptador SC/APC
020553;[WPF-SPLT-SCA16X1] Wireplus - Splitter de Fibra Optica SC-APC 1x16
020551;[WPF-SPLT-SCA4X1] Wireplus - Splitter de Fibra Optica SC-APC 1x4
020552;[WPF-SPLT-SCA8X1] Wireplus - Splitter de Fibra Optica SC-APC 1x8
021844;[WPF-TCUÑA-20U] Wireplus - Gancho Tensor Plástico Tipo Cuña para Cable Drop de Fibra Optica [20 Unidades]
020569;[WPF-TENSOR-50U] Wireplus - Tensor de Cable Drop de Fibra Optica [50 Unidades]
020545;[WPF-TER-16C] Wireplus - Caja Terminal de Fibra Optica 16 Nucleos
020546;[WPF-TER-24C] Wireplus - Caja Terminal de Fibra Optica 24 Nucleos
020543;[WPF-TER-4C] Wireplus - Caja Terminal de Fibra Optica 4 Nucleos
020544;[WPF-TER-8C] Wireplus - Caja Terminal de Fibra Optica 8 Nucleos
020574;[WPF-TEST-LSR] Wireplus - Laser de Fibra Optica
021843;[WPF-TMETALICO-10U] Wireplus - Gancho Tensor de Metal de Cable Drop de Fibra Optica [10 Unidades]
020570;[WPF-TOOL-CLN] Wireplus - Herramienta Limpiadora de Fibra Optica 
021875;[Wave-AP-Gen2] Ubiquiti - Punto de Acceso PtMP Cobertura Sectorial de 90 grados Multipunto Tecnología Wave en 60 Ghz Velocidad Simétrica de 2,7 Gbps y Conectores de Antena para Extensión de Rango de 5 GHz
021487;[Wave-AP-Micro] Ubiquiti - Punto de Acceso PtMP de 60 GHz de Amplia Cobertura con Tecnología Wave
021413;[Wave-AP] Ubiquiti - UISP Punto de Acceso Multipunto Tecnología Wave en 60 Gh hasta 15 Estaciones hasta 5.4 Gbps Respaldo en 5 Ghz 1 Puerto SFP+ 10G 1 Puerto 2.5g Gbps con GPS
021869;[Wave-LR] Ubiquiti - Enlace UISP PTP/PTMP Wave Long Range en 60 Ghz hasta 2 Gbps Respaldo en 5 Ghz GPS integrado
021414;[Wave-Pico] Ubiquiti - Punto de Acceso PtMP de 60 GHz con Tecnología Wave Radio de Respaldo Resistente a la Intemperie de 5 GHz 1 Puerto 2.5 GbE + 1 Puerto 10G SFP+ WAN
021876;[Wave-Pro] Ubiquiti - Estación Cliente UISP Wave Profesional en 60 Ghz hasta 5.4 Gbps Respaldo en 5 Ghz GPS integrado
070616;[X105/2-2U] Igoto - Toma Corriente con Tierra + 2 USB Serie X Bronce
070610;[X105/2] Igoto - Toma Corriente Doble con Tierra Serie X Bronce
060532;[X11] Fantech - Mouse Deredevil Gaming 
070615;[X1200] Igoto - Tapa Ciega 4x2 Serie X Bronce
060533;[X15] Fantech - Mouse Phantom Gaming
060538;[X16-RED] Fantech - Mouse Thor II Gaming [Rojo]
060526;[X17-BLACK] Fantech - Mouse Blake Gaming [Negro]
060525;[X17-WHITE] Fantech - Mouse Blake Gaming [Blanco]
070611;[X302] Igoto - Toma para TV Serie X Bronce
070609;[X316] Igoto - Interruptor Simple + Toma Corriente Serie X Bronce
070612;[X402] Igoto - Toma Telefonica Serie X Bronce
070613;[X408] Igoto - Toma de Red RJ45 Serie X Bronce
070606;[X512] Igoto - Interruptor Simple Largo Serie X Bronce
070607;[X514] Igoto - Interruptor Doble Largo Serie X Bronce
070608;[X516] Igoto - Interruptor Triple Serie X Bronce
070614;[X5401] Igoto - Interruptor Timbre Serie X Bronce
021118;[XC220-G3] TP-Link - Terminal XPON VoIP Wi-Fi AC1200 Doble Banda Gigabit
021122;[XC220-G3v] TP-Link - Terminal GPON VoIP Wi-Fi AC1200 Doble Banda Gigabit
060754;[XG-1201LCD] Forza - UPS Sinusoidal con APFC 1200VA/720W Pantalla LCD 110V [10] x NEMA 5-15R USB
021561;[XG-SFP-SR-MM850] Ruijie/Reyee - SME Transceptor MINI-GBIC SFP+ 10GB Multimodo Hasta 300m
060677;[XHA410] Xtech - Splitter Activo HDMI Hembra 1x4
021315;[XQ+31LC02D] Mikrotik - QSFP28 Modulo 40/100G SM 2km 1310nm CWDM4
021598;[XQ+31LC10D] Mikrotik - Modulo QSFP28 40/100G SM 10KM 1310NM Conector-LC DDM
021305;[XQ+85MP01D] Mikrotik - Tranceptor 40/100 Gbps QSFP+/QSFP28 100 Metros
021292;[XQ+DA0001] Mikrotik - Cable de Conexión Directa QSFP28 DAC 40/100G 1m
021293;[XQ+DA0003] Mikrotik - Cable de Conexión Directa QSFP28 DAC 40/100G 3m
021316;[XS+2733LC15D] Mikrotik - Kit de 2 Módulos GBIC 1.25G SFP 10G SFP+ y 25G SFP28. 15 km 1270nm + 1330nm
021294;[XS+31LC10D] Mikrotik - Transceptor MiniGbic XSFP+ 1G/10G/25G LC Duplex para Fibra Mono Modo 10 Kms
021276;[XS+85LC01D] Mikrotik - Módulo GBIC 1.25G SFP 10G SFP+ y 25G SFP28. 15 km 1270nm + 1330nm
021295;[XS+DA0001] Mikrotik - Cable de Conexión Directa SFP/SFP+/SFP28 1G/10G/25G 1M
021296;[XS+DA0003] Mikrotik - Cable de Conexión Directa SFP/SFP+/SFP28 1G/10G/25G 3M
061631;[XTA-180] Xtech - Mouse Pad de Tela Voyager con Base Antideslizante
061632;[XTA-181] Xtech - Mouse Pad de Tela Colonist con Base Antideslizante
061630;[XTA-410] Xtech - Base de pared para Tv de 20 a 70 pulgadas 50KG Inclinación -5/+15° Y GIRO 180 Grados
060881;[XTA111] Xtech - Cable de Seguridad con Llave para Laptop
061100;[XTA130] Xtech - Base para Laptop Plegable Hasta 17 Pulgadas
061094;[XTA150] Xtech - Base Enfriadora Para Laptop de Hasta 14 Pulgadas 1 Fan
061092;[XTA160] Xtech - Base Enfriadora Para Laptop Hasta 17 Pulgadas Gaming 6 Fan 2 Puertos USB
060888;[XTA195] Xtech - Estacion para Carga 4 Puertos USB 6A 100V-240V
060596;[XTA325] Xtech - Soporte/Base Fija para Pantallas 32 a 55 Pulgadas
061132;[XTA350] Xtech - Base de pared para TV de 32 a 55 pulgadas
061133;[XTA375] Xtech - Base de pared para Tv 32 a 70 pulgadas
061134;[XTA380] Xtech - Base fija para Tv de 32 a 90 pulgadas
061135;[XTA400] Xtech - Base de pared para Tv de 23 a 42 pulgadas
061088;[XTA425] Xtech - Base de Pared Para TV 32-55 Pulgadas
060598;[XTA475] Xtech - Soporte/Base Fija con Movimientos para Pantallas 32 a 70 Pulgadas 50Kg
060597;[XTA525] Xtech - Soporte/Base Fija con Inclinación para Pantallas 23 a 42 Pulgadas 35Kg
061031;[XTA526] Xtech - Mouse Pad de Gel Negro
061032;[XTA530] Xtech - Mouse Pad con Soporte Rosado
061634;[XTC-333] Xtech - Adaptador con conector HDMI Hembra a HDMI Hembra
061635;[XTC-383] Xtech - Cable con conector HDMI Macho a HDMI Macho 26AWG [15.24 Metros]
061636;[XTC-415] Xtech - Cable HDMI Plano con Conector Macho a Macho Negro Admite hasta 3840x2160p 30AWG [4.57 Metros]
061633;[XTC-546] Xtech - Cable USB-C Macho a HDMI Hembra 32AWG [1.82 Metros]
061546;[XTC120] Xtech - Cable de Alimentación Para Laptop Nema de 3 Clavijas 110-250V [1.8 Metros]
060883;[XTC152] Xtech - Cable HDMI Macho a HDMI Macho [3 Metros]
061541;[XTC230] Xtech - Adaptador USB-C Gan 65w 110-240 Vca
061544;[XTC303] Xtech - Cable USB 2.0 Macho A a Macho B [3 Metros]
061543;[XTC304] Xtech - Cable USB 2.0 Macho A a Macho B [4.5 Metros]
061542;[XTC307] Xtech - Cable USB 2.0 Macho A a Macho B [1.8 Metros]
060678;[XTC308] Xtech - Cable VGA Macho a VGA Macho 1.8 Metros
060684;[XTC309] Xtech - Cable de Datos Serial ATA
061129;[XTC311] Xtech - Cable HDMI Macho a HDMI Macho [1.8 Metros]
060685;[XTC326] Xtech - Cable de Datos Serial ATA con Conector en Angulo
061086;[XTC338] Xtech - Cable con conector HDMI Macho a HDMI Macho hasta 3840x2160p  30AWG
060594;[XTC342] Xtech - Cable Convertidor Displayport-M a VGA-M 1.8 Metros
060674;[XTC344] Xtech - Adaptador HDMI Macho a HDMI Hembra 90 grados
060675;[XTC347] Xtech - Adaptador HDMI Macho a HDMI Hembra Ajustable
061545;[XTC352] Xtech - Cable USB 3.0 tipo A 1.8 Metros Macho
061136;[XTC354] Xtech - Cable Displayport macho a Displayport macho 1.8m
060595;[XTC357] Xtech - Cable Convertidor Mini Displayport-M a HDMI-M 1.8 Metros
060662;[XTC358] Xtech - Adaptador DisplayPort Macho a HDMI Hembra
061440;[XTC359] Xtech - Cable Displayport macho a Hdmi macho 3m
060886;[XTC360] Xtech - Adaptador Anfitrion Micro-Usb Macho a USB-A Hembra Calibre del Cable 28AWG [13.5 Cm]
060882;[XTC363] Xtech - Adaptador HDMI Macho a VGA Hembra
060680;[XTC365] Xtech - Cable USB 3.0 Macho A a Micro USB Macho B
060683;[XTC366] Xtech - Cable Trenzado USB 2.0 Macho A a Micro USB Macho B
060606;[XTC370] Xtech - Cable HDMI Macho Doble HD Goma Negro Admite hasta 3840x2160p [7.6 Metros]
060681;[XTC375] Xtech - Adaptador de Red USB 3.0 a RJ45
061130;[XTC376] Xtech - Adaptador de Red USB 3.0 a RJ45 28AWG
061137;[XTC377] Xtech - Cable Displayport Macho a Vga Macho
061091;[XTC378] Xtech - Adaptador de Display Por Macho a Hdmi Hembra
060607;[XTC380] Xtech - Cable HDMI Macho Doble HD Goma Negro Admite hasta 3840x2160p [15.2 Metros]
060887;[XTC390] Xtech - Concentrador de 4 Puertos USB 3.0
060608;[XTC406] Xtech - Cable HDMI Plano Macho Doble HD Goma Negro Admite hasta 3840x2160p [1.8 Metros]
060609;[XTC410] Xtech - Cable HDMI Plano Macho Doble HD Goma Negro Admite hasta 3840x2160p [3 Metros]
060884;[XTC425] Xtech - Cable HDMI Plano con conector Macho a Macho hasta 3840X2160P [7.62 Metros]
060679;[XTC511] Xtech - Cable Trenzado Tipo-C Macho a USB 2.0 A Macho
060672;[XTC515] Xtech - Adaptador Tipo-C Macho a USB 3.0 A Hembra
061085;[XTC526] Xtech - Adaptador con conector USB C macho a Micro-USB 2,0 Hembra hasta 480mb
061489;[XTC530] Xtech - Cable Tipo C Macho a Tipo C Macho [1.8 Metros]
061540;[XTC532] Xtech - Adaptador 2 en 1 USB-C a USB-C con Dongle USB-A 2.0 30Awg + 20 Awg
060673;[XTC540] Xtech - Adaptador USB Tipo-C Macho a HDMI Hembra
061093;[XTC541] Xtech - Adaptador USB tipo C Macho a Hdmi Hembra
061097;[XTC545] Xtech - Cable con Conector Usb Tipo C Macho a Hdmi Macho Hasta 3840x2160P
060676;[XTC551] Xtech - Adaptador Tipo-C Macho a VGA Hembra
060682;[XTC560] Xtech - Cable Multifuncional para Carga 5 en 1
060593;[XTC565] Xtech - Adaptador MultiPuerto USB Tipo C 3en1 USB Tipo C + HDMI + USB
060885;[XTC570] Xtech - Estuche Portatil Multifuncional para Almacenamiento con Cable tipo C a Tipo C
061347;[XTC580] Xtech - Lector de tarjetas 2 en 1 USB-C / USB 3.0 OTG para TF/SD y Micro SD
060610;[XTC606] Xtech - Cable HDMI Giratorio Macho Doble HD Goma Negro Admite hasta 3840x2160p [1.8 Metros]
061138;[XTC610] Xtech - Cable HDMI Giratorio Macho Doble
061099;[XTC626] Xtech - Cable trenzado HDMI Macho a Hdmi Macho Alta Velocidad 3840x2160P a 60H
060894;[XTG235BLACK] Xtech - Audifonos ON-THE-GO Internos con Microfono [Negro] Cable [1 Metro]
060897;[XTG235BLUE] Xtech - Audifonos ON-THE-GO Internos con Microfono [Azul] Cable [1 Metro]
060892;[XTG235GREEN] Xtech - Audifono ON-THE-GO Internos con Microfono [Verde] Cable [1 Metro]
060895;[XTG235ORANGE] Xtech - Audifonos ON-THE-GO Internos con Microfono [Naranja] Cable [1 Metro]
060896;[XTG235WHITE] Xtech - Audifonos ON-THE-GO Internos con Microfono [Blanco] Cable [1 Metro]
061483;[XTH-565] Xtech - Audifonos Morrighan Alámbricos Gaming stereo iluminación led TRS + USB con micrófono
060893;[XTH-613] Xtech - Audifonos Estereo con Microfono EURYTHMIC Inalambricos Bluetooth
061486;[XTH-614] Xtech - Audifonos Aurax Inalámbricos con Micrófono estereo Negro
061023;[XTH-650] Xtech - Audifonos Hera Inalambricos Estereo Con Micrófono/Bluetooh Morado
061487;[XTH-701] Xtech - Audifonos Airbuds Xound Inalámbricos Estereo TWS Negro
060889;[XTH235] Xtech - Audifono Alambrico USB para Conferencias
061030;[XTH240] Xtech - Audifonos Alambricos para Video Conferencia Con Micrófono
060890;[XTH345] Xtech - Audifono Spiral Estereo con Cable y Microfono
061022;[XTH355] Xtech - Audifonos Alambricos Para Niños Con Micrófono Rosado
061095;[XTH356] Xtech - Audifonos AVID Alambricos Para Niños con Microfono y Limitacion de Volumen
060891;[XTH500] Xtech - Audifono HDST Voracis Gaming WRD
061098;[XTK-092E] Xtech - Teclado Alambrico Usb Negro Ingles
061025;[XTK-092S] Xtech - Teclado Alambrico Estándar Español  Multimedia Negro
061090;[XTK-130] Xtech - Teclado Alambrico Multimedia 
061026;[XTK-160S] Xtech - Teclado Alambrico Multimedia Español Negro
061027;[XTK-301S] Xtech - Teclado y Mouse Alambrico Multimedia
061139;[XTK-309S] Xtech - Teclado y Mouse Inalambrico Multimedia
061484;[XTK-510S] Xtech - Teclado Armiger Multimedia Gaming
061485;[XTK-535S] Xtech - Combo Teclado y Mouse Alámbricos Gaming con Mouse pad
061089;[XTM-165] Xtech - Mouse OpticoAlambrico Negro
061028;[XTM-205] Xtech - Mouse Optico Alambrico 3D con 3 Botones Negro
060161;[XTM-300] Xtech - Mouse Inalambrico
060160;[XTM-310BK] Xtech - Mouse Inalambrico
061084;[XTM-810] Xtech - Mouse Optico Alambrico Gaming Stauros 6 botones USB con luz 
061141;[XTS-115BL] Xtech - Cornetas para laptop plegables hasta 17 pulgadas
061488;[XTS-115RD] Xtech - Cornetas Spekter Alámbrias estereo 2.0 Multimedia 6W USB 5V
061482;[XTS-131] Xtech - Cornetas Fireshot Alámbricas estereo 2.0 Multimedia con luz led 6W USB
061024;[XTS-680] Xtech - Micrófono gaming USB
061346;[XTS-690] Xtech - Micrófono Inalambrico de amp UHF con receptor cargable
061140;[XTW-720] Xtech - Webcam HD 720P Con micrófono [Negro]
021018;[XZ000-G3] TP-Link - Terminal Onu Bridge GPON 1 Puerto Gigabit
021350;[XZ000-G7] TP-Link - Terminal Onu Bridge GPON SFU + 1x 1G LAN
061414;[YB1063UP] Astra - Toma Corriente Protector de Sobretensiones 6 Salidas 5-15R 125V/1875W 2 USB 3.1A 1 USB Tipo C 5V
061415;[YB4062UPYD] Astra - Toma Corriente Protector de Sobretensiones con Sensor de Luz 6 Salidas 5-15R 125V/1875W 1 USB 2.4A 1 USB Tipo C 5V
061416;[YC305S3UP] Astra - Regleta Protector de Sobretensiones con Interruptor de Luz 5 Salidas 5-15R 125V/1875W 2 USB 3.1A 1 USB Tipo C 5V
061417;[YC308FS3UP] Astra - Regleta Protector de Sobretensiones con Interruptor de Luz 8 Salidas 5-15R 125V/1875W 2 USB 3.0A 1 USB Tipo C 5V
070711;[Z105/2-A] Igoto - Toma Corriente Doble con Tierra Serie Z [Acrilico]
070632;[Z105/2-B] Igoto - Toma Corriente Doble con Tierra Serie Z [Negro]
070863;[Z105/2-S] Igoto - Toma Corriente Doble con Tierra Serie Z [Plata]
070621;[Z105/2-W] Igoto - Toma Corriente Doble con Tierra Serie Z [Blanco]
070723;[Z105/2U-C-A] Igoto - Toma Corriente con Tierra + USB y Tipo C Serie Z [Acrilico]
070720;[Z105/2U-C-B] Igoto - Toma Corriente con Tierra + USB y Tipo C Serie Z [Negro]
070874;[Z105/2U-C-S] Igoto - Toma Corriente con Tierra + USB y Tipo C Serie Z [Plata]
070722;[Z105/2U-C-W] Igoto - Toma Corriente con Tierra + USB y Tipo C Serie Z [Blanco]
070712;[Z105U-A] Igoto - Toma Corriente con Tierra + 2 USB Serie Z [Acrilico]
070633;[Z105U-B] Igoto - Toma Corriente con Tierra + 2 USB Serie Z [Negro]
070869;[Z105U-S] Igoto - Toma Corriente con Tierra + 2 USB  Serie Z [Plata]
070622;[Z105U-W] Igoto - Toma Corriente con Tierra + 2 USB Serie Z [Blanco]
070638;[Z1200-B] Igoto - Tapa Ciega 4x2 Serie Z [Negro]
070873;[Z1200-S] Igoto - Tapa Ciega 4x2 Serie Z [Plata]
070627;[Z1200-W] Igoto - Tapa Ciega 4x2 Serie Z [Blanco]
060914;[Z207] Logitech - Sistema Cornetas 2.0 Altavoz estéreo 980-001294
060354;[Z213] Logitech - Cornetas Multimedia 2.1 Entrada 3.5mm 7W RMS 980-000941
070713;[Z302-A] Igoto - Toma para TV Serie Z [Acrilico]
070634;[Z302-B] Igoto - Toma para TV Serie Z [Negro]
070870;[Z302-S] Igoto - Toma para TV Serie Z [Plata]
070623;[Z302-W] Igoto - Toma para TV Serie Z [Blanco]
060355;[Z313] Logitech - Cornetas Multimedia 2.1 Entrada 3.5mm 50W RMS 980-000382
070710;[Z316-A] Igoto - Interruptor Simple + Toma Corriente Serie Z [Acrilico]
070631;[Z316-B] Igoto - Interruptor Simple + Toma Corriente Serie Z [Negro]
070868;[Z316-S] Igoto - Interruptor Simple + Toma Corriente Serie Z [Plata]
070620;[Z316-W] Igoto - Interruptor Simple + Toma Corriente Serie Z [Blanco]
060915;[Z323] Logitech - Sistema de altavoces de Escritorio Logitech 30W 2.1 canales 980-000354
060356;[Z337] Logitech - Cornetas Multimedia 2.1 Entradas RCA/3.5mm/Bluetooth 40W RMS 980-001260
070714;[Z402-A] Igoto - Toma Telefonica Serie Z [Acrilico]
070635;[Z402-B] Igoto - Toma Telefonica Serie Z [Negro]
070871;[Z402-S] Igoto - Toma Telefonica Serie Z [Plata]
070624;[Z402-W] Igoto - Toma Telefonica Serie Z [Blanco]
060445;[Z407] Logitech - Cornetas Multimedia 2.1 Entradas MicroUSB/3.5mm/Bluetooth 40W RMS 980-001347
070715;[Z408-A] Igoto - Toma de Red RJ45 Serie Z [Acrilico]
070636;[Z408-B] Igoto - Toma de Red RJ45 Serie Z [Negro]
070872;[Z408-S] Igoto - Toma de Red RJ45 Serie Z [Plata]
070625;[Z408-W] Igoto - Toma de Red RJ45 Serie Z [Blanco]
070707;[Z512-A] Igoto - Interruptor Simple Largo Serie Z [Acrilico]
070628;[Z512-B] Igoto - Interruptor Simple Largo Serie Z [Negro]
070864;[Z512-S] Igoto - Interruptor Simple Largo Serie Z [Plata]
070617;[Z512-W] Igoto - Interruptor Simple Largo Serie Z [Blanco]
070708;[Z514-A] Igoto - Interruptor Doble Largo Serie Z [Acrilico]
070629;[Z514-B] Igoto - Interruptor Doble Largo Serie Z [Negro]
070865;[Z514-S] Igoto - Interruptor Doble Largo Serie Z [Plata]
070618;[Z514-W] Igoto - Interruptor Doble Largo Serie Z [Blanco]
070709;[Z516-A] Igoto - Interruptor Triple Serie Z [Acrilico]
070630;[Z516-B] Igoto - Interruptor Triple Serie Z [Negro]
070866;[Z516-S] Igoto - Interruptor Triple Serie Z [Plata]
070619;[Z516-W] Igoto - Interruptor Triple Serie Z [Blanco]
070716;[Z590-A] Igoto - Interruptor Timbre Serie Z [Acrilico]
070637;[Z590-B] Igoto - Interruptor Timbre Serie Z [Negro]
070867;[Z590-S] Igoto - Interruptor Timbre Serie Z [Plata]
070626;[Z590-W] Igoto - Interruptor Timbre Serie Z [Blanco]
060357;[Z607] Logitech - Cornetas Multimedia 5.1 Entradas RCA/Bluetooth 80W RMS 980-001315
060614;[Z625] Logitech - Cornetas Multimedia 2.1 Entradas RCA/3.5mm/Optico 200W RMS 980-001258
020926;[Z6A-S01B] Siemon - Jack Coupler Z-MAX Cat6A Blindado Montaje híbrido en Placa de Pared [Plano y Angulado] Color Negro
020962;[Z6A-S02B] Siemon - Jack Coupler Z-MAX Cat6A Blindado Montaje Híbrido en Placa de Pared [Plano y Angulado] Color Blanco
060502;[Z906] Logitech - Cornetas Multimedia 5.1 Entradas RCA/3.5mm/Coaxial/Optico 500W RMS 980-000467
021584;[cAPGi-5HaxD2HaxD] Mikrotik - (cAP ax) Punto de Acceso 802.3ax WiFi6 Antena de 6 dBi
011089;[iDS-2CD7186G2-IZHSY(2.8-12mm)(O-STD)] Hikvision - Cámara Domo IP [8Mp]  DARKFIGHTER IK10 30 mts IR Conteo Facial Detección Facial Interior PoE Micrófono [Lente Mot. 2.8 a 12 mm]
010576;[iDS-2CD7546G0-IZHS(2.8-12mm)] Hikvision - Cámara HD Domo IP 2K [4MP] Lente Varifocal Motorizado Conteo de Personas [Metal/Plástico]
010577;[iDS-2CD7A46G0/P-IZHS(2.8-12mm)] Hikvision - Cámara HD Bullet IP 2K [4MP] Lente Varifocal Motorizado ANPR Reconocimiento y Captura Vehícular [Metalico]
011087;[iDS-2CD7A46G0/P-IZHSY(2.8-12mm)(C)(O-STD)] Hikvision - Cámara Bullet IP [4Mp] ANPR Reconocimiento y Captura de Placas Vehiculares IP67 IK10 50 mts IR EXIR [Lente Mot. 2.8 a 12 mm]
011142;[iDS-2CD7A46G2/V-XZHSY] Hikvision - Cámara IP Bullet [4Mp] Lente 60 mts IR DeepinView IP67 IK10 H.265+ Captura Facial Motorizado 2.8mm-12mm
010578;[iDS-2CD7A86G0-IZHS(2.8-12mm)] Hikvision - [DeepinView] Cámara HD Bullet IP 4K [8MP] Lente Varifocal Motorizado [Metalico]
011143;[iDS-2CD7A86G2/V-XZHSY] Hikvision - [DeepinViewX] Cámara HD Bullet IP 4K [8MP] Lente Varifocal Motorizado [Metalico]
010891;[iDS-7104HQHI-M1/S(STD)(E)] Hikvision - DVR Hikvision 2K [4MP] Pentahibrido AcuSense 4 Canales TurboHD + 2 Canales IP
010417;[iDS-7104HQHI-M1/S] Hikvision - DVR Hikvision 2K [4MP] Pentahibrido AcuSense 4 Canales TurboHD + 2 Canales IP
010892;[iDS-7108HQHI-M1/S(STD)(E)] Hikvision - DVR 1080P [2MP] Pentahibrido 8 Canales TurboHD + 2 Canales IP Acusense
010580;[iDS-7108HQHI-M1/S] Hikvision - DVR 1080P [2MP] Pentahibrido 8 Canales TurboHD + 2 Canales IP Acusense
010662;[iDS-7108HUHI-M1/S] Hikvision - DVR 4K [8MP] Pentahibrido AcuSense 8 Canales TurboHD + 4 Canales IP
010062;[iDS-7116HQHI-M1/S(STD)(E)] Hikvision - DVR 3K [5MP] Pentahibrido AcuSense 16 Canales TurboHD + 2 Canales IP
010340;[iDS-7116HQHI-M1/S] Hikvision - DVR 3K [5MP] Pentahibrido AcuSense 16 Canales TurboHD + 2 Canales IP
010342;[iDS-7204HQHI-M1/FA] Hikvision - DVR 2K [4MP] Pentahibrido AcuSense 4 Canales TurboHD + 2 Canales IP
010225;[iDS-7204HQHI-M1/S] Hikvision - DVR 2K [4MP] Pentahibrido AcuSense 4 Canales TurboHD + 1 Canales IP
010581;[iDS-7204HUHI-M1/S4A+4/1ALM] Hikvision - DVR 4K [8MP] Pentahibrido AcuSense 4 Canales TurboHD + 4 Canales IP
010269;[iDS-7204HUHI-M1/S] Hikvision - DVR 4K [8MP] Pentahibrido AcuSense 4 Canales TurboHD + 4 Canales IP
010633;[iDS-7208HQHI-M1/S] Hikvision - DVR [4MP] Pentahibrido AcuSense 8 Canales TurboHD + 4 Canales IP
010806;[iDS-7208HQHI-M1/XT] Hikvision - DVR [3K] Pentahibrido AcuSense 8 Canales TurboHD + 4 Canales IP
010582;[iDS-7208HUHI-M1/S/4A+8/4ALM] Hikvision - DVR 4K [8MP] Pentahibrido AcuSense 8 Canales TurboHD + 8 Canales IP
011042;[iDS-7208HUHI-M1/XT/4A+8/4ALM] Hikvision - DVR [5MP] Pentahibrido AcuSense 8 Canales TurboHD + 8 Canales IP
010343;[iDS-7216HQHI-M1/FA] Hikvision - DVR 2K [4MP] Pentahibrido AcuSense 16 Canales TurboHD + 8 Canales IP
010193;[iDS-7216HQHI-M1/S] Hikvision - DVR 2K [4MP] Pentahibrido AcuSense 16 Canales TurboHD + 8 Canales IP
010928;[iDS-7216HQHI-M1/XT] Hikvision - DVR 2K [5MP] Lite 3K Lite Pentahibrido AcuSense 16 Canales TurboHD + 8 Canales IP Audio de Dos Vías por Coaxitron Reconocimiento Facial
010194;[iDS-7216HQHI-M2/S(STD)(C)] Hikvision - DVR 2K [4MP] Pentahibrido AcuSense 16 Canales TurboHD + 8 Canales IP
010807;[iDS-7216HQHI-M2/XT] Hikvision - DVR [3K] Pentahibrido AcuSense 16 Canales TurboHD + 4 Canales IP
010463;[iDS-7216HUHI-M2/S/4A+16/4ALM] Hikvision - DVR 4K Pentahibrido AcuSense 16 Canales TurboHD + 16 Canales IP
010929;[iDS-7216HUHI-M2/XT] Hikvision - DVR 4K [8MP] 4K 16 Canales TurboHD + 16 Canales IP Audio Bidireccional Acusense Reconocimiento Facial
010344;[iDS-7232HQHI-M2/S] Hikvision - DVR 2K [4MP] Pentahibrido AcuSense 32 Canales TurboHD + 2 Canales IP
010867;[iDS-7232HQHI-M2/XT] Hikvision - DVR 3K [5MP] 32 Canales Turbo HD + 8 Canales IP
010583;[iDS-7332HUHI-M4/S] Hikvision - DVR 4K Pentahibrido AcuSense 32 Canales TurboHD + 32 Canales IP
010911;[iDS-7616NXI-M2/16P/X(STD)] Hikvision - NVR 8K [32MP] 16 Canales IP 16 Puertos POE+ Salida de vídeo 8K AcuSense Deepin Mind
010835;[iDS-7732NXI-M4/X] Hikvision - NVR [32Mp] (8K) Reconocimiento Facial (Base de Datos) 32 Canales IP 4 Bahías de Disco Duro HDMI en 8K Acusense Soporta POS AcuSearch
011144;[iDS-TCM403-GIR/POE/0832] Hikvision - Cámara IP [4Mp] ANPR Radar Interconstruido Medición de 5 a 120 Km/h Reconocimiento y Captura de Placas Vehiculares para Trafico de Alta Velocidad DARKFIGHTER IP67
011145;[iDS-TCM441-FIR] Hikvision - Cámara IP [4Mp] ANPR Radar Interconstruido Medición de 10 a 100 Km/h Reconocimiento y Captura de Placas Vehiculares para Trafico de Alta Velocidad DARKFIGHTER IP67
020526;[iUAP-AC-LITE] IP-COM - Punto de Acceso de Montaje en Techo Inalambrico Gigabit Doble Banda
020527;[iUAP-AC-LR] IP-COM - Punto de Acceso de Montaje en Techo Inalambrico Gigabit Doble Banda
020528;[iUAP-AC-M] IP-COM - Punto de Acceso Inalambrico Doble Banda de Exterior/Interior
090205;[pStor-Picture Storage-Base] Hikvision - Licencia de Software para el Servidor de Almacenamiento de Imágenes
090206;[pStor-Video Storage-Base/1Ch] Hikvision - Módulo de Servidor de Almacenamiento de Vídeo pStor para 1 Canal de Almacenamiento de Vídeo
021582;[wAPG-5HaxD2HaxD] Mikrotik - (wAP ax) Punto de Acceso WiFi 6 Doble Ba,nda 802.11ax
